Graph,Instance,Family,h,k,Repeat,Position,Method,V,E,Delta,Diameter,Limit,Status,Termination,Span,LB,Wall_Time,Peak_RSS_MB,Memory_Scope,Variables,Constraints,Model_Span,Count_Scope,Decisions,Conflicts,Stats_Complete,Error
tree_20_seed0__h1_k1__r0__cadical,tree_20_seed0,tree,1,1,0,0,cadical,20,19,3,11,30.0,OPT,RETURNED,3,3,0.6864230759993006,34.30859375,worker_high_water,60,208,3,last_sat_witness,0,0,True,
tree_20_seed0__h1_k1__r0__gurobi,tree_20_seed0,tree,1,1,0,1,gurobi,20,19,3,11,30.0,OPT,RETURNED,3,3,0.5373801270006879,43.765625,worker_high_water,101,250,4,assignment_at_greedy_UB,,,False,
tree_20_seed0__h1_k1__r1__gurobi,tree_20_seed0,tree,1,1,1,0,gurobi,20,19,3,11,30.0,OPT,RETURNED,3,3,0.5674054860000979,43.6640625,worker_high_water,101,250,4,assignment_at_greedy_UB,,,False,
tree_20_seed0__h1_k1__r1__cadical,tree_20_seed0,tree,1,1,1,1,cadical,20,19,3,11,30.0,OPT,RETURNED,3,3,0.3853369300004488,34.62109375,worker_high_water,60,208,3,last_sat_witness,0,0,True,
tree_20_seed0__h1_k1__r2__cadical,tree_20_seed0,tree,1,1,2,0,cadical,20,19,3,11,30.0,OPT,RETURNED,3,3,0.4330922389999614,34.33984375,worker_high_water,60,208,3,last_sat_witness,0,0,True,
tree_20_seed0__h1_k1__r2__gurobi,tree_20_seed0,tree,1,1,2,1,gurobi,20,19,3,11,30.0,OPT,RETURNED,3,3,0.6090736959995411,43.6328125,worker_high_water,101,250,4,assignment_at_greedy_UB,,,False,
tree_20_seed0__h2_k1__r0__cadical,tree_20_seed0,tree,2,1,0,0,cadical,20,19,3,11,30.0,OPT,RETURNED,5,5,0.40393629699974554,34.59375,worker_high_water,100,522,5,last_sat_witness,56,48,True,
tree_20_seed0__h2_k1__r0__gurobi,tree_20_seed0,tree,2,1,0,1,gurobi,20,19,3,11,30.0,OPT,RETURNED,5,5,0.731395629999497,44.05078125,worker_high_water,141,562,6,assignment_at_greedy_UB,,,False,
tree_20_seed0__h2_k1__r1__gurobi,tree_20_seed0,tree,2,1,1,0,gurobi,20,19,3,11,30.0,OPT,RETURNED,5,5,0.6173203360003754,44.03515625,worker_high_water,141,562,6,assignment_at_greedy_UB,,,False,
tree_20_seed0__h2_k1__r1__cadical,tree_20_seed0,tree,2,1,1,1,cadical,20,19,3,11,30.0,OPT,RETURNED,5,5,0.48897248299999774,34.7890625,worker_high_water,100,522,5,last_sat_witness,56,48,True,
tree_20_seed0__h2_k1__r2__cadical,tree_20_seed0,tree,2,1,2,0,cadical,20,19,3,11,30.0,OPT,RETURNED,5,5,0.41405937900071876,35.12890625,worker_high_water,100,522,5,last_sat_witness,56,48,True,
tree_20_seed0__h2_k1__r2__gurobi,tree_20_seed0,tree,2,1,2,1,gurobi,20,19,3,11,30.0,OPT,RETURNED,5,5,0.5535985410006106,43.9765625,worker_high_water,141,562,6,assignment_at_greedy_UB,,,False,
tree_20_seed0__h3_k2__r0__cadical,tree_20_seed0,tree,3,2,0,0,cadical,20,19,3,11,30.0,OPT,RETURNED,8,8,0.45005763700009993,35.81640625,worker_high_water,160,1456,8,last_sat_witness,267,172,True,
tree_20_seed0__h3_k2__r0__gurobi,tree_20_seed0,tree,3,2,0,1,gurobi,20,19,3,11,30.0,OPT,RETURNED,8,8,0.601954415000364,46.08203125,worker_high_water,221,1684,10,assignment_at_greedy_UB,,,False,
tree_20_seed0__h3_k2__r1__gurobi,tree_20_seed0,tree,3,2,1,0,gurobi,20,19,3,11,30.0,OPT,RETURNED,8,8,0.6072814550007024,45.75390625,worker_high_water,221,1684,10,assignment_at_greedy_UB,,,False,
tree_20_seed0__h3_k2__r1__cadical,tree_20_seed0,tree,3,2,1,1,cadical,20,19,3,11,30.0,OPT,RETURNED,8,8,0.4442462789993442,35.90234375,worker_high_water,160,1456,8,last_sat_witness,267,172,True,
tree_20_seed0__h3_k2__r2__cadical,tree_20_seed0,tree,3,2,2,0,cadical,20,19,3,11,30.0,OPT,RETURNED,8,8,0.3912131750003027,35.77734375,worker_high_water,160,1456,8,last_sat_witness,267,172,True,
tree_20_seed0__h3_k2__r2__gurobi,tree_20_seed0,tree,3,2,2,1,gurobi,20,19,3,11,30.0,OPT,RETURNED,8,8,0.6568057889999181,45.7578125,worker_high_water,221,1684,10,assignment_at_greedy_UB,,,False,
tree_20_seed1__h1_k1__r0__gurobi,tree_20_seed1,tree,1,1,0,0,gurobi,20,19,4,9,30.0,OPT,RETURNED,4,4,0.4820319719992767,42.3359375,worker_high_water,101,260,4,assignment_at_greedy_UB,,,False,
tree_20_seed1__h1_k1__r0__cadical,tree_20_seed1,tree,1,1,0,1,cadical,20,19,4,9,30.0,OPT,RETURNED,4,4,0.36702343899924017,33.75390625,worker_high_water,,,,last_sat_witness,0,0,True,
tree_20_seed1__h1_k1__r1__cadical,tree_20_seed1,tree,1,1,1,0,cadical,20,19,4,9,30.0,OPT,RETURNED,4,4,0.35697033399992506,33.96875,worker_high_water,,,,last_sat_witness,0,0,True,
tree_20_seed1__h1_k1__r1__gurobi,tree_20_seed1,tree,1,1,1,1,gurobi,20,19,4,9,30.0,OPT,RETURNED,4,4,0.41955648200018913,42.67578125,worker_high_water,101,260,4,assignment_at_greedy_UB,,,False,
tree_20_seed1__h1_k1__r2__gurobi,tree_20_seed1,tree,1,1,2,0,gurobi,20,19,4,9,30.0,OPT,RETURNED,4,4,0.4224075929996616,42.4140625,worker_high_water,101,260,4,assignment_at_greedy_UB,,,False,
tree_20_seed1__h1_k1__r2__cadical,tree_20_seed1,tree,1,1,2,1,cadical,20,19,4,9,30.0,OPT,RETURNED,4,4,0.3611736689999816,33.734375,worker_high_water,,,,last_sat_witness,0,0,True,
tree_20_seed1__h2_k1__r0__gurobi,tree_20_seed1,tree,2,1,0,0,gurobi,20,19,4,9,30.0,OPT,RETURNED,5,5,0.44631844499963336,44.03515625,worker_high_water,141,576,6,assignment_at_greedy_UB,,,False,
tree_20_seed1__h2_k1__r0__cadical,tree_20_seed1,tree,2,1,0,1,cadical,20,19,4,9,30.0,OPT,RETURNED,5,5,0.373118825000347,34.6015625,worker_high_water,100,534,5,last_sat_witness,51,13,True,
tree_20_seed1__h2_k1__r1__cadical,tree_20_seed1,tree,2,1,1,0,cadical,20,19,4,9,30.0,OPT,RETURNED,5,5,0.37213047400018695,35.03125,worker_high_water,100,534,5,last_sat_witness,51,13,True,
tree_20_seed1__h2_k1__r1__gurobi,tree_20_seed1,tree,2,1,1,1,gurobi,20,19,4,9,30.0,OPT,RETURNED,5,5,0.4498149490000287,44.12890625,worker_high_water,141,576,6,assignment_at_greedy_UB,,,False,
tree_20_seed1__h2_k1__r2__gurobi,tree_20_seed1,tree,2,1,2,0,gurobi,20,19,4,9,30.0,OPT,RETURNED,5,5,0.5240457320005589,44.203125,worker_high_water,141,576,6,assignment_at_greedy_UB,,,False,
tree_20_seed1__h2_k1__r2__cadical,tree_20_seed1,tree,2,1,2,1,cadical,20,19,4,9,30.0,OPT,RETURNED,5,5,0.5257243810001455,34.6640625,worker_high_water,100,534,5,last_sat_witness,51,13,True,
tree_20_seed1__h3_k2__r0__gurobi,tree_20_seed1,tree,3,2,0,0,gurobi,20,19,4,9,30.0,OPT,RETURNED,9,9,0.807904500999939,45.91796875,worker_high_water,241,1916,11,assignment_at_greedy_UB,,,False,
tree_20_seed1__h3_k2__r0__cadical,tree_20_seed1,tree,3,2,0,1,cadical,20,19,4,9,30.0,OPT,RETURNED,9,9,0.5020995570002924,36.33984375,worker_high_water,180,1696,9,last_sat_witness,292,88,True,
tree_20_seed1__h3_k2__r1__cadical,tree_20_seed1,tree,3,2,1,0,cadical,20,19,4,9,30.0,OPT,RETURNED,9,9,0.4255800199998703,36.9140625,worker_high_water,180,1696,9,last_sat_witness,292,88,True,
tree_20_seed1__h3_k2__r1__gurobi,tree_20_seed1,tree,3,2,1,1,gurobi,20,19,4,9,30.0,OPT,RETURNED,9,9,0.5273810220005544,45.8671875,worker_high_water,241,1916,11,assignment_at_greedy_UB,,,False,
tree_20_seed1__h3_k2__r2__gurobi,tree_20_seed1,tree,3,2,2,0,gurobi,20,19,4,9,30.0,OPT,RETURNED,9,9,0.48584783600017545,45.90625,worker_high_water,241,1916,11,assignment_at_greedy_UB,,,False,
tree_20_seed1__h3_k2__r2__cadical,tree_20_seed1,tree,3,2,2,1,cadical,20,19,4,9,30.0,OPT,RETURNED,9,9,0.3817268310003783,36.45703125,worker_high_water,180,1696,9,last_sat_witness,292,88,True,
tree_20_seed2__h1_k1__r0__cadical,tree_20_seed2,tree,1,1,0,0,cadical,20,19,3,12,30.0,OPT,RETURNED,3,3,0.45341629199992894,34.33203125,worker_high_water,60,208,3,last_sat_witness,0,0,True,
tree_20_seed2__h1_k1__r0__gurobi,tree_20_seed2,tree,1,1,0,1,gurobi,20,19,3,12,30.0,OPT,RETURNED,3,3,0.5473401270000977,43.8046875,worker_high_water,101,250,4,assignment_at_greedy_UB,,,False,
tree_20_seed2__h1_k1__r1__gurobi,tree_20_seed2,tree,1,1,1,0,gurobi,20,19,3,12,30.0,OPT,RETURNED,3,3,0.5913091289994554,43.87890625,worker_high_water,101,250,4,assignment_at_greedy_UB,,,False,
tree_20_seed2__h1_k1__r1__cadical,tree_20_seed2,tree,1,1,1,1,cadical,20,19,3,12,30.0,OPT,RETURNED,3,3,0.6521029430005001,34.265625,worker_high_water,60,208,3,last_sat_witness,0,0,True,
tree_20_seed2__h1_k1__r2__cadical,tree_20_seed2,tree,1,1,2,0,cadical,20,19,3,12,30.0,OPT,RETURNED,3,3,0.7964812349991917,34.40234375,worker_high_water,60,208,3,last_sat_witness,0,0,True,
tree_20_seed2__h1_k1__r2__gurobi,tree_20_seed2,tree,1,1,2,1,gurobi,20,19,3,12,30.0,OPT,RETURNED,3,3,0.5380190730002141,43.83203125,worker_high_water,101,250,4,assignment_at_greedy_UB,,,False,
tree_20_seed2__h2_k1__r0__cadical,tree_20_seed2,tree,2,1,0,0,cadical,20,19,3,12,30.0,OPT,RETURNED,4,4,0.4735426839997672,34.71484375,worker_high_water,80,422,4,last_sat_witness,26,9,True,
tree_20_seed2__h2_k1__r0__gurobi,tree_20_seed2,tree,2,1,0,1,gurobi,20,19,3,12,30.0,OPT,RETURNED,4,4,0.734907600999577,44.15234375,worker_high_water,141,562,6,assignment_at_greedy_UB,,,False,
tree_20_seed2__h2_k1__r1__gurobi,tree_20_seed2,tree,2,1,1,0,gurobi,20,19,3,12,30.0,OPT,RETURNED,4,4,0.5357612269999663,44.2734375,worker_high_water,141,562,6,assignment_at_greedy_UB,,,False,
tree_20_seed2__h2_k1__r1__cadical,tree_20_seed2,tree,2,1,1,1,cadical,20,19,3,12,30.0,OPT,RETURNED,4,4,0.42157866500019736,34.765625,worker_high_water,80,422,4,last_sat_witness,26,9,True,
tree_20_seed2__h2_k1__r2__cadical,tree_20_seed2,tree,2,1,2,0,cadical,20,19,3,12,30.0,OPT,RETURNED,4,4,0.535127000999637,34.79296875,worker_high_water,80,422,4,last_sat_witness,26,9,True,
tree_20_seed2__h2_k1__r2__gurobi,tree_20_seed2,tree,2,1,2,1,gurobi,20,19,3,12,30.0,OPT,RETURNED,4,4,0.5261656379998385,44.21875,worker_high_water,141,562,6,assignment_at_greedy_UB,,,False,
tree_20_seed2__h3_k2__r0__cadical,tree_20_seed2,tree,3,2,0,0,cadical,20,19,3,12,30.0,OPT,RETURNED,8,8,0.47720641600062663,35.78125,worker_high_water,160,1456,8,last_sat_witness,215,118,True,
tree_20_seed2__h3_k2__r0__gurobi,tree_20_seed2,tree,3,2,0,1,gurobi,20,19,3,12,30.0,OPT,RETURNED,8,8,0.8166667739997138,45.96875,worker_high_water,221,1684,10,assignment_at_greedy_UB,,,False,
tree_20_seed2__h3_k2__r1__gurobi,tree_20_seed2,tree,3,2,1,0,gurobi,20,19,3,12,30.0,OPT,RETURNED,8,8,0.610142659000303,46.28125,worker_high_water,221,1684,10,assignment_at_greedy_UB,,,False,
tree_20_seed2__h3_k2__r1__cadical,tree_20_seed2,tree,3,2,1,1,cadical,20,19,3,12,30.0,OPT,RETURNED,8,8,0.430299109999396,35.96484375,worker_high_water,160,1456,8,last_sat_witness,215,118,True,
tree_20_seed2__h3_k2__r2__cadical,tree_20_seed2,tree,3,2,2,0,cadical,20,19,3,12,30.0,OPT,RETURNED,8,8,0.3805551670002387,35.88671875,worker_high_water,160,1456,8,last_sat_witness,215,118,True,
tree_20_seed2__h3_k2__r2__gurobi,tree_20_seed2,tree,3,2,2,1,gurobi,20,19,3,12,30.0,OPT,RETURNED,8,8,0.5445577200007392,45.984375,worker_high_water,221,1684,10,assignment_at_greedy_UB,,,False,
tree_40_seed0__h1_k1__r0__gurobi,tree_40_seed0,tree,1,1,0,0,gurobi,40,39,4,17,30.0,OPT,RETURNED,4,4,0.4477637069994671,44.52734375,worker_high_water,241,626,5,assignment_at_greedy_UB,,,False,
tree_40_seed0__h1_k1__r0__cadical,tree_40_seed0,tree,1,1,0,1,cadical,40,39,4,17,30.0,OPT,RETURNED,4,4,0.6054615469993223,34.69921875,worker_high_water,160,575,4,last_sat_witness,0,0,True,
tree_40_seed0__h1_k1__r1__cadical,tree_40_seed0,tree,1,1,1,0,cadical,40,39,4,17,30.0,OPT,RETURNED,4,4,0.41950481599997147,34.796875,worker_high_water,160,575,4,last_sat_witness,0,0,True,
tree_40_seed0__h1_k1__r1__gurobi,tree_40_seed0,tree,1,1,1,1,gurobi,40,39,4,17,30.0,OPT,RETURNED,4,4,0.47213190799993754,44.3671875,worker_high_water,241,626,5,assignment_at_greedy_UB,,,False,
tree_40_seed0__h1_k1__r2__gurobi,tree_40_seed0,tree,1,1,2,0,gurobi,40,39,4,17,30.0,OPT,RETURNED,4,4,0.6470713520002391,44.625,worker_high_water,241,626,5,assignment_at_greedy_UB,,,False,
tree_40_seed0__h1_k1__r2__cadical,tree_40_seed0,tree,1,1,2,1,cadical,40,39,4,17,30.0,OPT,RETURNED,4,4,0.4256672379997326,34.73828125,worker_high_water,160,575,4,last_sat_witness,0,0,True,
tree_40_seed0__h2_k1__r0__gurobi,tree_40_seed0,tree,2,1,0,0,gurobi,40,39,4,17,30.0,OPT,RETURNED,5,5,0.4863008849997641,45.21484375,worker_high_water,281,1185,6,assignment_at_greedy_UB,,,False,
tree_40_seed0__h2_k1__r0__cadical,tree_40_seed0,tree,2,1,0,1,cadical,40,39,4,17,30.0,OPT,RETURNED,5,5,0.48069635499996366,35.3984375,worker_high_water,200,1096,5,last_sat_witness,92,8,True,
tree_40_seed0__h2_k1__r1__cadical,tree_40_seed0,tree,2,1,1,0,cadical,40,39,4,17,30.0,OPT,RETURNED,5,5,0.5166724720002094,35.2265625,worker_high_water,200,1096,5,last_sat_witness,92,8,True,
tree_40_seed0__h2_k1__r1__gurobi,tree_40_seed0,tree,2,1,1,1,gurobi,40,39,4,17,30.0,OPT,RETURNED,5,5,0.6274444420005238,45.25,worker_high_water,281,1185,6,assignment_at_greedy_UB,,,False,
tree_40_seed0__h2_k1__r2__gurobi,tree_40_seed0,tree,2,1,2,0,gurobi,40,39,4,17,30.0,OPT,RETURNED,5,5,0.4849739569999656,45.28515625,worker_high_water,281,1185,6,assignment_at_greedy_UB,,,False,
tree_40_seed0__h2_k1__r2__cadical,tree_40_seed0,tree,2,1,2,1,cadical,40,39,4,17,30.0,OPT,RETURNED,5,5,0.37902142299935804,35.3984375,worker_high_water,200,1096,5,last_sat_witness,92,8,True,
tree_40_seed0__h3_k2__r0__gurobi,tree_40_seed0,tree,3,2,0,0,gurobi,40,39,4,17,30.0,OPT,RETURNED,9,9,0.7160110949998852,50.7578125,worker_high_water,561,4656,13,assignment_at_greedy_UB,,,False,
tree_40_seed0__h3_k2__r0__cadical,tree_40_seed0,tree,3,2,0,1,cadical,40,39,4,17,30.0,OPT,RETURNED,9,9,0.4508377720003409,40.37109375,worker_high_water,360,3492,9,last_sat_witness,423,32,True,
tree_40_seed0__h3_k2__r1__cadical,tree_40_seed0,tree,3,2,1,0,cadical,40,39,4,17,30.0,OPT,RETURNED,9,9,0.6929452589993161,40.0234375,worker_high_water,360,3492,9,last_sat_witness,423,32,True,
tree_40_seed0__h3_k2__r1__gurobi,tree_40_seed0,tree,3,2,1,1,gurobi,40,39,4,17,30.0,OPT,RETURNED,9,9,0.819854860000305,50.7265625,worker_high_water,561,4656,13,assignment_at_greedy_UB,,,False,
tree_40_seed0__h3_k2__r2__gurobi,tree_40_seed0,tree,3,2,2,0,gurobi,40,39,4,17,30.0,OPT,RETURNED,9,9,0.8334277519998068,50.5546875,worker_high_water,561,4656,13,assignment_at_greedy_UB,,,False,
tree_40_seed0__h3_k2__r2__cadical,tree_40_seed0,tree,3,2,2,1,cadical,40,39,4,17,30.0,OPT,RETURNED,9,9,0.532156128000679,40.30859375,worker_high_water,360,3492,9,last_sat_witness,423,32,True,
tree_40_seed1__h1_k1__r0__cadical,tree_40_seed1,tree,1,1,0,0,cadical,40,39,6,14,30.0,OPT,RETURNED,6,6,2.576563052999518,33.7734375,worker_high_water,,,,last_sat_witness,0,0,True,
tree_40_seed1__h1_k1__r0__gurobi,tree_40_seed1,tree,1,1,0,1,gurobi,40,39,6,14,30.0,OPT,RETURNED,6,6,0.7164976089998163,43.078125,worker_high_water,281,801,6,assignment_at_greedy_UB,,,False,
tree_40_seed1__h1_k1__r1__gurobi,tree_40_seed1,tree,1,1,1,0,gurobi,40,39,6,14,30.0,OPT,RETURNED,6,6,0.5303652209995562,42.99609375,worker_high_water,281,801,6,assignment_at_greedy_UB,,,False,
tree_40_seed1__h1_k1__r1__cadical,tree_40_seed1,tree,1,1,1,1,cadical,40,39,6,14,30.0,OPT,RETURNED,6,6,0.4893814540000676,33.9765625,worker_high_water,,,,last_sat_witness,0,0,True,
tree_40_seed1__h1_k1__r2__cadical,tree_40_seed1,tree,1,1,2,0,cadical,40,39,6,14,30.0,OPT,RETURNED,6,6,0.3953710800005865,33.83984375,worker_high_water,,,,last_sat_witness,0,0,True,
tree_40_seed1__h1_k1__r2__gurobi,tree_40_seed1,tree,1,1,2,1,gurobi,40,39,6,14,30.0,OPT,RETURNED,6,6,0.5359805569996752,43.04296875,worker_high_water,281,801,6,assignment_at_greedy_UB,,,False,
tree_40_seed1__h2_k1__r0__cadical,tree_40_seed1,tree,2,1,0,0,cadical,40,39,6,14,30.0,OPT,RETURNED,7,7,0.44751342099971225,35.87109375,worker_high_water,280,1610,7,last_sat_witness,0,0,True,
tree_40_seed1__h2_k1__r0__gurobi,tree_40_seed1,tree,2,1,0,1,gurobi,40,39,6,14,30.0,OPT,RETURNED,7,7,0.5655993970003692,45.6953125,worker_high_water,361,1631,8,assignment_at_greedy_UB,,,False,
tree_40_seed1__h2_k1__r1__gurobi,tree_40_seed1,tree,2,1,1,0,gurobi,40,39,6,14,30.0,OPT,RETURNED,7,7,0.5628007959994648,45.96875,worker_high_water,361,1631,8,assignment_at_greedy_UB,,,False,
tree_40_seed1__h2_k1__r1__cadical,tree_40_seed1,tree,2,1,1,1,cadical,40,39,6,14,30.0,OPT,RETURNED,7,7,0.4368558940004732,35.75390625,worker_high_water,280,1610,7,last_sat_witness,0,0,True,
tree_40_seed1__h2_k1__r2__cadical,tree_40_seed1,tree,2,1,2,0,cadical,40,39,6,14,30.0,OPT,RETURNED,7,7,0.37248237099993275,35.76171875,worker_high_water,280,1610,7,last_sat_witness,0,0,True,
tree_40_seed1__h2_k1__r2__gurobi,tree_40_seed1,tree,2,1,2,1,gurobi,40,39,6,14,30.0,OPT,RETURNED,7,7,0.602094574000148,45.7109375,worker_high_water,361,1631,8,assignment_at_greedy_UB,,,False,
tree_40_seed1__h3_k2__r0__cadical,tree_40_seed1,tree,3,2,0,0,cadical,40,39,6,14,30.0,OPT,RETURNED,13,13,0.3569667659994593,33.828125,worker_high_water,,,,last_sat_witness,0,0,True,
tree_40_seed1__h3_k2__r0__gurobi,tree_40_seed1,tree,3,2,0,1,gurobi,40,39,6,14,30.0,OPT,RETURNED,13,13,0.6089971729998069,46.1640625,worker_high_water,561,5136,13,assignment_at_greedy_UB,,,False,
tree_40_seed1__h3_k2__r1__gurobi,tree_40_seed1,tree,3,2,1,0,gurobi,40,39,6,14,30.0,OPT,RETURNED,13,13,0.9025029149997863,46.6171875,worker_high_water,561,5136,13,assignment_at_greedy_UB,,,False,
tree_40_seed1__h3_k2__r1__cadical,tree_40_seed1,tree,3,2,1,1,cadical,40,39,6,14,30.0,OPT,RETURNED,13,13,0.37238020500080893,33.7890625,worker_high_water,,,,last_sat_witness,0,0,True,
tree_40_seed1__h3_k2__r2__cadical,tree_40_seed1,tree,3,2,2,0,cadical,40,39,6,14,30.0,OPT,RETURNED,13,13,0.3731316869998409,33.8046875,worker_high_water,,,,last_sat_witness,0,0,True,
tree_40_seed1__h3_k2__r2__gurobi,tree_40_seed1,tree,3,2,2,1,gurobi,40,39,6,14,30.0,OPT,RETURNED,13,13,0.6159876780002378,46.78125,worker_high_water,561,5136,13,assignment_at_greedy_UB,,,False,
tree_40_seed2__h1_k1__r0__gurobi,tree_40_seed2,tree,1,1,0,0,gurobi,40,39,4,12,30.0,OPT,RETURNED,4,4,0.44879562099959003,42.83203125,worker_high_water,201,545,4,assignment_at_greedy_UB,,,False,
tree_40_seed2__h1_k1__r0__cadical,tree_40_seed2,tree,1,1,0,1,cadical,40,39,4,12,30.0,OPT,RETURNED,4,4,0.3549009180005669,33.9375,worker_high_water,,,,last_sat_witness,0,0,True,
tree_40_seed2__h1_k1__r1__cadical,tree_40_seed2,tree,1,1,1,0,cadical,40,39,4,12,30.0,OPT,RETURNED,4,4,0.45062073999997665,33.74609375,worker_high_water,,,,last_sat_witness,0,0,True,
tree_40_seed2__h1_k1__r1__gurobi,tree_40_seed2,tree,1,1,1,1,gurobi,40,39,4,12,30.0,OPT,RETURNED,4,4,0.43722617300045385,42.70703125,worker_high_water,201,545,4,assignment_at_greedy_UB,,,False,
tree_40_seed2__h1_k1__r2__gurobi,tree_40_seed2,tree,1,1,2,0,gurobi,40,39,4,12,30.0,OPT,RETURNED,4,4,0.6032273640003041,42.875,worker_high_water,201,545,4,assignment_at_greedy_UB,,,False,
tree_40_seed2__h1_k1__r2__cadical,tree_40_seed2,tree,1,1,2,1,cadical,40,39,4,12,30.0,OPT,RETURNED,4,4,0.7489294659999359,33.78515625,worker_high_water,,,,last_sat_witness,0,0,True,
tree_40_seed2__h2_k1__r0__gurobi,tree_40_seed2,tree,2,1,0,0,gurobi,40,39,4,12,30.0,OPT,RETURNED,5,5,0.5895907109998006,45.59375,worker_high_water,361,1541,8,assignment_at_greedy_UB,,,False,
tree_40_seed2__h2_k1__r0__cadical,tree_40_seed2,tree,2,1,0,1,cadical,40,39,4,12,30.0,OPT,RETURNED,5,5,0.4030872299999828,35.953125,worker_high_water,200,1108,5,last_sat_witness,260,34,True,
tree_40_seed2__h2_k1__r1__cadical,tree_40_seed2,tree,2,1,1,0,cadical,40,39,4,12,30.0,OPT,RETURNED,5,5,0.4051329310004803,35.890625,worker_high_water,200,1108,5,last_sat_witness,260,34,True,
tree_40_seed2__h2_k1__r1__gurobi,tree_40_seed2,tree,2,1,1,1,gurobi,40,39,4,12,30.0,OPT,RETURNED,5,5,0.5293285809993904,45.9453125,worker_high_water,361,1541,8,assignment_at_greedy_UB,,,False,
tree_40_seed2__h2_k1__r2__gurobi,tree_40_seed2,tree,2,1,2,0,gurobi,40,39,4,12,30.0,OPT,RETURNED,5,5,0.5377470450002875,46.125,worker_high_water,361,1541,8,assignment_at_greedy_UB,,,False,
tree_40_seed2__h2_k1__r2__cadical,tree_40_seed2,tree,2,1,2,1,cadical,40,39,4,12,30.0,OPT,RETURNED,5,5,0.42416262599999754,35.54296875,worker_high_water,200,1108,5,last_sat_witness,260,34,True,
tree_40_seed2__h3_k2__r0__gurobi,tree_40_seed2,tree,3,2,0,0,gurobi,40,39,4,12,30.0,OPT,RETURNED,10,10,0.898966632000338,51.3203125,worker_high_water,481,4022,11,assignment_at_greedy_UB,,,False,
tree_40_seed2__h3_k2__r0__cadical,tree_40_seed2,tree,3,2,0,1,cadical,40,39,4,12,30.0,OPT,RETURNED,10,10,0.433343996000076,38.3515625,worker_high_water,400,3945,10,last_sat_witness,849,409,True,
tree_40_seed2__h3_k2__r1__cadical,tree_40_seed2,tree,3,2,1,0,cadical,40,39,4,12,30.0,OPT,RETURNED,10,10,0.7063319399994725,38.91015625,worker_high_water,400,3945,10,last_sat_witness,849,409,True,
tree_40_seed2__h3_k2__r1__gurobi,tree_40_seed2,tree,3,2,1,1,gurobi,40,39,4,12,30.0,OPT,RETURNED,10,10,0.8601110640001934,51.03515625,worker_high_water,481,4022,11,assignment_at_greedy_UB,,,False,
tree_40_seed2__h3_k2__r2__gurobi,tree_40_seed2,tree,3,2,2,0,gurobi,40,39,4,12,30.0,OPT,RETURNED,10,10,0.8493918189997203,51.15234375,worker_high_water,481,4022,11,assignment_at_greedy_UB,,,False,
tree_40_seed2__h3_k2__r2__cadical,tree_40_seed2,tree,3,2,2,1,cadical,40,39,4,12,30.0,OPT,RETURNED,10,10,0.46795175100032793,39.0390625,worker_high_water,400,3945,10,last_sat_witness,849,409,True,
tree_60_seed0__h1_k1__r0__cadical,tree_60_seed0,tree,1,1,0,0,cadical,60,59,5,20,30.0,OPT,RETURNED,5,5,0.38101170899972203,33.80859375,worker_high_water,,,,last_sat_witness,0,0,True,
tree_60_seed0__h1_k1__r0__gurobi,tree_60_seed0,tree,1,1,0,1,gurobi,60,59,5,20,30.0,OPT,RETURNED,5,5,0.6364628420005829,43.11328125,worker_high_water,361,978,5,assignment_at_greedy_UB,,,False,
tree_60_seed0__h1_k1__r1__gurobi,tree_60_seed0,tree,1,1,1,0,gurobi,60,59,5,20,30.0,OPT,RETURNED,5,5,0.6321129730004031,43.21875,worker_high_water,361,978,5,assignment_at_greedy_UB,,,False,
tree_60_seed0__h1_k1__r1__cadical,tree_60_seed0,tree,1,1,1,1,cadical,60,59,5,20,30.0,OPT,RETURNED,5,5,0.3882320870006879,33.85546875,worker_high_water,,,,last_sat_witness,0,0,True,
tree_60_seed0__h1_k1__r2__cadical,tree_60_seed0,tree,1,1,2,0,cadical,60,59,5,20,30.0,OPT,RETURNED,5,5,0.3978997189997244,33.8359375,worker_high_water,,,,last_sat_witness,0,0,True,
tree_60_seed0__h1_k1__r2__gurobi,tree_60_seed0,tree,1,1,2,1,gurobi,60,59,5,20,30.0,OPT,RETURNED,5,5,0.45751646400003665,43.421875,worker_high_water,361,978,5,assignment_at_greedy_UB,,,False,
tree_60_seed0__h2_k1__r0__cadical,tree_60_seed0,tree,2,1,0,0,cadical,60,59,5,20,30.0,OPT,RETURNED,6,6,0.6384368980006911,36.28125,worker_high_water,360,2009,6,last_sat_witness,0,0,True,
tree_60_seed0__h2_k1__r0__gurobi,tree_60_seed0,tree,2,1,0,1,gurobi,60,59,5,20,30.0,OPT,RETURNED,6,6,0.5328580669993244,47.08203125,worker_high_water,481,2090,7,assignment_at_greedy_UB,,,False,
tree_60_seed0__h2_k1__r1__gurobi,tree_60_seed0,tree,2,1,1,0,gurobi,60,59,5,20,30.0,OPT,RETURNED,6,6,0.6387129859995184,47.44140625,worker_high_water,481,2090,7,assignment_at_greedy_UB,,,False,
tree_60_seed0__h2_k1__r1__cadical,tree_60_seed0,tree,2,1,1,1,cadical,60,59,5,20,30.0,OPT,RETURNED,6,6,0.42837902000064787,36.375,worker_high_water,360,2009,6,last_sat_witness,0,0,True,
tree_60_seed0__h2_k1__r2__cadical,tree_60_seed0,tree,2,1,2,0,cadical,60,59,5,20,30.0,OPT,RETURNED,6,6,0.4246530509999502,36.4375,worker_high_water,360,2009,6,last_sat_witness,0,0,True,
tree_60_seed0__h2_k1__r2__gurobi,tree_60_seed0,tree,2,1,2,1,gurobi,60,59,5,20,30.0,OPT,RETURNED,6,6,0.5419762759993318,46.484375,worker_high_water,481,2090,7,assignment_at_greedy_UB,,,False,
tree_60_seed0__h3_k2__r0__cadical,tree_60_seed0,tree,3,2,0,0,cadical,60,59,5,20,30.0,OPT,RETURNED,11,11,0.4777006469994376,42.9296875,worker_high_water,660,6642,11,last_sat_witness,405,6,True,
tree_60_seed0__h3_k2__r0__gurobi,tree_60_seed0,tree,3,2,0,1,gurobi,60,59,5,20,30.0,OPT,RETURNED,11,11,0.7705115540002225,52.4453125,worker_high_water,841,7256,13,assignment_at_greedy_UB,,,False,
tree_60_seed0__h3_k2__r1__gurobi,tree_60_seed0,tree,3,2,1,0,gurobi,60,59,5,20,30.0,OPT,RETURNED,11,11,1.0564620889999787,51.89453125,worker_high_water,841,7256,13,assignment_at_greedy_UB,,,False,
tree_60_seed0__h3_k2__r1__cadical,tree_60_seed0,tree,3,2,1,1,cadical,60,59,5,20,30.0,OPT,RETURNED,11,11,1.4294342780003717,43.15625,worker_high_water,660,6642,11,last_sat_witness,405,6,True,
tree_60_seed0__h3_k2__r2__cadical,tree_60_seed0,tree,3,2,2,0,cadical,60,59,5,20,30.0,OPT,RETURNED,11,11,0.7183907850003379,43.38671875,worker_high_water,660,6642,11,last_sat_witness,405,6,True,
tree_60_seed0__h3_k2__r2__gurobi,tree_60_seed0,tree,3,2,2,1,gurobi,60,59,5,20,30.0,OPT,RETURNED,11,11,0.7815811479995318,51.70703125,worker_high_water,841,7256,13,assignment_at_greedy_UB,,,False,
tree_60_seed1__h1_k1__r0__gurobi,tree_60_seed1,tree,1,1,0,0,gurobi,60,59,6,22,30.0,OPT,RETURNED,6,6,0.4972872130001633,43.890625,worker_high_water,421,1191,6,assignment_at_greedy_UB,,,False,
tree_60_seed1__h1_k1__r0__cadical,tree_60_seed1,tree,1,1,0,1,cadical,60,59,6,22,30.0,OPT,RETURNED,6,6,0.4094173530002081,33.96875,worker_high_water,,,,last_sat_witness,0,0,True,
tree_60_seed1__h1_k1__r1__cadical,tree_60_seed1,tree,1,1,1,0,cadical,60,59,6,22,30.0,OPT,RETURNED,6,6,0.4156012860003102,33.94921875,worker_high_water,,,,last_sat_witness,0,0,True,
tree_60_seed1__h1_k1__r1__gurobi,tree_60_seed1,tree,1,1,1,1,gurobi,60,59,6,22,30.0,OPT,RETURNED,6,6,0.5617300510002678,43.51171875,worker_high_water,421,1191,6,assignment_at_greedy_UB,,,False,
tree_60_seed1__h1_k1__r2__gurobi,tree_60_seed1,tree,1,1,2,0,gurobi,60,59,6,22,30.0,OPT,RETURNED,6,6,0.562120889999278,43.70703125,worker_high_water,421,1191,6,assignment_at_greedy_UB,,,False,
tree_60_seed1__h1_k1__r2__cadical,tree_60_seed1,tree,1,1,2,1,cadical,60,59,6,22,30.0,OPT,RETURNED,6,6,0.6045200300004581,33.9375,worker_high_water,,,,last_sat_witness,0,0,True,
tree_60_seed1__h2_k1__r0__gurobi,tree_60_seed1,tree,2,1,0,0,gurobi,60,59,6,22,30.0,OPT,RETURNED,7,7,0.5418646339994666,45.203125,worker_high_water,481,2170,7,assignment_at_greedy_UB,,,False,
tree_60_seed1__h2_k1__r0__cadical,tree_60_seed1,tree,2,1,0,1,cadical,60,59,6,22,30.0,OPT,RETURNED,7,7,0.45520325299912656,34.18359375,worker_high_water,,,,last_sat_witness,0,0,True,
tree_60_seed1__h2_k1__r1__cadical,tree_60_seed1,tree,2,1,1,0,cadical,60,59,6,22,30.0,OPT,RETURNED,7,7,0.38879408999946463,34.3828125,worker_high_water,,,,last_sat_witness,0,0,True,
tree_60_seed1__h2_k1__r1__gurobi,tree_60_seed1,tree,2,1,1,1,gurobi,60,59,6,22,30.0,OPT,RETURNED,7,7,0.5281192490001558,44.703125,worker_high_water,481,2170,7,assignment_at_greedy_UB,,,False,
tree_60_seed1__h2_k1__r2__gurobi,tree_60_seed1,tree,2,1,2,0,gurobi,60,59,6,22,30.0,OPT,RETURNED,7,7,0.5109989040001892,45.11328125,worker_high_water,481,2170,7,assignment_at_greedy_UB,,,False,
tree_60_seed1__h2_k1__r2__cadical,tree_60_seed1,tree,2,1,2,1,cadical,60,59,6,22,30.0,OPT,RETURNED,7,7,0.388812856000186,33.984375,worker_high_water,,,,last_sat_witness,0,0,True,
tree_60_seed1__h3_k2__r0__gurobi,tree_60_seed1,tree,3,2,0,0,gurobi,60,59,6,22,30.0,OPT,RETURNED,13,13,0.788127644999804,52.39453125,worker_high_water,901,8233,14,assignment_at_greedy_UB,,,False,
tree_60_seed1__h3_k2__r0__cadical,tree_60_seed1,tree,3,2,0,1,cadical,60,59,6,22,30.0,OPT,RETURNED,13,13,0.4491315619998204,43.27734375,worker_high_water,780,8256,13,last_sat_witness,0,0,True,
tree_60_seed1__h3_k2__r1__cadical,tree_60_seed1,tree,3,2,1,0,cadical,60,59,6,22,30.0,OPT,RETURNED,13,13,0.4508150049996402,43.6484375,worker_high_water,780,8256,13,last_sat_witness,0,0,True,
tree_60_seed1__h3_k2__r1__gurobi,tree_60_seed1,tree,3,2,1,1,gurobi,60,59,6,22,30.0,OPT,RETURNED,13,13,0.7754894780000541,52.54296875,worker_high_water,901,8233,14,assignment_at_greedy_UB,,,False,
tree_60_seed1__h3_k2__r2__gurobi,tree_60_seed1,tree,3,2,2,0,gurobi,60,59,6,22,30.0,OPT,RETURNED,13,13,0.7862883970001349,53.26953125,worker_high_water,901,8233,14,assignment_at_greedy_UB,,,False,
tree_60_seed1__h3_k2__r2__cadical,tree_60_seed1,tree,3,2,2,1,cadical,60,59,6,22,30.0,OPT,RETURNED,13,13,0.45702498399987235,43.296875,worker_high_water,780,8256,13,last_sat_witness,0,0,True,
tree_60_seed2__h1_k1__r0__cadical,tree_60_seed2,tree,1,1,0,0,cadical,60,59,4,19,30.0,OPT,RETURNED,4,4,0.3929689140004484,34.94140625,worker_high_water,240,880,4,last_sat_witness,0,0,True,
tree_60_seed2__h1_k1__r0__gurobi,tree_60_seed2,tree,1,1,0,1,gurobi,60,59,4,19,30.0,OPT,RETURNED,4,4,0.47721391199957,45.78515625,worker_high_water,361,960,5,assignment_at_greedy_UB,,,False,
tree_60_seed2__h1_k1__r1__gurobi,tree_60_seed2,tree,1,1,1,0,gurobi,60,59,4,19,30.0,OPT,RETURNED,4,4,0.4885742450005637,45.44921875,worker_high_water,361,960,5,assignment_at_greedy_UB,,,False,
tree_60_seed2__h1_k1__r1__cadical,tree_60_seed2,tree,1,1,1,1,cadical,60,59,4,19,30.0,OPT,RETURNED,4,4,0.37757796599998983,34.94921875,worker_high_water,240,880,4,last_sat_witness,0,0,True,
tree_60_seed2__h1_k1__r2__cadical,tree_60_seed2,tree,1,1,2,0,cadical,60,59,4,19,30.0,OPT,RETURNED,4,4,0.3851260880001064,34.953125,worker_high_water,240,880,4,last_sat_witness,0,0,True,
tree_60_seed2__h1_k1__r2__gurobi,tree_60_seed2,tree,1,1,2,1,gurobi,60,59,4,19,30.0,OPT,RETURNED,4,4,0.49831472399910126,45.0234375,worker_high_water,361,960,5,assignment_at_greedy_UB,,,False,
tree_60_seed2__h2_k1__r0__cadical,tree_60_seed2,tree,2,1,0,0,cadical,60,59,4,19,30.0,OPT,RETURNED,5,5,0.6233784400001241,37.34765625,worker_high_water,300,1670,5,last_sat_witness,553,118,True,
tree_60_seed2__h2_k1__r0__gurobi,tree_60_seed2,tree,2,1,0,1,gurobi,60,59,4,19,30.0,OPT,RETURNED,5,5,0.5861534540008506,47.19921875,worker_high_water,481,2066,7,assignment_at_greedy_UB,,,False,
tree_60_seed2__h2_k1__r1__gurobi,tree_60_seed2,tree,2,1,1,0,gurobi,60,59,4,19,30.0,OPT,RETURNED,5,5,0.5793077840007754,47.10546875,worker_high_water,481,2066,7,assignment_at_greedy_UB,,,False,
tree_60_seed2__h2_k1__r1__cadical,tree_60_seed2,tree,2,1,1,1,cadical,60,59,4,19,30.0,OPT,RETURNED,5,5,0.42642284900011873,37.34765625,worker_high_water,300,1670,5,last_sat_witness,553,118,True,
tree_60_seed2__h2_k1__r2__cadical,tree_60_seed2,tree,2,1,2,0,cadical,60,59,4,19,30.0,OPT,RETURNED,5,5,0.42873501399935776,37.1640625,worker_high_water,300,1670,5,last_sat_witness,553,118,True,
tree_60_seed2__h2_k1__r2__gurobi,tree_60_seed2,tree,2,1,2,1,gurobi,60,59,4,19,30.0,OPT,RETURNED,5,5,0.5695819250004206,47.40625,worker_high_water,481,2066,7,assignment_at_greedy_UB,,,False,
tree_60_seed2__h3_k2__r0__cadical,tree_60_seed2,tree,3,2,0,0,cadical,60,59,4,19,30.0,OPT,RETURNED,10,10,0.5940265509998426,42.85546875,worker_high_water,600,5942,10,last_sat_witness,1865,722,True,
tree_60_seed2__h3_k2__r0__gurobi,tree_60_seed2,tree,3,2,0,1,gurobi,60,59,4,19,30.0,OPT,RETURNED,10,10,0.814384641000288,53.078125,worker_high_water,841,7136,13,assignment_at_greedy_UB,,,False,
tree_60_seed2__h3_k2__r1__gurobi,tree_60_seed2,tree,3,2,1,0,gurobi,60,59,4,19,30.0,OPT,RETURNED,10,10,0.8316928120002558,52.81640625,worker_high_water,841,7136,13,assignment_at_greedy_UB,,,False,
tree_60_seed2__h3_k2__r1__cadical,tree_60_seed2,tree,3,2,1,1,cadical,60,59,4,19,30.0,OPT,RETURNED,10,10,0.5281560359999276,42.640625,worker_high_water,600,5942,10,last_sat_witness,1865,722,True,
tree_60_seed2__h3_k2__r2__cadical,tree_60_seed2,tree,3,2,2,0,cadical,60,59,4,19,30.0,OPT,RETURNED,10,10,1.0389955430000555,42.6640625,worker_high_water,600,5942,10,last_sat_witness,1865,722,True,
tree_60_seed2__h3_k2__r2__gurobi,tree_60_seed2,tree,3,2,2,1,gurobi,60,59,4,19,30.0,OPT,RETURNED,10,10,1.277405286999965,53.5078125,worker_high_water,841,7136,13,assignment_at_greedy_UB,,,False,
P_4xP_5__h1_k1__r0__gurobi,P_4xP_5,PxP,1,1,0,0,gurobi,20,31,4,,30.0,OPT,RETURNED,4,4,0.47984665100011625,44.14453125,worker_high_water,141,579,6,assignment_at_greedy_UB,,,False,
P_4xP_5__h1_k1__r0__cadical,P_4xP_5,PxP,1,1,0,1,cadical,20,31,4,,30.0,OPT,RETURNED,4,4,0.35643093699945894,34.73828125,worker_high_water,80,445,4,last_sat_witness,19,4,True,
P_4xP_5__h1_k1__r1__cadical,P_4xP_5,PxP,1,1,1,0,cadical,20,31,4,,30.0,OPT,RETURNED,4,4,0.3676387760006037,35.00390625,worker_high_water,80,445,4,last_sat_witness,19,4,True,
P_4xP_5__h1_k1__r1__gurobi,P_4xP_5,PxP,1,1,1,1,gurobi,20,31,4,,30.0,OPT,RETURNED,4,4,0.4362692530003187,44.6015625,worker_high_water,141,579,6,assignment_at_greedy_UB,,,False,
P_4xP_5__h1_k1__r2__gurobi,P_4xP_5,PxP,1,1,2,0,gurobi,20,31,4,,30.0,OPT,RETURNED,4,4,0.4376891150004667,44.09765625,worker_high_water,141,579,6,assignment_at_greedy_UB,,,False,
P_4xP_5__h1_k1__r2__cadical,P_4xP_5,PxP,1,1,2,1,cadical,20,31,4,,30.0,OPT,RETURNED,4,4,0.39091617000030965,34.9765625,worker_high_water,80,445,4,last_sat_witness,19,4,True,
P_4xP_5__h2_k1__r0__gurobi,P_4xP_5,PxP,2,1,0,0,gurobi,20,31,4,,30.0,OPT,RETURNED,6,6,0.8069107290002648,46.87109375,worker_high_water,201,1368,9,assignment_at_greedy_UB,,,False,
P_4xP_5__h2_k1__r0__cadical,P_4xP_5,PxP,2,1,0,1,cadical,20,31,4,,30.0,OPT,RETURNED,6,6,0.3805591379996258,35.49609375,worker_high_water,120,1011,6,last_sat_witness,153,94,True,
P_4xP_5__h2_k1__r1__cadical,P_4xP_5,PxP,2,1,1,0,cadical,20,31,4,,30.0,OPT,RETURNED,6,6,0.3768661570002223,35.671875,worker_high_water,120,1011,6,last_sat_witness,153,94,True,
P_4xP_5__h2_k1__r1__gurobi,P_4xP_5,PxP,2,1,1,1,gurobi,20,31,4,,30.0,OPT,RETURNED,6,6,0.5798827629996595,46.5625,worker_high_water,201,1368,9,assignment_at_greedy_UB,,,False,
P_4xP_5__h2_k1__r2__gurobi,P_4xP_5,PxP,2,1,2,0,gurobi,20,31,4,,30.0,OPT,RETURNED,6,6,0.5798412180001833,47.140625,worker_high_water,201,1368,9,assignment_at_greedy_UB,,,False,
P_4xP_5__h2_k1__r2__cadical,P_4xP_5,PxP,2,1,2,1,cadical,20,31,4,,30.0,OPT,RETURNED,6,6,0.368838825000239,35.5234375,worker_high_water,120,1011,6,last_sat_witness,153,94,True,
P_4xP_5__h3_k2__r0__gurobi,P_4xP_5,PxP,3,2,0,0,gurobi,20,31,4,,30.0,OPT,RETURNED,11,11,2.064686538999922,54.1328125,worker_high_water,301,4157,14,assignment_at_greedy_UB,,,False,
P_4xP_5__h3_k2__r0__cadical,P_4xP_5,PxP,3,2,0,1,cadical,20,31,4,,30.0,OPT,RETURNED,11,11,0.48668552300023293,39.21484375,worker_high_water,220,3438,11,last_sat_witness,1739,1233,True,
P_4xP_5__h3_k2__r1__cadical,P_4xP_5,PxP,3,2,1,0,cadical,20,31,4,,30.0,OPT,RETURNED,11,11,0.4248257970002669,39.4140625,worker_high_water,220,3438,11,last_sat_witness,1739,1233,True,
P_4xP_5__h3_k2__r1__gurobi,P_4xP_5,PxP,3,2,1,1,gurobi,20,31,4,,30.0,OPT,RETURNED,11,11,2.206949510999948,54.25390625,worker_high_water,301,4157,14,assignment_at_greedy_UB,,,False,
P_4xP_5__h3_k2__r2__gurobi,P_4xP_5,PxP,3,2,2,0,gurobi,20,31,4,,30.0,OPT,RETURNED,11,11,2.0628188580003552,54.6484375,worker_high_water,301,4157,14,assignment_at_greedy_UB,,,False,
P_4xP_5__h3_k2__r2__cadical,P_4xP_5,PxP,3,2,2,1,cadical,20,31,4,,30.0,OPT,RETURNED,11,11,0.4734790130005422,39.26953125,worker_high_water,220,3438,11,last_sat_witness,1739,1233,True,
P_5xP_8__h1_k1__r0__cadical,P_5xP_8,PxP,1,1,0,0,cadical,40,67,4,,30.0,OPT,RETURNED,4,4,0.36635133199979464,35.546875,worker_high_water,160,1005,4,last_sat_witness,25,4,True,
P_5xP_8__h1_k1__r0__gurobi,P_5xP_8,PxP,1,1,0,1,gurobi,40,67,4,,30.0,OPT,RETURNED,4,4,0.6071302370000922,48.44921875,worker_high_water,281,1319,6,assignment_at_greedy_UB,,,False,
P_5xP_8__h1_k1__r1__gurobi,P_5xP_8,PxP,1,1,1,0,gurobi,40,67,4,,30.0,OPT,RETURNED,4,4,0.6020410340006492,48.7734375,worker_high_water,281,1319,6,assignment_at_greedy_UB,,,False,
P_5xP_8__h1_k1__r1__cadical,P_5xP_8,PxP,1,1,1,1,cadical,40,67,4,,30.0,OPT,RETURNED,4,4,0.3682446319999144,35.44921875,worker_high_water,160,1005,4,last_sat_witness,25,4,True,
P_5xP_8__h1_k1__r2__cadical,P_5xP_8,PxP,1,1,2,0,cadical,40,67,4,,30.0,OPT,RETURNED,4,4,0.3661796879996473,35.48046875,worker_high_water,160,1005,4,last_sat_witness,25,4,True,
P_5xP_8__h1_k1__r2__gurobi,P_5xP_8,PxP,1,1,2,1,gurobi,40,67,4,,30.0,OPT,RETURNED,4,4,0.6077666580004006,48.40625,worker_high_water,281,1319,6,assignment_at_greedy_UB,,,False,
P_5xP_8__h2_k1__r0__cadical,P_5xP_8,PxP,2,1,0,0,cadical,40,67,4,,30.0,OPT,RETURNED,6,6,0.6094797890000336,38.48046875,worker_high_water,240,2243,6,last_sat_witness,224,122,True,
P_5xP_8__h2_k1__r0__gurobi,P_5xP_8,PxP,2,1,0,1,gurobi,40,67,4,,30.0,OPT,RETURNED,6,6,2.107169763999991,54.84765625,worker_high_water,401,3056,9,assignment_at_greedy_UB,,,False,
P_5xP_8__h2_k1__r1__gurobi,P_5xP_8,PxP,2,1,1,0,gurobi,40,67,4,,30.0,OPT,RETURNED,6,6,2.068073920999268,54.921875,worker_high_water,401,3056,9,assignment_at_greedy_UB,,,False,
P_5xP_8__h2_k1__r1__cadical,P_5xP_8,PxP,2,1,1,1,cadical,40,67,4,,30.0,OPT,RETURNED,6,6,0.41776347599989094,37.58984375,worker_high_water,240,2243,6,last_sat_witness,224,122,True,
P_5xP_8__h2_k1__r2__cadical,P_5xP_8,PxP,2,1,2,0,cadical,40,67,4,,30.0,OPT,RETURNED,6,6,0.4181857370003854,37.94921875,worker_high_water,240,2243,6,last_sat_witness,224,122,True,
P_5xP_8__h2_k1__r2__gurobi,P_5xP_8,PxP,2,1,2,1,gurobi,40,67,4,,30.0,OPT,RETURNED,6,6,2.2378280189996076,55.10546875,worker_high_water,401,3056,9,assignment_at_greedy_UB,,,False,
P_5xP_8__h3_k2__r0__cadical,P_5xP_8,PxP,3,2,0,0,cadical,40,67,4,,30.0,OPT,RETURNED,11,11,0.587479734000226,44.5625,worker_high_water,440,7758,11,last_sat_witness,3619,2690,True,
P_5xP_8__h3_k2__r0__gurobi,P_5xP_8,PxP,3,2,0,1,gurobi,40,67,4,,30.0,OPT,RETURNED,11,11,9.661575737000021,84.8046875,worker_high_water,681,10763,16,assignment_at_greedy_UB,,,False,
P_5xP_8__h3_k2__r1__gurobi,P_5xP_8,PxP,3,2,1,0,gurobi,40,67,4,,30.0,OPT,RETURNED,11,11,9.41847491199951,85.18359375,worker_high_water,681,10763,16,assignment_at_greedy_UB,,,False,
P_5xP_8__h3_k2__r1__cadical,P_5xP_8,PxP,3,2,1,1,cadical,40,67,4,,30.0,OPT,RETURNED,11,11,0.6520966529997168,45.328125,worker_high_water,440,7758,11,last_sat_witness,3619,2690,True,
P_5xP_8__h3_k2__r2__cadical,P_5xP_8,PxP,3,2,2,0,cadical,40,67,4,,30.0,OPT,RETURNED,11,11,0.5735520830003225,45.97265625,worker_high_water,440,7758,11,last_sat_witness,3619,2690,True,
P_5xP_8__h3_k2__r2__gurobi,P_5xP_8,PxP,3,2,2,1,gurobi,40,67,4,,30.0,OPT,RETURNED,11,11,9.328264953000144,83.9296875,worker_high_water,681,10763,16,assignment_at_greedy_UB,,,False,
P_6xP_10__h1_k1__r0__gurobi,P_6xP_10,PxP,1,1,0,0,gurobi,60,104,4,,30.0,OPT,RETURNED,4,4,0.8109652980001556,47.79296875,worker_high_water,421,2094,6,assignment_at_greedy_UB,,,False,
P_6xP_10__h1_k1__r0__cadical,P_6xP_10,PxP,1,1,0,1,cadical,60,104,4,,30.0,OPT,RETURNED,4,4,0.38484440600041125,37.0,worker_high_water,240,1590,4,last_sat_witness,29,4,True,
P_6xP_10__h1_k1__r1__cadical,P_6xP_10,PxP,1,1,1,0,cadical,60,104,4,,30.0,OPT,RETURNED,4,4,0.39453910700012784,36.921875,worker_high_water,240,1590,4,last_sat_witness,29,4,True,
P_6xP_10__h1_k1__r1__gurobi,P_6xP_10,PxP,1,1,1,1,gurobi,60,104,4,,30.0,OPT,RETURNED,4,4,0.6151384239992694,47.97265625,worker_high_water,421,2094,6,assignment_at_greedy_UB,,,False,
P_6xP_10__h1_k1__r2__gurobi,P_6xP_10,PxP,1,1,2,0,gurobi,60,104,4,,30.0,OPT,RETURNED,4,4,0.6077684660003797,47.50390625,worker_high_water,421,2094,6,assignment_at_greedy_UB,,,False,
P_6xP_10__h1_k1__r2__cadical,P_6xP_10,PxP,1,1,2,1,cadical,60,104,4,,30.0,OPT,RETURNED,4,4,0.38318114499998046,37.24609375,worker_high_water,240,1590,4,last_sat_witness,29,4,True,
P_6xP_10__h2_k1__r0__gurobi,P_6xP_10,PxP,2,1,0,0,gurobi,60,104,4,,30.0,OPT,RETURNED,6,6,8.243605568999556,65.04296875,worker_high_water,601,4812,9,assignment_at_greedy_UB,,,False,
P_6xP_10__h2_k1__r0__cadical,P_6xP_10,PxP,2,1,0,1,cadical,60,104,4,,30.0,OPT,RETURNED,6,6,0.4820923950001088,40.7109375,worker_high_water,360,3522,6,last_sat_witness,261,128,True,
P_6xP_10__h2_k1__r1__cadical,P_6xP_10,PxP,2,1,1,0,cadical,60,104,4,,30.0,OPT,RETURNED,6,6,0.6228307629999108,39.7421875,worker_high_water,360,3522,6,last_sat_witness,261,128,True,
P_6xP_10__h2_k1__r1__gurobi,P_6xP_10,PxP,2,1,1,1,gurobi,60,104,4,,30.0,OPT,RETURNED,6,6,8.3167218159997,65.203125,worker_high_water,601,4812,9,assignment_at_greedy_UB,,,False,
P_6xP_10__h2_k1__r2__gurobi,P_6xP_10,PxP,2,1,2,0,gurobi,60,104,4,,30.0,OPT,RETURNED,6,6,8.262959584000782,65.890625,worker_high_water,601,4812,9,assignment_at_greedy_UB,,,False,
P_6xP_10__h2_k1__r2__cadical,P_6xP_10,PxP,2,1,2,1,cadical,60,104,4,,30.0,OPT,RETURNED,6,6,0.45776317099989683,39.44140625,worker_high_water,360,3522,6,last_sat_witness,261,128,True,
P_6xP_10__h3_k2__r0__gurobi,P_6xP_10,PxP,3,2,0,0,gurobi,60,104,4,,30.0,FEASIBLE,WALL_TIMEOUT,18,9,30.009457561999625,,not_observed,,,,assignment_at_greedy_UB,,,False,
P_6xP_10__h3_k2__r0__cadical,P_6xP_10,PxP,3,2,0,1,cadical,60,104,4,,30.0,OPT,RETURNED,11,11,0.7724713759998849,50.171875,worker_high_water,660,12268,11,last_sat_witness,3702,2549,True,
P_6xP_10__h3_k2__r1__cadical,P_6xP_10,PxP,3,2,1,0,cadical,60,104,4,,30.0,OPT,RETURNED,11,11,0.7161846099998002,50.4296875,worker_high_water,660,12268,11,last_sat_witness,3702,2549,True,
P_6xP_10__h3_k2__r1__gurobi,P_6xP_10,PxP,3,2,1,1,gurobi,60,104,4,,30.0,FEASIBLE,WALL_TIMEOUT,18,9,30.008016968000447,,not_observed,,,,assignment_at_greedy_UB,,,False,
P_6xP_10__h3_k2__r2__gurobi,P_6xP_10,PxP,3,2,2,0,gurobi,60,104,4,,30.0,FEASIBLE,WALL_TIMEOUT,18,9,30.009149690999948,,not_observed,,,,assignment_at_greedy_UB,,,False,
P_6xP_10__h3_k2__r2__cadical,P_6xP_10,PxP,3,2,2,1,cadical,60,104,4,,30.0,OPT,RETURNED,11,11,1.0452341959999103,51.703125,worker_high_water,660,12268,11,last_sat_witness,3702,2549,True,
ER_20_p0.15_seed0__h1_k1__r0__cadical,ER_20_p0.15_seed0,ER,1,1,0,0,cadical,20,23,7,,30.0,OPT,RETURNED,7,7,0.3791480150002826,33.96484375,worker_high_water,,,,last_sat_witness,0,0,True,
ER_20_p0.15_seed0__h1_k1__r0__gurobi,ER_20_p0.15_seed0,ER,1,1,0,1,gurobi,20,23,7,,30.0,OPT,RETURNED,7,7,0.9593719419999616,46.09375,worker_high_water,161,592,7,assignment_at_greedy_UB,,,False,
ER_20_p0.15_seed0__h1_k1__r1__gurobi,ER_20_p0.15_seed0,ER,1,1,1,0,gurobi,20,23,7,,30.0,OPT,RETURNED,7,7,0.4245084929998484,42.453125,worker_high_water,161,592,7,assignment_at_greedy_UB,,,False,
ER_20_p0.15_seed0__h1_k1__r1__cadical,ER_20_p0.15_seed0,ER,1,1,1,1,cadical,20,23,7,,30.0,OPT,RETURNED,7,7,0.3425016949995552,33.84765625,worker_high_water,,,,last_sat_witness,0,0,True,
ER_20_p0.15_seed0__h1_k1__r2__cadical,ER_20_p0.15_seed0,ER,1,1,2,0,cadical,20,23,7,,30.0,OPT,RETURNED,7,7,0.34693068400065386,33.77734375,worker_high_water,,,,last_sat_witness,0,0,True,
ER_20_p0.15_seed0__h1_k1__r2__gurobi,ER_20_p0.15_seed0,ER,1,1,2,1,gurobi,20,23,7,,30.0,OPT,RETURNED,7,7,0.4124472820003575,42.49609375,worker_high_water,161,592,7,assignment_at_greedy_UB,,,False,
ER_20_p0.15_seed0__h2_k1__r0__cadical,ER_20_p0.15_seed0,ER,2,1,0,0,cadical,20,23,7,,30.0,OPT,RETURNED,8,8,0.3600131530001818,35.66796875,worker_high_water,160,1129,8,last_sat_witness,93,2,True,
ER_20_p0.15_seed0__h2_k1__r0__gurobi,ER_20_p0.15_seed0,ER,2,1,0,1,gurobi,20,23,7,,30.0,OPT,RETURNED,8,8,0.4306509729995014,44.1640625,worker_high_water,201,1144,9,assignment_at_greedy_UB,,,False,
ER_20_p0.15_seed0__h2_k1__r1__gurobi,ER_20_p0.15_seed0,ER,2,1,1,0,gurobi,20,23,7,,30.0,OPT,RETURNED,8,8,0.4386650649994408,44.484375,worker_high_water,201,1144,9,assignment_at_greedy_UB,,,False,
ER_20_p0.15_seed0__h2_k1__r1__cadical,ER_20_p0.15_seed0,ER,2,1,1,1,cadical,20,23,7,,30.0,OPT,RETURNED,8,8,0.3478515240003617,35.578125,worker_high_water,160,1129,8,last_sat_witness,93,2,True,
ER_20_p0.15_seed0__h2_k1__r2__cadical,ER_20_p0.15_seed0,ER,2,1,2,0,cadical,20,23,7,,30.0,OPT,RETURNED,8,8,0.3518469239998012,35.6953125,worker_high_water,160,1129,8,last_sat_witness,93,2,True,
ER_20_p0.15_seed0__h2_k1__r2__gurobi,ER_20_p0.15_seed0,ER,2,1,2,1,gurobi,20,23,7,,30.0,OPT,RETURNED,8,8,0.6487986900001488,44.19921875,worker_high_water,201,1144,9,assignment_at_greedy_UB,,,False,
ER_20_p0.15_seed0__h3_k2__r0__cadical,ER_20_p0.15_seed0,ER,3,2,0,0,cadical,20,23,7,,30.0,OPT,RETURNED,15,15,0.40281805299946427,39.82421875,worker_high_water,300,4098,15,last_sat_witness,445,68,True,
ER_20_p0.15_seed0__h3_k2__r0__gurobi,ER_20_p0.15_seed0,ER,3,2,0,1,gurobi,20,23,7,,30.0,OPT,RETURNED,15,15,0.6165483659997335,49.05859375,worker_high_water,381,4617,18,assignment_at_greedy_UB,,,False,
ER_20_p0.15_seed0__h3_k2__r1__gurobi,ER_20_p0.15_seed0,ER,3,2,1,0,gurobi,20,23,7,,30.0,OPT,RETURNED,15,15,0.6244358880003347,48.5703125,worker_high_water,381,4617,18,assignment_at_greedy_UB,,,False,
ER_20_p0.15_seed0__h3_k2__r1__cadical,ER_20_p0.15_seed0,ER,3,2,1,1,cadical,20,23,7,,30.0,OPT,RETURNED,15,15,0.4008191659995646,39.328125,worker_high_water,300,4098,15,last_sat_witness,445,68,True,
ER_20_p0.15_seed0__h3_k2__r2__cadical,ER_20_p0.15_seed0,ER,3,2,2,0,cadical,20,23,7,,30.0,OPT,RETURNED,15,15,0.4082115020000856,39.6796875,worker_high_water,300,4098,15,last_sat_witness,445,68,True,
ER_20_p0.15_seed0__h3_k2__r2__gurobi,ER_20_p0.15_seed0,ER,3,2,2,1,gurobi,20,23,7,,30.0,OPT,RETURNED,15,15,0.6250753450003685,49.17578125,worker_high_water,381,4617,18,assignment_at_greedy_UB,,,False,
ER_20_p0.15_seed1__h1_k1__r0__gurobi,ER_20_p0.15_seed1,ER,1,1,0,0,gurobi,20,28,7,,30.0,OPT,RETURNED,7,7,0.4370500280001579,42.8515625,worker_high_water,161,744,7,assignment_at_greedy_UB,,,False,
ER_20_p0.15_seed1__h1_k1__r0__cadical,ER_20_p0.15_seed1,ER,1,1,0,1,cadical,20,28,7,,30.0,OPT,RETURNED,7,7,0.34434790699924633,33.77734375,worker_high_water,,,,last_sat_witness,0,0,True,
ER_20_p0.15_seed1__h1_k1__r1__cadical,ER_20_p0.15_seed1,ER,1,1,1,0,cadical,20,28,7,,30.0,OPT,RETURNED,7,7,0.3854666040006123,34.265625,worker_high_water,,,,last_sat_witness,0,0,True,
ER_20_p0.15_seed1__h1_k1__r1__gurobi,ER_20_p0.15_seed1,ER,1,1,1,1,gurobi,20,28,7,,30.0,OPT,RETURNED,7,7,0.4322365769994576,42.82421875,worker_high_water,161,744,7,assignment_at_greedy_UB,,,False,
ER_20_p0.15_seed1__h1_k1__r2__gurobi,ER_20_p0.15_seed1,ER,1,1,2,0,gurobi,20,28,7,,30.0,OPT,RETURNED,7,7,0.526549664000413,42.6484375,worker_high_water,161,744,7,assignment_at_greedy_UB,,,False,
ER_20_p0.15_seed1__h1_k1__r2__cadical,ER_20_p0.15_seed1,ER,1,1,2,1,cadical,20,28,7,,30.0,OPT,RETURNED,7,7,0.3469313940004213,33.77734375,worker_high_water,,,,last_sat_witness,0,0,True,
ER_20_p0.15_seed1__h2_k1__r0__gurobi,ER_20_p0.15_seed1,ER,2,1,0,0,gurobi,20,28,7,,30.0,OPT,RETURNED,8,8,0.45772069600025134,45.140625,worker_high_water,221,1568,10,assignment_at_greedy_UB,,,False,
ER_20_p0.15_seed1__h2_k1__r0__cadical,ER_20_p0.15_seed1,ER,2,1,0,1,cadical,20,28,7,,30.0,OPT,RETURNED,8,8,0.3915952750003271,35.94140625,worker_high_water,160,1380,8,last_sat_witness,140,75,True,
ER_20_p0.15_seed1__h2_k1__r1__cadical,ER_20_p0.15_seed1,ER,2,1,1,0,cadical,20,28,7,,30.0,OPT,RETURNED,8,8,0.3844714289998592,35.8984375,worker_high_water,160,1380,8,last_sat_witness,140,75,True,
ER_20_p0.15_seed1__h2_k1__r1__gurobi,ER_20_p0.15_seed1,ER,2,1,1,1,gurobi,20,28,7,,30.0,OPT,RETURNED,8,8,0.458997484000065,45.25,worker_high_water,221,1568,10,assignment_at_greedy_UB,,,False,
ER_20_p0.15_seed1__h2_k1__r2__gurobi,ER_20_p0.15_seed1,ER,2,1,2,0,gurobi,20,28,7,,30.0,OPT,RETURNED,8,8,0.4526826790006453,45.484375,worker_high_water,221,1568,10,assignment_at_greedy_UB,,,False,
ER_20_p0.15_seed1__h2_k1__r2__cadical,ER_20_p0.15_seed1,ER,2,1,2,1,cadical,20,28,7,,30.0,OPT,RETURNED,8,8,0.3651811390000148,35.80859375,worker_high_water,160,1380,8,last_sat_witness,140,75,True,
ER_20_p0.15_seed1__h3_k2__r0__gurobi,ER_20_p0.15_seed1,ER,3,2,0,0,gurobi,20,28,7,,30.0,OPT,RETURNED,15,15,0.9541427920003116,54.359375,worker_high_water,421,6472,20,assignment_at_greedy_UB,,,False,
ER_20_p0.15_seed1__h3_k2__r0__cadical,ER_20_p0.15_seed1,ER,3,2,0,1,cadical,20,28,7,,30.0,OPT,RETURNED,15,15,0.47628563699981896,42.421875,worker_high_water,300,5112,15,last_sat_witness,849,283,True,
ER_20_p0.15_seed1__h3_k2__r1__cadical,ER_20_p0.15_seed1,ER,3,2,1,0,cadical,20,28,7,,30.0,OPT,RETURNED,15,15,0.46607998499985115,41.921875,worker_high_water,300,5112,15,last_sat_witness,849,283,True,
ER_20_p0.15_seed1__h3_k2__r1__gurobi,ER_20_p0.15_seed1,ER,3,2,1,1,gurobi,20,28,7,,30.0,OPT,RETURNED,15,15,1.106534505000127,53.51171875,worker_high_water,421,6472,20,assignment_at_greedy_UB,,,False,
ER_20_p0.15_seed1__h3_k2__r2__gurobi,ER_20_p0.15_seed1,ER,3,2,2,0,gurobi,20,28,7,,30.0,OPT,RETURNED,15,15,1.0067688990002353,54.3515625,worker_high_water,421,6472,20,assignment_at_greedy_UB,,,False,
ER_20_p0.15_seed1__h3_k2__r2__cadical,ER_20_p0.15_seed1,ER,3,2,2,1,cadical,20,28,7,,30.0,OPT,RETURNED,15,15,0.4877494789998309,41.66015625,worker_high_water,300,5112,15,last_sat_witness,849,283,True,
ER_20_p0.15_seed2__h1_k1__r0__cadical,ER_20_p0.15_seed2,ER,1,1,0,0,cadical,20,29,6,,30.0,OPT,RETURNED,6,6,0.34905568399972253,34.875,worker_high_water,120,681,6,last_sat_witness,63,19,True,
ER_20_p0.15_seed2__h1_k1__r0__gurobi,ER_20_p0.15_seed2,ER,1,1,0,1,gurobi,20,29,6,,30.0,OPT,RETURNED,6,6,0.4364041070002713,44.1484375,worker_high_water,161,704,7,assignment_at_greedy_UB,,,False,
ER_20_p0.15_seed2__h1_k1__r1__gurobi,ER_20_p0.15_seed2,ER,1,1,1,0,gurobi,20,29,6,,30.0,OPT,RETURNED,6,6,0.4186067959999491,44.48828125,worker_high_water,161,704,7,assignment_at_greedy_UB,,,False,
ER_20_p0.15_seed2__h1_k1__r1__cadical,ER_20_p0.15_seed2,ER,1,1,1,1,cadical,20,29,6,,30.0,OPT,RETURNED,6,6,0.34540078500049276,34.7421875,worker_high_water,120,681,6,last_sat_witness,63,19,True,
ER_20_p0.15_seed2__h1_k1__r2__cadical,ER_20_p0.15_seed2,ER,1,1,2,0,cadical,20,29,6,,30.0,OPT,RETURNED,6,6,0.3513862780000636,34.8359375,worker_high_water,120,681,6,last_sat_witness,63,19,True,
ER_20_p0.15_seed2__h1_k1__r2__gurobi,ER_20_p0.15_seed2,ER,1,1,2,1,gurobi,20,29,6,,30.0,OPT,RETURNED,6,6,0.4382182429999375,44.4140625,worker_high_water,161,704,7,assignment_at_greedy_UB,,,False,
ER_20_p0.15_seed2__h2_k1__r0__cadical,ER_20_p0.15_seed2,ER,2,1,0,0,cadical,20,29,6,,30.0,OPT,RETURNED,7,7,0.5031119340001169,35.671875,worker_high_water,140,1190,7,last_sat_witness,333,154,True,
ER_20_p0.15_seed2__h2_k1__r0__gurobi,ER_20_p0.15_seed2,ER,2,1,0,1,gurobi,20,29,6,,30.0,OPT,RETURNED,7,7,0.5961430050001582,47.40234375,worker_high_water,221,1533,10,assignment_at_greedy_UB,,,False,
ER_20_p0.15_seed2__h2_k1__r1__gurobi,ER_20_p0.15_seed2,ER,2,1,1,0,gurobi,20,29,6,,30.0,OPT,RETURNED,7,7,0.5780254649998824,48.046875,worker_high_water,221,1533,10,assignment_at_greedy_UB,,,False,
ER_20_p0.15_seed2__h2_k1__r1__cadical,ER_20_p0.15_seed2,ER,2,1,1,1,cadical,20,29,6,,30.0,OPT,RETURNED,7,7,0.3645503359994109,35.890625,worker_high_water,140,1190,7,last_sat_witness,333,154,True,
ER_20_p0.15_seed2__h2_k1__r2__cadical,ER_20_p0.15_seed2,ER,2,1,2,0,cadical,20,29,6,,30.0,OPT,RETURNED,7,7,0.36867631200038886,35.7109375,worker_high_water,140,1190,7,last_sat_witness,333,154,True,
ER_20_p0.15_seed2__h2_k1__r2__gurobi,ER_20_p0.15_seed2,ER,2,1,2,1,gurobi,20,29,6,,30.0,OPT,RETURNED,7,7,0.5662278750005498,47.48046875,worker_high_water,221,1533,10,assignment_at_greedy_UB,,,False,
ER_20_p0.15_seed2__h3_k2__r0__cadical,ER_20_p0.15_seed2,ER,3,2,0,0,cadical,20,29,6,,30.0,OPT,RETURNED,14,14,0.5388445569997202,40.8046875,worker_high_water,280,4583,14,last_sat_witness,8048,5240,True,
ER_20_p0.15_seed2__h3_k2__r0__gurobi,ER_20_p0.15_seed2,ER,3,2,0,1,gurobi,20,29,6,,30.0,OPT,RETURNED,14,14,2.8544702050003252,58.08984375,worker_high_water,441,6512,21,assignment_at_greedy_UB,,,False,
ER_20_p0.15_seed2__h3_k2__r1__gurobi,ER_20_p0.15_seed2,ER,3,2,1,0,gurobi,20,29,6,,30.0,OPT,RETURNED,14,14,2.9268479120000848,57.80859375,worker_high_water,441,6512,21,assignment_at_greedy_UB,,,False,
ER_20_p0.15_seed2__h3_k2__r1__cadical,ER_20_p0.15_seed2,ER,3,2,1,1,cadical,20,29,6,,30.0,OPT,RETURNED,14,14,0.620182442999976,42.12890625,worker_high_water,280,4583,14,last_sat_witness,8048,5240,True,
ER_20_p0.15_seed2__h3_k2__r2__cadical,ER_20_p0.15_seed2,ER,3,2,2,0,cadical,20,29,6,,30.0,OPT,RETURNED,14,14,0.6081849600004716,42.0625,worker_high_water,280,4583,14,last_sat_witness,8048,5240,True,
ER_20_p0.15_seed2__h3_k2__r2__gurobi,ER_20_p0.15_seed2,ER,3,2,2,1,gurobi,20,29,6,,30.0,OPT,RETURNED,14,14,2.7749009530007243,57.8515625,worker_high_water,441,6512,21,assignment_at_greedy_UB,,,False,
ER_20_p0.30_seed0__h1_k1__r0__gurobi,ER_20_p0.30_seed0,ER,1,1,0,0,gurobi,20,51,9,,30.0,OPT,RETURNED,11,11,0.5827050300003975,44.3125,worker_high_water,241,1840,11,assignment_at_greedy_UB,,,False,
ER_20_p0.30_seed0__h1_k1__r0__cadical,ER_20_p0.30_seed0,ER,1,1,0,1,cadical,20,51,9,,30.0,OPT,RETURNED,11,11,1.3898434130005626,44.1640625,worker_high_water,,,,last_sat_witness,75657,48291,True,
ER_20_p0.30_seed0__h1_k1__r1__cadical,ER_20_p0.30_seed0,ER,1,1,1,0,cadical,20,51,9,,30.0,OPT,RETURNED,11,11,1.3260345740000048,44.27734375,worker_high_water,,,,last_sat_witness,75657,48291,True,
ER_20_p0.30_seed0__h1_k1__r1__gurobi,ER_20_p0.30_seed0,ER,1,1,1,1,gurobi,20,51,9,,30.0,OPT,RETURNED,11,11,0.4622761079999691,43.8359375,worker_high_water,241,1840,11,assignment_at_greedy_UB,,,False,
ER_20_p0.30_seed0__h1_k1__r2__gurobi,ER_20_p0.30_seed0,ER,1,1,2,0,gurobi,20,51,9,,30.0,OPT,RETURNED,11,11,0.43763019499965594,43.90625,worker_high_water,241,1840,11,assignment_at_greedy_UB,,,False,
ER_20_p0.30_seed0__h1_k1__r2__cadical,ER_20_p0.30_seed0,ER,1,1,2,1,cadical,20,51,9,,30.0,OPT,RETURNED,11,11,1.2829561589996956,43.94140625,worker_high_water,,,,last_sat_witness,75657,48291,True,
ER_20_p0.30_seed0__h2_k1__r0__gurobi,ER_20_p0.30_seed0,ER,2,1,0,0,gurobi,20,51,9,,30.0,OPT,RETURNED,11,11,0.9009978040003261,52.203125,worker_high_water,341,4222,16,assignment_at_greedy_UB,,,False,
ER_20_p0.30_seed0__h2_k1__r0__cadical,ER_20_p0.30_seed0,ER,2,1,0,1,cadical,20,51,9,,30.0,OPT,RETURNED,11,11,1.0872842440003296,42.16796875,worker_high_water,220,3122,11,last_sat_witness,30429,20601,True,
ER_20_p0.30_seed0__h2_k1__r1__cadical,ER_20_p0.30_seed0,ER,2,1,1,0,cadical,20,51,9,,30.0,OPT,RETURNED,11,11,0.895384921999721,41.9765625,worker_high_water,220,3122,11,last_sat_witness,30429,20601,True,
ER_20_p0.30_seed0__h2_k1__r1__gurobi,ER_20_p0.30_seed0,ER,2,1,1,1,gurobi,20,51,9,,30.0,OPT,RETURNED,11,11,0.9276891839999735,52.359375,worker_high_water,341,4222,16,assignment_at_greedy_UB,,,False,
ER_20_p0.30_seed0__h2_k1__r2__gurobi,ER_20_p0.30_seed0,ER,2,1,2,0,gurobi,20,51,9,,30.0,OPT,RETURNED,11,11,0.9019790069996816,52.33203125,worker_high_water,341,4222,16,assignment_at_greedy_UB,,,False,
ER_20_p0.30_seed0__h2_k1__r2__cadical,ER_20_p0.30_seed0,ER,2,1,2,1,cadical,20,51,9,,30.0,OPT,RETURNED,11,11,0.9030785320001087,42.00390625,worker_high_water,220,3122,11,last_sat_witness,30429,20601,True,
ER_20_p0.30_seed0__h3_k2__r0__gurobi,ER_20_p0.30_seed0,ER,3,2,0,0,gurobi,20,51,9,,30.0,OPT,RETURNED,22,22,7.772263611999733,74.65625,worker_high_water,641,17200,31,assignment_at_greedy_UB,,,False,
ER_20_p0.30_seed0__h3_k2__r0__cadical,ER_20_p0.30_seed0,ER,3,2,0,1,cadical,20,51,9,,30.0,OPT,RETURNED,22,22,14.787485597000341,66.05078125,worker_high_water,440,12612,22,last_sat_witness,466320,272025,True,
ER_20_p0.30_seed0__h3_k2__r1__cadical,ER_20_p0.30_seed0,ER,3,2,1,0,cadical,20,51,9,,30.0,OPT,RETURNED,22,22,14.748904588000187,66.96484375,worker_high_water,440,12612,22,last_sat_witness,466320,272025,True,
ER_20_p0.30_seed0__h3_k2__r1__gurobi,ER_20_p0.30_seed0,ER,3,2,1,1,gurobi,20,51,9,,30.0,OPT,RETURNED,22,22,7.93893270999979,74.08203125,worker_high_water,641,17200,31,assignment_at_greedy_UB,,,False,
ER_20_p0.30_seed0__h3_k2__r2__gurobi,ER_20_p0.30_seed0,ER,3,2,2,0,gurobi,20,51,9,,30.0,OPT,RETURNED,22,22,7.612347377000333,75.1953125,worker_high_water,641,17200,31,assignment_at_greedy_UB,,,False,
ER_20_p0.30_seed0__h3_k2__r2__cadical,ER_20_p0.30_seed0,ER,3,2,2,1,cadical,20,51,9,,30.0,OPT,RETURNED,22,22,14.82469605299957,65.625,worker_high_water,440,12612,22,last_sat_witness,466320,272025,True,
ER_20_p0.30_seed1__h1_k1__r0__cadical,ER_20_p0.30_seed1,ER,1,1,0,0,cadical,20,58,11,,30.0,OPT,RETURNED,13,13,28.46431006000057,60.48046875,worker_high_water,260,2634,13,last_sat_witness,1123843,852224,True,
ER_20_p0.30_seed1__h1_k1__r0__gurobi,ER_20_p0.30_seed1,ER,1,1,0,1,gurobi,20,58,11,,30.0,OPT,RETURNED,13,13,0.9893118039999536,46.15234375,worker_high_water,301,2605,14,assignment_at_greedy_UB,,,False,
ER_20_p0.30_seed1__h1_k1__r1__gurobi,ER_20_p0.30_seed1,ER,1,1,1,0,gurobi,20,58,11,,30.0,OPT,RETURNED,13,13,0.49916897200000676,46.84375,worker_high_water,301,2605,14,assignment_at_greedy_UB,,,False,
ER_20_p0.30_seed1__h1_k1__r1__cadical,ER_20_p0.30_seed1,ER,1,1,1,1,cadical,20,58,11,,30.0,FEASIBLE,WALL_TIMEOUT,14,11,30.32412861300054,,not_observed,,,,last_sat_witness,,,False,
ER_20_p0.30_seed1__h1_k1__r2__cadical,ER_20_p0.30_seed1,ER,1,1,2,0,cadical,20,58,11,,30.0,FEASIBLE,WALL_TIMEOUT,14,11,30.009460188999583,,not_observed,,,,last_sat_witness,,,False,
ER_20_p0.30_seed1__h1_k1__r2__gurobi,ER_20_p0.30_seed1,ER,1,1,2,1,gurobi,20,58,11,,30.0,OPT,RETURNED,13,13,0.633512595000866,46.3828125,worker_high_water,301,2605,14,assignment_at_greedy_UB,,,False,
ER_20_p0.30_seed1__h2_k1__r0__cadical,ER_20_p0.30_seed1,ER,2,1,0,0,cadical,20,58,11,,30.0,OPT,RETURNED,13,13,6.6169508889997815,54.59765625,worker_high_water,260,4142,13,last_sat_witness,218013,146081,True,
ER_20_p0.30_seed1__h2_k1__r0__gurobi,ER_20_p0.30_seed1,ER,2,1,0,1,gurobi,20,58,11,,30.0,OPT,RETURNED,13,13,0.9902734279994547,53.5390625,worker_high_water,381,5377,18,assignment_at_greedy_UB,,,False,
ER_20_p0.30_seed1__h2_k1__r1__gurobi,ER_20_p0.30_seed1,ER,2,1,1,0,gurobi,20,58,11,,30.0,OPT,RETURNED,13,13,0.986690359000022,54.1171875,worker_high_water,381,5377,18,assignment_at_greedy_UB,,,False,
ER_20_p0.30_seed1__h2_k1__r1__cadical,ER_20_p0.30_seed1,ER,2,1,1,1,cadical,20,58,11,,30.0,OPT,RETURNED,13,13,6.859713717999512,53.07421875,worker_high_water,260,4142,13,last_sat_witness,218013,146081,True,
ER_20_p0.30_seed1__h2_k1__r2__cadical,ER_20_p0.30_seed1,ER,2,1,2,0,cadical,20,58,11,,30.0,OPT,RETURNED,13,13,6.6104856689999,53.7109375,worker_high_water,260,4142,13,last_sat_witness,218013,146081,True,
ER_20_p0.30_seed1__h2_k1__r2__gurobi,ER_20_p0.30_seed1,ER,2,1,2,1,gurobi,20,58,11,,30.0,OPT,RETURNED,13,13,0.9993906249992506,54.12109375,worker_high_water,381,5377,18,assignment_at_greedy_UB,,,False,
ER_20_p0.30_seed1__h3_k2__r0__cadical,ER_20_p0.30_seed1,ER,3,2,0,0,cadical,20,58,11,,30.0,FEASIBLE,WALL_TIMEOUT,35,23,30.008599402999607,,not_observed,,,,last_sat_witness,,,False,
ER_20_p0.30_seed1__h3_k2__r0__gurobi,ER_20_p0.30_seed1,ER,3,2,0,1,gurobi,20,58,11,,30.0,OPT,RETURNED,26,26,8.4464556920002,77.08203125,worker_high_water,721,22110,35,assignment_at_greedy_UB,,,False,
ER_20_p0.30_seed1__h3_k2__r1__gurobi,ER_20_p0.30_seed1,ER,3,2,1,0,gurobi,20,58,11,,30.0,OPT,RETURNED,26,26,8.415918592999333,79.8359375,worker_high_water,721,22110,35,assignment_at_greedy_UB,,,False,
ER_20_p0.30_seed1__h3_k2__r1__cadical,ER_20_p0.30_seed1,ER,3,2,1,1,cadical,20,58,11,,30.0,FEASIBLE,WALL_TIMEOUT,35,23,30.009535752000374,,not_observed,,,,last_sat_witness,,,False,
ER_20_p0.30_seed1__h3_k2__r2__cadical,ER_20_p0.30_seed1,ER,3,2,2,0,cadical,20,58,11,,30.0,FEASIBLE,WALL_TIMEOUT,35,23,30.029076429999805,,not_observed,,,,last_sat_witness,,,False,
ER_20_p0.30_seed1__h3_k2__r2__gurobi,ER_20_p0.30_seed1,ER,3,2,2,1,gurobi,20,58,11,,30.0,OPT,RETURNED,26,26,11.446411050999814,81.51953125,worker_high_water,721,22110,35,assignment_at_greedy_UB,,,False,
ER_20_p0.30_seed2__h1_k1__r0__gurobi,ER_20_p0.30_seed2,ER,1,1,0,0,gurobi,20,59,10,,30.0,OPT,RETURNED,13,13,0.772159209000165,44.5625,worker_high_water,281,2322,13,assignment_at_greedy_UB,,,False,
ER_20_p0.30_seed2__h1_k1__r0__cadical,ER_20_p0.30_seed2,ER,1,1,0,1,cadical,20,59,10,,30.0,OPT,RETURNED,13,13,14.801410908000435,52.51953125,worker_high_water,,,,last_sat_witness,746750,523252,True,
ER_20_p0.30_seed2__h1_k1__r1__cadical,ER_20_p0.30_seed2,ER,1,1,1,0,cadical,20,59,10,,30.0,OPT,RETURNED,13,13,15.569564286000059,52.9296875,worker_high_water,,,,last_sat_witness,746750,523252,True,
ER_20_p0.30_seed2__h1_k1__r1__gurobi,ER_20_p0.30_seed2,ER,1,1,1,1,gurobi,20,59,10,,30.0,OPT,RETURNED,13,13,1.0548855639999601,44.1875,worker_high_water,281,2322,13,assignment_at_greedy_UB,,,False,
ER_20_p0.30_seed2__h1_k1__r2__gurobi,ER_20_p0.30_seed2,ER,1,1,2,0,gurobi,20,59,10,,30.0,OPT,RETURNED,13,13,0.6355615939992276,44.5546875,worker_high_water,281,2322,13,assignment_at_greedy_UB,,,False,
ER_20_p0.30_seed2__h1_k1__r2__cadical,ER_20_p0.30_seed2,ER,1,1,2,1,cadical,20,59,10,,30.0,OPT,RETURNED,13,13,13.528599472000678,53.40234375,worker_high_water,,,,last_sat_witness,746750,523252,True,
ER_20_p0.30_seed2__h2_k1__r0__gurobi,ER_20_p0.30_seed2,ER,2,1,0,0,gurobi,20,59,10,,30.0,OPT,RETURNED,13,13,0.8359801420001531,49.27734375,worker_high_water,321,4418,15,assignment_at_greedy_UB,,,False,
ER_20_p0.30_seed2__h2_k1__r0__cadical,ER_20_p0.30_seed2,ER,2,1,0,1,cadical,20,59,10,,30.0,OPT,RETURNED,13,13,7.261212353000701,51.80859375,worker_high_water,260,4056,13,last_sat_witness,247774,158737,True,
ER_20_p0.30_seed2__h2_k1__r1__cadical,ER_20_p0.30_seed2,ER,2,1,1,0,cadical,20,59,10,,30.0,OPT,RETURNED,13,13,7.347418000000289,53.00390625,worker_high_water,260,4056,13,last_sat_witness,247774,158737,True,
ER_20_p0.30_seed2__h2_k1__r1__gurobi,ER_20_p0.30_seed2,ER,2,1,1,1,gurobi,20,59,10,,30.0,OPT,RETURNED,13,13,0.8972149209994313,48.87109375,worker_high_water,321,4418,15,assignment_at_greedy_UB,,,False,
ER_20_p0.30_seed2__h2_k1__r2__gurobi,ER_20_p0.30_seed2,ER,2,1,2,0,gurobi,20,59,10,,30.0,OPT,RETURNED,13,13,0.723085878999882,49.00390625,worker_high_water,321,4418,15,assignment_at_greedy_UB,,,False,
ER_20_p0.30_seed2__h2_k1__r2__cadical,ER_20_p0.30_seed2,ER,2,1,2,1,cadical,20,59,10,,30.0,OPT,RETURNED,13,13,7.154426449999846,53.78515625,worker_high_water,260,4056,13,last_sat_witness,247774,158737,True,
ER_20_p0.30_seed2__h3_k2__r0__gurobi,ER_20_p0.30_seed2,ER,3,2,0,0,gurobi,20,59,10,,30.0,OPT,RETURNED,26,26,3.7722476600001755,68.43359375,worker_high_water,701,20723,34,assignment_at_greedy_UB,,,False,
ER_20_p0.30_seed2__h3_k2__r0__cadical,ER_20_p0.30_seed2,ER,3,2,0,1,cadical,20,59,10,,30.0,FEASIBLE,WALL_TIMEOUT,34,21,30.010111178999978,,not_observed,,,,last_sat_witness,,,False,
ER_20_p0.30_seed2__h3_k2__r1__cadical,ER_20_p0.30_seed2,ER,3,2,1,0,cadical,20,59,10,,30.0,FEASIBLE,WALL_TIMEOUT,34,21,30.011123432000204,,not_observed,,,,last_sat_witness,,,False,
ER_20_p0.30_seed2__h3_k2__r1__gurobi,ER_20_p0.30_seed2,ER,3,2,1,1,gurobi,20,59,10,,30.0,OPT,RETURNED,26,26,4.324755390000064,68.578125,worker_high_water,701,20723,34,assignment_at_greedy_UB,,,False,
ER_20_p0.30_seed2__h3_k2__r2__gurobi,ER_20_p0.30_seed2,ER,3,2,2,0,gurobi,20,59,10,,30.0,OPT,RETURNED,26,26,4.095835582999825,67.4296875,worker_high_water,701,20723,34,assignment_at_greedy_UB,,,False,
ER_20_p0.30_seed2__h3_k2__r2__cadical,ER_20_p0.30_seed2,ER,3,2,2,1,cadical,20,59,10,,30.0,FEASIBLE,WALL_TIMEOUT,34,21,30.00752412699967,,not_observed,,,,last_sat_witness,,,False,
BA_20_m2_seed0__h1_k1__r0__cadical,BA_20_m2_seed0,BA,1,1,0,0,cadical,20,36,12,,30.0,OPT,RETURNED,12,12,0.39033511099933094,33.76953125,worker_high_water,,,,last_sat_witness,0,0,True,
BA_20_m2_seed0__h1_k1__r0__gurobi,BA_20_m2_seed0,BA,1,1,0,1,gurobi,20,36,12,,30.0,OPT,RETURNED,12,12,0.44444441700034076,43.7421875,worker_high_water,261,1782,12,assignment_at_greedy_UB,,,False,
BA_20_m2_seed0__h1_k1__r1__gurobi,BA_20_m2_seed0,BA,1,1,1,0,gurobi,20,36,12,,30.0,OPT,RETURNED,12,12,0.43768671799989534,43.71484375,worker_high_water,261,1782,12,assignment_at_greedy_UB,,,False,
BA_20_m2_seed0__h1_k1__r1__cadical,BA_20_m2_seed0,BA,1,1,1,1,cadical,20,36,12,,30.0,OPT,RETURNED,12,12,0.42378960799942433,33.859375,worker_high_water,,,,last_sat_witness,0,0,True,
BA_20_m2_seed0__h1_k1__r2__cadical,BA_20_m2_seed0,BA,1,1,2,0,cadical,20,36,12,,30.0,OPT,RETURNED,12,12,0.35745791000044846,33.95703125,worker_high_water,,,,last_sat_witness,0,0,True,
BA_20_m2_seed0__h1_k1__r2__gurobi,BA_20_m2_seed0,BA,1,1,2,1,gurobi,20,36,12,,30.0,OPT,RETURNED,12,12,0.42255369200029236,43.9921875,worker_high_water,261,1782,12,assignment_at_greedy_UB,,,False,
BA_20_m2_seed0__h2_k1__r0__cadical,BA_20_m2_seed0,BA,2,1,0,0,cadical,20,36,12,,30.0,OPT,RETURNED,13,13,0.36741589000030217,37.796875,worker_high_water,260,3052,13,last_sat_witness,182,44,True,
BA_20_m2_seed0__h2_k1__r0__gurobi,BA_20_m2_seed0,BA,2,1,0,1,gurobi,20,36,12,,30.0,OPT,RETURNED,13,13,0.47562900699995225,47.0,worker_high_water,301,3058,14,assignment_at_greedy_UB,,,False,
BA_20_m2_seed0__h2_k1__r1__gurobi,BA_20_m2_seed0,BA,2,1,1,0,gurobi,20,36,12,,30.0,OPT,RETURNED,13,13,0.48797162999926513,46.89453125,worker_high_water,301,3058,14,assignment_at_greedy_UB,,,False,
BA_20_m2_seed0__h2_k1__r1__cadical,BA_20_m2_seed0,BA,2,1,1,1,cadical,20,36,12,,30.0,OPT,RETURNED,13,13,0.3626423590003469,37.26953125,worker_high_water,260,3052,13,last_sat_witness,182,44,True,
BA_20_m2_seed0__h2_k1__r2__cadical,BA_20_m2_seed0,BA,2,1,2,0,cadical,20,36,12,,30.0,OPT,RETURNED,13,13,0.36249093299920787,38.03515625,worker_high_water,260,3052,13,last_sat_witness,182,44,True,
BA_20_m2_seed0__h2_k1__r2__gurobi,BA_20_m2_seed0,BA,2,1,2,1,gurobi,20,36,12,,30.0,OPT,RETURNED,13,13,0.6813378400001966,46.96484375,worker_high_water,301,3058,14,assignment_at_greedy_UB,,,False,
BA_20_m2_seed0__h3_k2__r0__cadical,BA_20_m2_seed0,BA,3,2,0,0,cadical,20,36,12,,30.0,OPT,RETURNED,25,25,0.6542385220000142,51.48828125,worker_high_water,500,12392,25,last_sat_witness,12817,6932,True,
BA_20_m2_seed0__h3_k2__r0__gurobi,BA_20_m2_seed0,BA,3,2,0,1,gurobi,20,36,12,,30.0,OPT,RETURNED,25,25,1.0409841149994463,56.69140625,worker_high_water,581,13374,28,assignment_at_greedy_UB,,,False,
BA_20_m2_seed0__h3_k2__r1__gurobi,BA_20_m2_seed0,BA,3,2,1,0,gurobi,20,36,12,,30.0,OPT,RETURNED,25,25,1.0840437449996898,56.21484375,worker_high_water,581,13374,28,assignment_at_greedy_UB,,,False,
BA_20_m2_seed0__h3_k2__r1__cadical,BA_20_m2_seed0,BA,3,2,1,1,cadical,20,36,12,,30.0,OPT,RETURNED,25,25,0.6542313989994,51.70703125,worker_high_water,500,12392,25,last_sat_witness,12817,6932,True,
BA_20_m2_seed0__h3_k2__r2__cadical,BA_20_m2_seed0,BA,3,2,2,0,cadical,20,36,12,,30.0,OPT,RETURNED,25,25,0.7422739230005391,51.50390625,worker_high_water,500,12392,25,last_sat_witness,12817,6932,True,
BA_20_m2_seed0__h3_k2__r2__gurobi,BA_20_m2_seed0,BA,3,2,2,1,gurobi,20,36,12,,30.0,OPT,RETURNED,25,25,1.1276740280000013,56.23828125,worker_high_water,581,13374,28,assignment_at_greedy_UB,,,False,
BA_20_m2_seed1__h1_k1__r0__gurobi,BA_20_m2_seed1,BA,1,1,0,0,gurobi,20,36,12,,30.0,OPT,RETURNED,12,12,0.46142259200041735,43.98828125,worker_high_water,261,1808,12,assignment_at_greedy_UB,,,False,
BA_20_m2_seed1__h1_k1__r0__cadical,BA_20_m2_seed1,BA,1,1,0,1,cadical,20,36,12,,30.0,OPT,RETURNED,12,12,0.38324901499981934,33.8125,worker_high_water,,,,last_sat_witness,0,0,True,
BA_20_m2_seed1__h1_k1__r1__cadical,BA_20_m2_seed1,BA,1,1,1,0,cadical,20,36,12,,30.0,OPT,RETURNED,12,12,0.45292001699999673,33.921875,worker_high_water,,,,last_sat_witness,0,0,True,
BA_20_m2_seed1__h1_k1__r1__gurobi,BA_20_m2_seed1,BA,1,1,1,1,gurobi,20,36,12,,30.0,OPT,RETURNED,12,12,0.4162496649996683,43.9375,worker_high_water,261,1808,12,assignment_at_greedy_UB,,,False,
BA_20_m2_seed1__h1_k1__r2__gurobi,BA_20_m2_seed1,BA,1,1,2,0,gurobi,20,36,12,,30.0,OPT,RETURNED,12,12,0.41589334800028155,44.0234375,worker_high_water,261,1808,12,assignment_at_greedy_UB,,,False,
BA_20_m2_seed1__h1_k1__r2__cadical,BA_20_m2_seed1,BA,1,1,2,1,cadical,20,36,12,,30.0,OPT,RETURNED,12,12,0.3475225270003648,33.78125,worker_high_water,,,,last_sat_witness,0,0,True,
BA_20_m2_seed1__h2_k1__r0__gurobi,BA_20_m2_seed1,BA,2,1,0,0,gurobi,20,36,12,,30.0,OPT,RETURNED,13,13,0.47337247199993726,46.06640625,worker_high_water,301,3088,14,assignment_at_greedy_UB,,,False,
BA_20_m2_seed1__h2_k1__r0__cadical,BA_20_m2_seed1,BA,2,1,0,1,cadical,20,36,12,,30.0,OPT,RETURNED,13,13,0.42684000700046454,37.6953125,worker_high_water,260,3080,13,last_sat_witness,154,11,True,
BA_20_m2_seed1__h2_k1__r1__cadical,BA_20_m2_seed1,BA,2,1,1,0,cadical,20,36,12,,30.0,OPT,RETURNED,13,13,0.38146401199992397,37.79296875,worker_high_water,260,3080,13,last_sat_witness,154,11,True,
BA_20_m2_seed1__h2_k1__r1__gurobi,BA_20_m2_seed1,BA,2,1,1,1,gurobi,20,36,12,,30.0,OPT,RETURNED,13,13,0.48963650400037295,46.671875,worker_high_water,301,3088,14,assignment_at_greedy_UB,,,False,
BA_20_m2_seed1__h2_k1__r2__gurobi,BA_20_m2_seed1,BA,2,1,2,0,gurobi,20,36,12,,30.0,OPT,RETURNED,13,13,0.48500598600003286,46.9453125,worker_high_water,301,3088,14,assignment_at_greedy_UB,,,False,
BA_20_m2_seed1__h2_k1__r2__cadical,BA_20_m2_seed1,BA,2,1,2,1,cadical,20,36,12,,30.0,OPT,RETURNED,13,13,0.37005391900038376,37.828125,worker_high_water,260,3080,13,last_sat_witness,154,11,True,
BA_20_m2_seed1__h3_k2__r0__gurobi,BA_20_m2_seed1,BA,3,2,0,0,gurobi,20,36,12,,30.0,OPT,RETURNED,25,25,1.0793959620004898,56.93359375,worker_high_water,621,14504,30,assignment_at_greedy_UB,,,False,
BA_20_m2_seed1__h3_k2__r0__cadical,BA_20_m2_seed1,BA,3,2,0,1,cadical,20,36,12,,30.0,OPT,RETURNED,25,25,0.6297921329996825,50.98046875,worker_high_water,500,12544,25,last_sat_witness,928,52,True,
BA_20_m2_seed1__h3_k2__r1__cadical,BA_20_m2_seed1,BA,3,2,1,0,cadical,20,36,12,,30.0,OPT,RETURNED,25,25,0.634372016999805,50.1953125,worker_high_water,500,12544,25,last_sat_witness,928,52,True,
BA_20_m2_seed1__h3_k2__r1__gurobi,BA_20_m2_seed1,BA,3,2,1,1,gurobi,20,36,12,,30.0,OPT,RETURNED,25,25,1.0601948819994504,57.05078125,worker_high_water,621,14504,30,assignment_at_greedy_UB,,,False,
BA_20_m2_seed1__h3_k2__r2__gurobi,BA_20_m2_seed1,BA,3,2,2,0,gurobi,20,36,12,,30.0,OPT,RETURNED,25,25,1.157678049000424,56.671875,worker_high_water,621,14504,30,assignment_at_greedy_UB,,,False,
BA_20_m2_seed1__h3_k2__r2__cadical,BA_20_m2_seed1,BA,3,2,2,1,cadical,20,36,12,,30.0,OPT,RETURNED,25,25,0.743685669000115,50.68359375,worker_high_water,500,12544,25,last_sat_witness,928,52,True,
BA_20_m2_seed2__h1_k1__r0__cadical,BA_20_m2_seed2,BA,1,1,0,0,cadical,20,36,12,,30.0,OPT,RETURNED,13,13,6.772621598000114,51.55078125,worker_high_water,,,,last_sat_witness,402430,274872,True,
BA_20_m2_seed2__h1_k1__r0__gurobi,BA_20_m2_seed2,BA,1,1,0,1,gurobi,20,36,12,,30.0,OPT,RETURNED,13,13,0.42651757700059534,44.58203125,worker_high_water,281,2056,13,assignment_at_greedy_UB,,,False,
BA_20_m2_seed2__h1_k1__r1__gurobi,BA_20_m2_seed2,BA,1,1,1,0,gurobi,20,36,12,,30.0,OPT,RETURNED,13,13,0.4182082500001343,44.046875,worker_high_water,281,2056,13,assignment_at_greedy_UB,,,False,
BA_20_m2_seed2__h1_k1__r1__cadical,BA_20_m2_seed2,BA,1,1,1,1,cadical,20,36,12,,30.0,OPT,RETURNED,13,13,7.082012712000505,51.44921875,worker_high_water,,,,last_sat_witness,402430,274872,True,
BA_20_m2_seed2__h1_k1__r2__cadical,BA_20_m2_seed2,BA,1,1,2,0,cadical,20,36,12,,30.0,OPT,RETURNED,13,13,6.92204373200002,52.1640625,worker_high_water,,,,last_sat_witness,402430,274872,True,
BA_20_m2_seed2__h1_k1__r2__gurobi,BA_20_m2_seed2,BA,1,1,2,1,gurobi,20,36,12,,30.0,OPT,RETURNED,13,13,0.42054207299952395,43.89453125,worker_high_water,281,2056,13,assignment_at_greedy_UB,,,False,
BA_20_m2_seed2__h2_k1__r0__cadical,BA_20_m2_seed2,BA,2,1,0,0,cadical,20,36,12,,30.0,OPT,RETURNED,13,13,0.3890588240001307,39.34375,worker_high_water,260,3192,13,last_sat_witness,800,276,True,
BA_20_m2_seed2__h2_k1__r0__gurobi,BA_20_m2_seed2,BA,2,1,0,1,gurobi,20,36,12,,30.0,OPT,RETURNED,13,13,0.5062031360002948,47.48828125,worker_high_water,321,3424,15,assignment_at_greedy_UB,,,False,
BA_20_m2_seed2__h2_k1__r1__gurobi,BA_20_m2_seed2,BA,2,1,1,0,gurobi,20,36,12,,30.0,OPT,RETURNED,13,13,0.4843016130007527,47.16796875,worker_high_water,321,3424,15,assignment_at_greedy_UB,,,False,
BA_20_m2_seed2__h2_k1__r1__cadical,BA_20_m2_seed2,BA,2,1,1,1,cadical,20,36,12,,30.0,OPT,RETURNED,13,13,0.38947541899960925,39.58203125,worker_high_water,260,3192,13,last_sat_witness,800,276,True,
BA_20_m2_seed2__h2_k1__r2__cadical,BA_20_m2_seed2,BA,2,1,2,0,cadical,20,36,12,,30.0,OPT,RETURNED,13,13,0.39504525499978627,39.45703125,worker_high_water,260,3192,13,last_sat_witness,800,276,True,
BA_20_m2_seed2__h2_k1__r2__gurobi,BA_20_m2_seed2,BA,2,1,2,1,gurobi,20,36,12,,30.0,OPT,RETURNED,13,13,0.48926668600051926,47.890625,worker_high_water,321,3424,15,assignment_at_greedy_UB,,,False,
BA_20_m2_seed2__h3_k2__r0__cadical,BA_20_m2_seed2,BA,3,2,0,0,cadical,20,36,12,,30.0,FEASIBLE,WALL_TIMEOUT,30,25,30.01010327899985,,not_observed,,,,last_sat_witness,,,False,
BA_20_m2_seed2__h3_k2__r0__gurobi,BA_20_m2_seed2,BA,3,2,0,1,gurobi,20,36,12,,30.0,OPT,RETURNED,26,26,4.060131991000162,58.90625,worker_high_water,621,15232,30,assignment_at_greedy_UB,,,False,
BA_20_m2_seed2__h3_k2__r1__gurobi,BA_20_m2_seed2,BA,3,2,1,0,gurobi,20,36,12,,30.0,OPT,RETURNED,26,26,3.052749151000171,59.0390625,worker_high_water,621,15232,30,assignment_at_greedy_UB,,,False,
BA_20_m2_seed2__h3_k2__r1__cadical,BA_20_m2_seed2,BA,3,2,1,1,cadical,20,36,12,,30.0,FEASIBLE,WALL_TIMEOUT,30,25,30.008462462999887,,not_observed,,,,last_sat_witness,,,False,
BA_20_m2_seed2__h3_k2__r2__cadical,BA_20_m2_seed2,BA,3,2,2,0,cadical,20,36,12,,30.0,FEASIBLE,WALL_TIMEOUT,30,25,30.007320372999857,,not_observed,,,,last_sat_witness,,,False,
BA_20_m2_seed2__h3_k2__r2__gurobi,BA_20_m2_seed2,BA,3,2,2,1,gurobi,20,36,12,,30.0,OPT,RETURNED,26,26,2.4558590579999873,62.46875,worker_high_water,621,15232,30,assignment_at_greedy_UB,,,False,
ER_40_p0.15_seed0__h1_k1__r0__gurobi,ER_40_p0.15_seed0,ER,1,1,0,0,gurobi,40,128,12,,30.0,OPT,RETURNED,13,13,13.547711971000354,64.3046875,worker_high_water,721,9620,17,assignment_at_greedy_UB,,,False,
ER_40_p0.15_seed0__h1_k1__r0__cadical,ER_40_p0.15_seed0,ER,1,1,0,1,cadical,40,128,12,,30.0,FEASIBLE,WALL_TIMEOUT,17,12,30.008621432999462,,not_observed,,,,last_sat_witness,,,False,
ER_40_p0.15_seed0__h1_k1__r1__cadical,ER_40_p0.15_seed0,ER,1,1,1,0,cadical,40,128,12,,30.0,FEASIBLE,WALL_TIMEOUT,17,12,30.039610308000192,,not_observed,,,,last_sat_witness,,,False,
ER_40_p0.15_seed0__h1_k1__r1__gurobi,ER_40_p0.15_seed0,ER,1,1,1,1,gurobi,40,128,12,,30.0,OPT,RETURNED,13,13,14.059400653999546,63.29296875,worker_high_water,721,9620,17,assignment_at_greedy_UB,,,False,
ER_40_p0.15_seed0__h1_k1__r2__gurobi,ER_40_p0.15_seed0,ER,1,1,2,0,gurobi,40,128,12,,30.0,OPT,RETURNED,13,13,13.894646054999612,63.765625,worker_high_water,721,9620,17,assignment_at_greedy_UB,,,False,
ER_40_p0.15_seed0__h1_k1__r2__cadical,ER_40_p0.15_seed0,ER,1,1,2,1,cadical,40,128,12,,30.0,FEASIBLE,WALL_TIMEOUT,17,12,30.008450424999864,,not_observed,,,,last_sat_witness,,,False,
ER_40_p0.15_seed0__h2_k1__r0__gurobi,ER_40_p0.15_seed0,ER,2,1,0,0,gurobi,40,128,12,,30.0,FEASIBLE,WALL_TIMEOUT,21,13,30.012379578000036,,not_observed,,,,assignment_at_greedy_UB,,,False,
ER_40_p0.15_seed0__h2_k1__r0__cadical,ER_40_p0.15_seed0,ER,2,1,0,1,cadical,40,128,12,,30.0,FEASIBLE,WALL_TIMEOUT,21,13,30.00697489200047,,not_observed,,,,last_sat_witness,,,False,
ER_40_p0.15_seed0__h2_k1__r1__cadical,ER_40_p0.15_seed0,ER,2,1,1,0,cadical,40,128,12,,30.0,FEASIBLE,WALL_TIMEOUT,21,13,30.00835976399958,,not_observed,,,,last_sat_witness,,,False,
ER_40_p0.15_seed0__h2_k1__r1__gurobi,ER_40_p0.15_seed0,ER,2,1,1,1,gurobi,40,128,12,,30.0,FEASIBLE,WALL_TIMEOUT,21,13,30.010894531000304,,not_observed,,,,assignment_at_greedy_UB,,,False,
ER_40_p0.15_seed0__h2_k1__r2__gurobi,ER_40_p0.15_seed0,ER,2,1,2,0,gurobi,40,128,12,,30.0,FEASIBLE,WALL_TIMEOUT,21,13,30.012684413999523,,not_observed,,,,assignment_at_greedy_UB,,,False,
ER_40_p0.15_seed0__h2_k1__r2__cadical,ER_40_p0.15_seed0,ER,2,1,2,1,cadical,40,128,12,,30.0,FEASIBLE,WALL_TIMEOUT,21,13,30.007145196999772,,not_observed,,,,last_sat_witness,,,False,
ER_40_p0.15_seed0__h3_k2__r0__gurobi,ER_40_p0.15_seed0,ER,3,2,0,0,gurobi,40,128,12,,30.0,FEASIBLE,WALL_TIMEOUT,44,25,30.020929305999744,,not_observed,,,,assignment_at_greedy_UB,,,False,
ER_40_p0.15_seed0__h3_k2__r0__cadical,ER_40_p0.15_seed0,ER,3,2,0,1,cadical,40,128,12,,30.0,FEASIBLE,WALL_TIMEOUT,44,25,30.011188342000423,,not_observed,,,,last_sat_witness,,,False,
ER_40_p0.15_seed0__h3_k2__r1__cadical,ER_40_p0.15_seed0,ER,3,2,1,0,cadical,40,128,12,,30.0,FEASIBLE,WALL_TIMEOUT,44,25,30.01212033400043,,not_observed,,,,last_sat_witness,,,False,
ER_40_p0.15_seed0__h3_k2__r1__gurobi,ER_40_p0.15_seed0,ER,3,2,1,1,gurobi,40,128,12,,30.0,FEASIBLE,WALL_TIMEOUT,44,25,30.014317572000436,,not_observed,,,,assignment_at_greedy_UB,,,False,
ER_40_p0.15_seed0__h3_k2__r2__gurobi,ER_40_p0.15_seed0,ER,3,2,2,0,gurobi,40,128,12,,30.0,FEASIBLE,WALL_TIMEOUT,44,25,30.016525467000974,,not_observed,,,,assignment_at_greedy_UB,,,False,
ER_40_p0.15_seed0__h3_k2__r2__cadical,ER_40_p0.15_seed0,ER,3,2,2,1,cadical,40,128,12,,30.0,FEASIBLE,WALL_TIMEOUT,44,25,30.014013920999787,,not_observed,,,,last_sat_witness,,,False,
ER_40_p0.15_seed1__h1_k1__r0__cadical,ER_40_p0.15_seed1,ER,1,1,0,0,cadical,40,115,10,,30.0,FEASIBLE,WALL_TIMEOUT,17,10,30.00733044000117,,not_observed,,,,last_sat_witness,,,False,
ER_40_p0.15_seed1__h1_k1__r0__gurobi,ER_40_p0.15_seed1,ER,1,1,0,1,gurobi,40,115,10,,30.0,OPT,RETURNED,13,13,27.86058554200099,69.7421875,worker_high_water,721,8990,17,assignment_at_greedy_UB,,,False,
ER_40_p0.15_seed1__h1_k1__r1__gurobi,ER_40_p0.15_seed1,ER,1,1,1,0,gurobi,40,115,10,,30.0,OPT,RETURNED,13,13,27.384988417001296,67.2265625,worker_high_water,721,8990,17,assignment_at_greedy_UB,,,False,
ER_40_p0.15_seed1__h1_k1__r1__cadical,ER_40_p0.15_seed1,ER,1,1,1,1,cadical,40,115,10,,30.0,FEASIBLE,WALL_TIMEOUT,17,10,30.0061826809997,,not_observed,,,,last_sat_witness,,,False,
ER_40_p0.15_seed1__h1_k1__r2__cadical,ER_40_p0.15_seed1,ER,1,1,2,0,cadical,40,115,10,,30.0,FEASIBLE,WALL_TIMEOUT,17,10,30.00847825600067,,not_observed,,,,last_sat_witness,,,False,
ER_40_p0.15_seed1__h1_k1__r2__gurobi,ER_40_p0.15_seed1,ER,1,1,2,1,gurobi,40,115,10,,30.0,FEASIBLE,WALL_TIMEOUT,17,10,30.009095275001528,,not_observed,,,,assignment_at_greedy_UB,,,False,
ER_40_p0.15_seed1__h2_k1__r0__cadical,ER_40_p0.15_seed1,ER,2,1,0,0,cadical,40,115,10,,30.0,FEASIBLE,WALL_TIMEOUT,20,11,30.01167795499896,,not_observed,,,,last_sat_witness,,,False,
ER_40_p0.15_seed1__h2_k1__r0__gurobi,ER_40_p0.15_seed1,ER,2,1,0,1,gurobi,40,115,10,,30.0,FEASIBLE,WALL_TIMEOUT,20,11,30.007999055000255,,not_observed,,,,assignment_at_greedy_UB,,,False,
ER_40_p0.15_seed1__h2_k1__r1__gurobi,ER_40_p0.15_seed1,ER,2,1,1,0,gurobi,40,115,10,,30.0,FEASIBLE,WALL_TIMEOUT,20,11,30.007480334999855,,not_observed,,,,assignment_at_greedy_UB,,,False,
ER_40_p0.15_seed1__h2_k1__r1__cadical,ER_40_p0.15_seed1,ER,2,1,1,1,cadical,40,115,10,,30.0,FEASIBLE,WALL_TIMEOUT,20,11,30.011003816000084,,not_observed,,,,last_sat_witness,,,False,
ER_40_p0.15_seed1__h2_k1__r2__cadical,ER_40_p0.15_seed1,ER,2,1,2,0,cadical,40,115,10,,30.0,FEASIBLE,WALL_TIMEOUT,20,11,30.007984994001163,,not_observed,,,,last_sat_witness,,,False,
ER_40_p0.15_seed1__h2_k1__r2__gurobi,ER_40_p0.15_seed1,ER,2,1,2,1,gurobi,40,115,10,,30.0,FEASIBLE,WALL_TIMEOUT,20,11,30.011110743000245,,not_observed,,,,assignment_at_greedy_UB,,,False,
ER_40_p0.15_seed1__h3_k2__r0__cadical,ER_40_p0.15_seed1,ER,3,2,0,0,cadical,40,115,10,,30.0,FEASIBLE,WALL_TIMEOUT,43,21,30.008911541999623,,not_observed,,,,last_sat_witness,,,False,
ER_40_p0.15_seed1__h3_k2__r0__gurobi,ER_40_p0.15_seed1,ER,3,2,0,1,gurobi,40,115,10,,30.0,FEASIBLE,WALL_TIMEOUT,43,21,30.01036928599933,,not_observed,,,,assignment_at_greedy_UB,,,False,
ER_40_p0.15_seed1__h3_k2__r1__gurobi,ER_40_p0.15_seed1,ER,3,2,1,0,gurobi,40,115,10,,30.0,FEASIBLE,WALL_TIMEOUT,43,21,30.013079745998766,,not_observed,,,,assignment_at_greedy_UB,,,False,
ER_40_p0.15_seed1__h3_k2__r1__cadical,ER_40_p0.15_seed1,ER,3,2,1,1,cadical,40,115,10,,30.0,FEASIBLE,WALL_TIMEOUT,43,21,30.021591873000943,,not_observed,,,,last_sat_witness,,,False,
ER_40_p0.15_seed1__h3_k2__r2__cadical,ER_40_p0.15_seed1,ER,3,2,2,0,cadical,40,115,10,,30.0,FEASIBLE,WALL_TIMEOUT,43,21,30.01223458700042,,not_observed,,,,last_sat_witness,,,False,
ER_40_p0.15_seed1__h3_k2__r2__gurobi,ER_40_p0.15_seed1,ER,3,2,2,1,gurobi,40,115,10,,30.0,FEASIBLE,WALL_TIMEOUT,43,21,30.01789289500084,,not_observed,,,,assignment_at_greedy_UB,,,False,
ER_40_p0.15_seed2__h1_k1__r0__gurobi,ER_40_p0.15_seed2,ER,1,1,0,0,gurobi,40,114,12,,30.0,FEASIBLE,WALL_TIMEOUT,16,12,30.008356345999346,,not_observed,,,,assignment_at_greedy_UB,,,False,
ER_40_p0.15_seed2__h1_k1__r0__cadical,ER_40_p0.15_seed2,ER,1,1,0,1,cadical,40,114,12,,30.0,FEASIBLE,WALL_TIMEOUT,16,12,30.00885938800093,,not_observed,,,,last_sat_witness,,,False,
ER_40_p0.15_seed2__h1_k1__r1__cadical,ER_40_p0.15_seed2,ER,1,1,1,0,cadical,40,114,12,,30.0,FEASIBLE,WALL_TIMEOUT,16,12,30.01112341999942,,not_observed,,,,last_sat_witness,,,False,
ER_40_p0.15_seed2__h1_k1__r1__gurobi,ER_40_p0.15_seed2,ER,1,1,1,1,gurobi,40,114,12,,30.0,FEASIBLE,WALL_TIMEOUT,16,12,30.00863534400014,,not_observed,,,,assignment_at_greedy_UB,,,False,
ER_40_p0.15_seed2__h1_k1__r2__gurobi,ER_40_p0.15_seed2,ER,1,1,2,0,gurobi,40,114,12,,30.0,FEASIBLE,WALL_TIMEOUT,16,12,30.012796449000234,,not_observed,,,,assignment_at_greedy_UB,,,False,
ER_40_p0.15_seed2__h1_k1__r2__cadical,ER_40_p0.15_seed2,ER,1,1,2,1,cadical,40,114,12,,30.0,FEASIBLE,WALL_TIMEOUT,16,12,30.00799457499852,,not_observed,,,,last_sat_witness,,,False,
ER_40_p0.15_seed2__h2_k1__r0__gurobi,ER_40_p0.15_seed2,ER,2,1,0,0,gurobi,40,114,12,,30.0,FEASIBLE,WALL_TIMEOUT,20,13,30.01095235200046,,not_observed,,,,assignment_at_greedy_UB,,,False,
ER_40_p0.15_seed2__h2_k1__r0__cadical,ER_40_p0.15_seed2,ER,2,1,0,1,cadical,40,114,12,,30.0,FEASIBLE,WALL_TIMEOUT,20,13,30.00990895799987,,not_observed,,,,last_sat_witness,,,False,
ER_40_p0.15_seed2__h2_k1__r1__cadical,ER_40_p0.15_seed2,ER,2,1,1,0,cadical,40,114,12,,30.0,FEASIBLE,WALL_TIMEOUT,20,13,30.008581893000155,,not_observed,,,,last_sat_witness,,,False,
ER_40_p0.15_seed2__h2_k1__r1__gurobi,ER_40_p0.15_seed2,ER,2,1,1,1,gurobi,40,114,12,,30.0,FEASIBLE,WALL_TIMEOUT,20,13,30.02095936099977,,not_observed,,,,assignment_at_greedy_UB,,,False,
ER_40_p0.15_seed2__h2_k1__r2__gurobi,ER_40_p0.15_seed2,ER,2,1,2,0,gurobi,40,114,12,,30.0,FEASIBLE,WALL_TIMEOUT,20,13,30.007972746998348,,not_observed,,,,assignment_at_greedy_UB,,,False,
ER_40_p0.15_seed2__h2_k1__r2__cadical,ER_40_p0.15_seed2,ER,2,1,2,1,cadical,40,114,12,,30.0,FEASIBLE,WALL_TIMEOUT,20,13,30.012248193999767,,not_observed,,,,last_sat_witness,,,False,
ER_40_p0.15_seed2__h3_k2__r0__gurobi,ER_40_p0.15_seed2,ER,3,2,0,0,gurobi,40,114,12,,30.0,FEASIBLE,WALL_TIMEOUT,39,25,30.010979140999552,,not_observed,,,,assignment_at_greedy_UB,,,False,
ER_40_p0.15_seed2__h3_k2__r0__cadical,ER_40_p0.15_seed2,ER,3,2,0,1,cadical,40,114,12,,30.0,FEASIBLE,WALL_TIMEOUT,39,25,30.013708204998693,,not_observed,,,,last_sat_witness,,,False,
ER_40_p0.15_seed2__h3_k2__r1__cadical,ER_40_p0.15_seed2,ER,3,2,1,0,cadical,40,114,12,,30.0,FEASIBLE,WALL_TIMEOUT,39,25,30.01004482099961,,not_observed,,,,last_sat_witness,,,False,
ER_40_p0.15_seed2__h3_k2__r1__gurobi,ER_40_p0.15_seed2,ER,3,2,1,1,gurobi,40,114,12,,30.0,FEASIBLE,WALL_TIMEOUT,39,25,30.014255150999816,,not_observed,,,,assignment_at_greedy_UB,,,False,
ER_40_p0.15_seed2__h3_k2__r2__gurobi,ER_40_p0.15_seed2,ER,3,2,2,0,gurobi,40,114,12,,30.0,FEASIBLE,WALL_TIMEOUT,39,25,30.010322555999664,,not_observed,,,,assignment_at_greedy_UB,,,False,
ER_40_p0.15_seed2__h3_k2__r2__cadical,ER_40_p0.15_seed2,ER,3,2,2,1,cadical,40,114,12,,30.0,FEASIBLE,WALL_TIMEOUT,39,25,30.01083663300051,,not_observed,,,,last_sat_witness,,,False,
ER_40_p0.30_seed0__h1_k1__r0__cadical,ER_40_p0.30_seed0,ER,1,1,0,0,cadical,40,230,17,,30.0,FEASIBLE,WALL_TIMEOUT,35,17,30.011177622000105,,not_observed,,,,last_sat_witness,,,False,
ER_40_p0.30_seed0__h1_k1__r0__gurobi,ER_40_p0.30_seed0,ER,1,1,0,1,gurobi,40,230,17,,30.0,OPT,RETURNED,32,32,2.056953336999868,62.2734375,worker_high_water,1441,27728,35,assignment_at_greedy_UB,,,False,
ER_40_p0.30_seed0__h1_k1__r1__gurobi,ER_40_p0.30_seed0,ER,1,1,1,0,gurobi,40,230,17,,30.0,OPT,RETURNED,32,32,1.581017240001529,62.171875,worker_high_water,1441,27728,35,assignment_at_greedy_UB,,,False,
ER_40_p0.30_seed0__h1_k1__r1__cadical,ER_40_p0.30_seed0,ER,1,1,1,1,cadical,40,230,17,,30.0,FEASIBLE,WALL_TIMEOUT,35,17,30.012125375000323,,not_observed,,,,last_sat_witness,,,False,
ER_40_p0.30_seed0__h1_k1__r2__cadical,ER_40_p0.30_seed0,ER,1,1,2,0,cadical,40,230,17,,30.0,FEASIBLE,WALL_TIMEOUT,35,17,30.011675972000376,,not_observed,,,,last_sat_witness,,,False,
ER_40_p0.30_seed0__h1_k1__r2__gurobi,ER_40_p0.30_seed0,ER,1,1,2,1,gurobi,40,230,17,,30.0,OPT,RETURNED,32,32,1.8472498070004804,65.6875,worker_high_water,1441,27728,35,assignment_at_greedy_UB,,,False,
ER_40_p0.30_seed0__h2_k1__r0__cadical,ER_40_p0.30_seed0,ER,2,1,0,0,cadical,40,230,17,,30.0,FEASIBLE,WALL_TIMEOUT,36,18,30.011716851999154,,not_observed,,,,last_sat_witness,,,False,
ER_40_p0.30_seed0__h2_k1__r0__gurobi,ER_40_p0.30_seed0,ER,2,1,0,1,gurobi,40,230,17,,30.0,OPT,RETURNED,32,32,4.893442819000484,74.9296875,worker_high_water,1481,45056,36,assignment_at_greedy_UB,,,False,
ER_40_p0.30_seed0__h2_k1__r1__gurobi,ER_40_p0.30_seed0,ER,2,1,1,0,gurobi,40,230,17,,30.0,OPT,RETURNED,32,32,4.143703842999457,75.11328125,worker_high_water,1481,45056,36,assignment_at_greedy_UB,,,False,
ER_40_p0.30_seed0__h2_k1__r1__cadical,ER_40_p0.30_seed0,ER,2,1,1,1,cadical,40,230,17,,30.0,FEASIBLE,WALL_TIMEOUT,36,18,30.01316616999975,,not_observed,,,,last_sat_witness,,,False,
ER_40_p0.30_seed0__h2_k1__r2__cadical,ER_40_p0.30_seed0,ER,2,1,2,0,cadical,40,230,17,,30.0,FEASIBLE,WALL_TIMEOUT,36,18,30.01048240900127,,not_observed,,,,last_sat_witness,,,False,
ER_40_p0.30_seed0__h2_k1__r2__gurobi,ER_40_p0.30_seed0,ER,2,1,2,1,gurobi,40,230,17,,30.0,OPT,RETURNED,32,32,4.302509168001052,74.84375,worker_high_water,1481,45056,36,assignment_at_greedy_UB,,,False,
ER_40_p0.30_seed0__h3_k2__r0__cadical,ER_40_p0.30_seed0,ER,3,2,0,0,cadical,40,230,17,,30.0,FEASIBLE,WALL_TIMEOUT,77,35,30.02421137500096,,not_observed,,,,last_sat_witness,,,False,
ER_40_p0.30_seed0__h3_k2__r0__gurobi,ER_40_p0.30_seed0,ER,3,2,0,1,gurobi,40,230,17,,30.0,FEASIBLE,WALL_TIMEOUT,77,35,30.022927419999178,,not_observed,,,,assignment_at_greedy_UB,,,False,
ER_40_p0.30_seed0__h3_k2__r1__gurobi,ER_40_p0.30_seed0,ER,3,2,1,0,gurobi,40,230,17,,30.0,FEASIBLE,WALL_TIMEOUT,77,35,30.03713604299992,,not_observed,,,,assignment_at_greedy_UB,,,False,
ER_40_p0.30_seed0__h3_k2__r1__cadical,ER_40_p0.30_seed0,ER,3,2,1,1,cadical,40,230,17,,30.0,FEASIBLE,WALL_TIMEOUT,77,35,30.01772496800004,,not_observed,,,,last_sat_witness,,,False,
ER_40_p0.30_seed0__h3_k2__r2__cadical,ER_40_p0.30_seed0,ER,3,2,2,0,cadical,40,230,17,,30.0,FEASIBLE,WALL_TIMEOUT,77,35,30.02192238200041,,not_observed,,,,last_sat_witness,,,False,
ER_40_p0.30_seed0__h3_k2__r2__gurobi,ER_40_p0.30_seed0,ER,3,2,2,1,gurobi,40,230,17,,30.0,FEASIBLE,WALL_TIMEOUT,77,35,30.02275271399958,,not_observed,,,,assignment_at_greedy_UB,,,False,
ER_40_p0.30_seed1__h1_k1__r0__gurobi,ER_40_p0.30_seed1,ER,1,1,0,0,gurobi,40,228,17,,30.0,OPT,RETURNED,32,32,1.5531274730001314,59.9296875,worker_high_water,1321,25193,32,assignment_at_greedy_UB,,,False,
ER_40_p0.30_seed1__h1_k1__r0__cadical,ER_40_p0.30_seed1,ER,1,1,0,1,cadical,40,228,17,,30.0,FEASIBLE,WALL_TIMEOUT,32,17,30.0083504919985,,not_observed,,,,last_sat_witness,,,False,
ER_40_p0.30_seed1__h1_k1__r1__cadical,ER_40_p0.30_seed1,ER,1,1,1,0,cadical,40,228,17,,30.0,FEASIBLE,WALL_TIMEOUT,32,17,30.01097398099955,,not_observed,,,,last_sat_witness,,,False,
ER_40_p0.30_seed1__h1_k1__r1__gurobi,ER_40_p0.30_seed1,ER,1,1,1,1,gurobi,40,228,17,,30.0,OPT,RETURNED,32,32,1.6475553059990489,60.4296875,worker_high_water,1321,25193,32,assignment_at_greedy_UB,,,False,
ER_40_p0.30_seed1__h1_k1__r2__gurobi,ER_40_p0.30_seed1,ER,1,1,2,0,gurobi,40,228,17,,30.0,OPT,RETURNED,32,32,1.1647256769992964,59.81640625,worker_high_water,1321,25193,32,assignment_at_greedy_UB,,,False,
ER_40_p0.30_seed1__h1_k1__r2__cadical,ER_40_p0.30_seed1,ER,1,1,2,1,cadical,40,228,17,,30.0,FEASIBLE,WALL_TIMEOUT,32,17,30.01281010099956,,not_observed,,,,last_sat_witness,,,False,
ER_40_p0.30_seed1__h2_k1__r0__gurobi,ER_40_p0.30_seed1,ER,2,1,0,0,gurobi,40,228,17,,30.0,OPT,RETURNED,32,32,6.616138150000552,74.87109375,worker_high_water,1481,44653,36,assignment_at_greedy_UB,,,False,
ER_40_p0.30_seed1__h2_k1__r0__cadical,ER_40_p0.30_seed1,ER,2,1,0,1,cadical,40,228,17,,30.0,FEASIBLE,WALL_TIMEOUT,36,18,30.01185617400006,,not_observed,,,,last_sat_witness,,,False,
ER_40_p0.30_seed1__h2_k1__r1__cadical,ER_40_p0.30_seed1,ER,2,1,1,0,cadical,40,228,17,,30.0,FEASIBLE,WALL_TIMEOUT,36,18,30.01313971899981,,not_observed,,,,last_sat_witness,,,False,
ER_40_p0.30_seed1__h2_k1__r1__gurobi,ER_40_p0.30_seed1,ER,2,1,1,1,gurobi,40,228,17,,30.0,OPT,RETURNED,32,32,5.331930487000136,74.44140625,worker_high_water,1481,44653,36,assignment_at_greedy_UB,,,False,
ER_40_p0.30_seed1__h2_k1__r2__gurobi,ER_40_p0.30_seed1,ER,2,1,2,0,gurobi,40,228,17,,30.0,OPT,RETURNED,32,32,4.604237818999536,74.359375,worker_high_water,1481,44653,36,assignment_at_greedy_UB,,,False,
ER_40_p0.30_seed1__h2_k1__r2__cadical,ER_40_p0.30_seed1,ER,2,1,2,1,cadical,40,228,17,,30.0,FEASIBLE,WALL_TIMEOUT,36,18,30.012732154998957,,not_observed,,,,last_sat_witness,,,False,
ER_40_p0.30_seed1__h3_k2__r0__gurobi,ER_40_p0.30_seed1,ER,3,2,0,0,gurobi,40,228,17,,30.0,FEASIBLE,WALL_TIMEOUT,78,35,30.01751262000107,,not_observed,,,,assignment_at_greedy_UB,,,False,
ER_40_p0.30_seed1__h3_k2__r0__cadical,ER_40_p0.30_seed1,ER,3,2,0,1,cadical,40,228,17,,30.0,FEASIBLE,WALL_TIMEOUT,78,35,30.017507144000774,,not_observed,,,,last_sat_witness,,,False,
ER_40_p0.30_seed1__h3_k2__r1__cadical,ER_40_p0.30_seed1,ER,3,2,1,0,cadical,40,228,17,,30.0,FEASIBLE,WALL_TIMEOUT,78,35,30.01866261699979,,not_observed,,,,last_sat_witness,,,False,
ER_40_p0.30_seed1__h3_k2__r1__gurobi,ER_40_p0.30_seed1,ER,3,2,1,1,gurobi,40,228,17,,30.0,FEASIBLE,WALL_TIMEOUT,78,35,30.019002719000127,,not_observed,,,,assignment_at_greedy_UB,,,False,
ER_40_p0.30_seed1__h3_k2__r2__gurobi,ER_40_p0.30_seed1,ER,3,2,2,0,gurobi,40,228,17,,30.0,FEASIBLE,WALL_TIMEOUT,78,35,30.019728682998903,,not_observed,,,,assignment_at_greedy_UB,,,False,
ER_40_p0.30_seed1__h3_k2__r2__cadical,ER_40_p0.30_seed1,ER,3,2,2,1,cadical,40,228,17,,30.0,FEASIBLE,WALL_TIMEOUT,78,35,30.02058212599877,,not_observed,,,,last_sat_witness,,,False,
ER_40_p0.30_seed2__h1_k1__r0__cadical,ER_40_p0.30_seed2,ER,1,1,0,0,cadical,40,226,18,,30.0,FEASIBLE,WALL_TIMEOUT,32,18,30.010070493999592,,not_observed,,,,last_sat_witness,,,False,
ER_40_p0.30_seed2__h1_k1__r0__gurobi,ER_40_p0.30_seed2,ER,1,1,0,1,gurobi,40,226,18,,30.0,OPT,RETURNED,32,32,0.804642318000333,59.69140625,worker_high_water,1321,24929,32,assignment_at_greedy_UB,,,False,
ER_40_p0.30_seed2__h1_k1__r1__gurobi,ER_40_p0.30_seed2,ER,1,1,1,0,gurobi,40,226,18,,30.0,OPT,RETURNED,32,32,0.9246443420015567,59.6953125,worker_high_water,1321,24929,32,assignment_at_greedy_UB,,,False,
ER_40_p0.30_seed2__h1_k1__r1__cadical,ER_40_p0.30_seed2,ER,1,1,1,1,cadical,40,226,18,,30.0,FEASIBLE,WALL_TIMEOUT,32,18,30.00882757999898,,not_observed,,,,last_sat_witness,,,False,
ER_40_p0.30_seed2__h1_k1__r2__cadical,ER_40_p0.30_seed2,ER,1,1,2,0,cadical,40,226,18,,30.0,FEASIBLE,WALL_TIMEOUT,32,18,30.00834611800019,,not_observed,,,,last_sat_witness,,,False,
ER_40_p0.30_seed2__h1_k1__r2__gurobi,ER_40_p0.30_seed2,ER,1,1,2,1,gurobi,40,226,18,,30.0,OPT,RETURNED,32,32,0.8220534140000382,60.08203125,worker_high_water,1321,24929,32,assignment_at_greedy_UB,,,False,
ER_40_p0.30_seed2__h2_k1__r0__cadical,ER_40_p0.30_seed2,ER,2,1,0,0,cadical,40,226,18,,30.0,FEASIBLE,WALL_TIMEOUT,36,19,30.008356000000276,,not_observed,,,,last_sat_witness,,,False,
ER_40_p0.30_seed2__h2_k1__r0__gurobi,ER_40_p0.30_seed2,ER,2,1,0,1,gurobi,40,226,18,,30.0,OPT,RETURNED,32,32,3.7292488039984164,77.89453125,worker_high_water,1481,44213,36,assignment_at_greedy_UB,,,False,
ER_40_p0.30_seed2__h2_k1__r1__gurobi,ER_40_p0.30_seed2,ER,2,1,1,0,gurobi,40,226,18,,30.0,OPT,RETURNED,32,32,3.4520056640012626,78.17578125,worker_high_water,1481,44213,36,assignment_at_greedy_UB,,,False,
ER_40_p0.30_seed2__h2_k1__r1__cadical,ER_40_p0.30_seed2,ER,2,1,1,1,cadical,40,226,18,,30.0,FEASIBLE,WALL_TIMEOUT,36,19,30.012301157001275,,not_observed,,,,last_sat_witness,,,False,
ER_40_p0.30_seed2__h2_k1__r2__cadical,ER_40_p0.30_seed2,ER,2,1,2,0,cadical,40,226,18,,30.0,FEASIBLE,WALL_TIMEOUT,36,19,30.00780282499909,,not_observed,,,,last_sat_witness,,,False,
ER_40_p0.30_seed2__h2_k1__r2__gurobi,ER_40_p0.30_seed2,ER,2,1,2,1,gurobi,40,226,18,,30.0,OPT,RETURNED,32,32,3.453559175999544,82.02734375,worker_high_water,1481,44213,36,assignment_at_greedy_UB,,,False,
ER_40_p0.30_seed2__h3_k2__r0__cadical,ER_40_p0.30_seed2,ER,3,2,0,0,cadical,40,226,18,,30.0,FEASIBLE,WALL_TIMEOUT,74,37,30.019928361001803,,not_observed,,,,last_sat_witness,,,False,
ER_40_p0.30_seed2__h3_k2__r0__gurobi,ER_40_p0.30_seed2,ER,3,2,0,1,gurobi,40,226,18,,30.0,OPT,RETURNED,64,64,20.982856303000517,188.37109375,worker_high_water,3001,200995,74,assignment_at_greedy_UB,,,False,
ER_40_p0.30_seed2__h3_k2__r1__gurobi,ER_40_p0.30_seed2,ER,3,2,1,0,gurobi,40,226,18,,30.0,OPT,RETURNED,64,64,22.188754216000234,187.75390625,worker_high_water,3001,200995,74,assignment_at_greedy_UB,,,False,
ER_40_p0.30_seed2__h3_k2__r1__cadical,ER_40_p0.30_seed2,ER,3,2,1,1,cadical,40,226,18,,30.0,FEASIBLE,WALL_TIMEOUT,74,37,30.01814758099863,,not_observed,,,,last_sat_witness,,,False,
ER_40_p0.30_seed2__h3_k2__r2__cadical,ER_40_p0.30_seed2,ER,3,2,2,0,cadical,40,226,18,,30.0,FEASIBLE,WALL_TIMEOUT,74,37,30.02089366799919,,not_observed,,,,last_sat_witness,,,False,
ER_40_p0.30_seed2__h3_k2__r2__gurobi,ER_40_p0.30_seed2,ER,3,2,2,1,gurobi,40,226,18,,30.0,OPT,RETURNED,64,64,22.561170207000032,190.9453125,worker_high_water,3001,200995,74,assignment_at_greedy_UB,,,False,
BA_40_m2_seed0__h1_k1__r0__gurobi,BA_40_m2_seed0,BA,1,1,0,0,gurobi,40,76,15,,30.0,OPT,RETURNED,15,15,0.7651992930004781,47.05859375,worker_high_water,641,6112,15,assignment_at_greedy_UB,,,False,
BA_40_m2_seed0__h1_k1__r0__cadical,BA_40_m2_seed0,BA,1,1,0,1,cadical,40,76,15,,30.0,OPT,RETURNED,15,15,0.3086540789990977,33.796875,worker_high_water,,,,last_sat_witness,0,0,True,
BA_40_m2_seed0__h1_k1__r1__cadical,BA_40_m2_seed0,BA,1,1,1,0,cadical,40,76,15,,30.0,OPT,RETURNED,15,15,0.30612688600012916,34.14453125,worker_high_water,,,,last_sat_witness,0,0,True,
BA_40_m2_seed0__h1_k1__r1__gurobi,BA_40_m2_seed0,BA,1,1,1,1,gurobi,40,76,15,,30.0,OPT,RETURNED,15,15,0.5097480459990038,46.91796875,worker_high_water,641,6112,15,assignment_at_greedy_UB,,,False,
BA_40_m2_seed0__h1_k1__r2__gurobi,BA_40_m2_seed0,BA,1,1,2,0,gurobi,40,76,15,,30.0,OPT,RETURNED,15,15,0.49760731300011685,46.8828125,worker_high_water,641,6112,15,assignment_at_greedy_UB,,,False,
BA_40_m2_seed0__h1_k1__r2__cadical,BA_40_m2_seed0,BA,1,1,2,1,cadical,40,76,15,,30.0,OPT,RETURNED,15,15,0.45120239999960177,33.8046875,worker_high_water,,,,last_sat_witness,0,0,True,
BA_40_m2_seed0__h2_k1__r0__gurobi,BA_40_m2_seed0,BA,2,1,0,0,gurobi,40,76,15,,30.0,OPT,RETURNED,16,16,0.8820235740004136,52.8359375,worker_high_water,721,9450,17,assignment_at_greedy_UB,,,False,
BA_40_m2_seed0__h2_k1__r0__cadical,BA_40_m2_seed0,BA,2,1,0,1,cadical,40,76,15,,30.0,OPT,RETURNED,16,16,0.49040441200122586,44.44921875,worker_high_water,640,9441,16,last_sat_witness,776,139,True,
BA_40_m2_seed0__h2_k1__r1__cadical,BA_40_m2_seed0,BA,2,1,1,0,cadical,40,76,15,,30.0,OPT,RETURNED,16,16,0.4337248020001425,44.30859375,worker_high_water,640,9441,16,last_sat_witness,776,139,True,
BA_40_m2_seed0__h2_k1__r1__gurobi,BA_40_m2_seed0,BA,2,1,1,1,gurobi,40,76,15,,30.0,OPT,RETURNED,16,16,0.8362995839997893,53.07421875,worker_high_water,721,9450,17,assignment_at_greedy_UB,,,False,
BA_40_m2_seed0__h2_k1__r2__gurobi,BA_40_m2_seed0,BA,2,1,2,0,gurobi,40,76,15,,30.0,OPT,RETURNED,16,16,1.0588785659983841,52.90625,worker_high_water,721,9450,17,assignment_at_greedy_UB,,,False,
BA_40_m2_seed0__h2_k1__r2__cadical,BA_40_m2_seed0,BA,2,1,2,1,cadical,40,76,15,,30.0,OPT,RETURNED,16,16,0.4785243359983724,44.14453125,worker_high_water,640,9441,16,last_sat_witness,776,139,True,
BA_40_m2_seed0__h3_k2__r0__gurobi,BA_40_m2_seed0,BA,3,2,0,0,gurobi,40,76,15,,30.0,OPT,RETURNED,31,31,3.599956940000993,77.67578125,worker_high_water,1401,43927,34,assignment_at_greedy_UB,,,False,
BA_40_m2_seed0__h3_k2__r0__cadical,BA_40_m2_seed0,BA,3,2,0,1,cadical,40,76,15,,30.0,OPT,RETURNED,31,31,1.4639589649996196,84.9375,worker_high_water,1240,41198,31,last_sat_witness,32658,15786,True,
BA_40_m2_seed0__h3_k2__r1__cadical,BA_40_m2_seed0,BA,3,2,1,0,cadical,40,76,15,,30.0,OPT,RETURNED,31,31,1.8064367679999123,85.60546875,worker_high_water,1240,41198,31,last_sat_witness,32658,15786,True,
BA_40_m2_seed0__h3_k2__r1__gurobi,BA_40_m2_seed0,BA,3,2,1,1,gurobi,40,76,15,,30.0,OPT,RETURNED,31,31,4.769794797999566,77.671875,worker_high_water,1401,43927,34,assignment_at_greedy_UB,,,False,
BA_40_m2_seed0__h3_k2__r2__gurobi,BA_40_m2_seed0,BA,3,2,2,0,gurobi,40,76,15,,30.0,OPT,RETURNED,31,31,2.939127441000892,77.05078125,worker_high_water,1401,43927,34,assignment_at_greedy_UB,,,False,
BA_40_m2_seed0__h3_k2__r2__cadical,BA_40_m2_seed0,BA,3,2,2,1,cadical,40,76,15,,30.0,OPT,RETURNED,31,31,1.825891803999184,86.16796875,worker_high_water,1240,41198,31,last_sat_witness,32658,15786,True,
BA_40_m2_seed1__h1_k1__r0__cadical,BA_40_m2_seed1,BA,1,1,0,0,cadical,40,76,16,,30.0,OPT,RETURNED,16,16,0.3185506219997478,33.8515625,worker_high_water,,,,last_sat_witness,0,0,True,
BA_40_m2_seed1__h1_k1__r0__gurobi,BA_40_m2_seed1,BA,1,1,0,1,gurobi,40,76,16,,30.0,OPT,RETURNED,16,16,0.6138609669997095,46.81640625,worker_high_water,681,6098,16,assignment_at_greedy_UB,,,False,
BA_40_m2_seed1__h1_k1__r1__gurobi,BA_40_m2_seed1,BA,1,1,1,0,gurobi,40,76,16,,30.0,OPT,RETURNED,16,16,0.8803756939996674,46.57421875,worker_high_water,681,6098,16,assignment_at_greedy_UB,,,False,
BA_40_m2_seed1__h1_k1__r1__cadical,BA_40_m2_seed1,BA,1,1,1,1,cadical,40,76,16,,30.0,OPT,RETURNED,16,16,0.41772467299961136,33.8828125,worker_high_water,,,,last_sat_witness,0,0,True,
BA_40_m2_seed1__h1_k1__r2__cadical,BA_40_m2_seed1,BA,1,1,2,0,cadical,40,76,16,,30.0,OPT,RETURNED,16,16,0.4813070090003748,33.91796875,worker_high_water,,,,last_sat_witness,0,0,True,
BA_40_m2_seed1__h1_k1__r2__gurobi,BA_40_m2_seed1,BA,1,1,2,1,gurobi,40,76,16,,30.0,OPT,RETURNED,16,16,0.5882755200000247,47.08203125,worker_high_water,681,6098,16,assignment_at_greedy_UB,,,False,
BA_40_m2_seed1__h2_k1__r0__cadical,BA_40_m2_seed1,BA,2,1,0,0,cadical,40,76,16,,30.0,OPT,RETURNED,17,17,0.43374404800124466,44.765625,worker_high_water,680,9596,17,last_sat_witness,454,11,True,
BA_40_m2_seed1__h2_k1__r0__gurobi,BA_40_m2_seed1,BA,2,1,0,1,gurobi,40,76,16,,30.0,OPT,RETURNED,17,17,0.6493594370003848,52.0546875,worker_high_water,761,9542,18,assignment_at_greedy_UB,,,False,
BA_40_m2_seed1__h2_k1__r1__gurobi,BA_40_m2_seed1,BA,2,1,1,0,gurobi,40,76,16,,30.0,OPT,RETURNED,17,17,0.6422856989993306,52.16796875,worker_high_water,761,9542,18,assignment_at_greedy_UB,,,False,
BA_40_m2_seed1__h2_k1__r1__cadical,BA_40_m2_seed1,BA,2,1,1,1,cadical,40,76,16,,30.0,OPT,RETURNED,17,17,0.3688946069996746,44.546875,worker_high_water,680,9596,17,last_sat_witness,454,11,True,
BA_40_m2_seed1__h2_k1__r2__cadical,BA_40_m2_seed1,BA,2,1,2,0,cadical,40,76,16,,30.0,OPT,RETURNED,17,17,0.3654549870007031,44.4140625,worker_high_water,680,9596,17,last_sat_witness,454,11,True,
BA_40_m2_seed1__h2_k1__r2__gurobi,BA_40_m2_seed1,BA,2,1,2,1,gurobi,40,76,16,,30.0,OPT,RETURNED,17,17,0.601413214000786,52.3515625,worker_high_water,761,9542,18,assignment_at_greedy_UB,,,False,
BA_40_m2_seed1__h3_k2__r0__cadical,BA_40_m2_seed1,BA,3,2,0,0,cadical,40,76,16,,30.0,OPT,RETURNED,33,33,1.5240629780000745,92.1796875,worker_high_water,1320,41544,33,last_sat_witness,29500,10633,True,
BA_40_m2_seed1__h3_k2__r0__gurobi,BA_40_m2_seed1,BA,3,2,0,1,gurobi,40,76,16,,30.0,OPT,RETURNED,33,33,2.3970535209991795,75.640625,worker_high_water,1561,46414,38,assignment_at_greedy_UB,,,False,
BA_40_m2_seed1__h3_k2__r1__gurobi,BA_40_m2_seed1,BA,3,2,1,0,gurobi,40,76,16,,30.0,OPT,RETURNED,33,33,2.8478895190000912,75.5234375,worker_high_water,1561,46414,38,assignment_at_greedy_UB,,,False,
BA_40_m2_seed1__h3_k2__r1__cadical,BA_40_m2_seed1,BA,3,2,1,1,cadical,40,76,16,,30.0,OPT,RETURNED,33,33,1.9488814350006578,90.671875,worker_high_water,1320,41544,33,last_sat_witness,29500,10633,True,
BA_40_m2_seed1__h3_k2__r2__cadical,BA_40_m2_seed1,BA,3,2,2,0,cadical,40,76,16,,30.0,OPT,RETURNED,33,33,2.1935602630001085,98.1328125,worker_high_water,1320,41544,33,last_sat_witness,29500,10633,True,
BA_40_m2_seed1__h3_k2__r2__gurobi,BA_40_m2_seed1,BA,3,2,2,1,gurobi,40,76,16,,30.0,OPT,RETURNED,33,33,2.6617851890005113,75.58203125,worker_high_water,1561,46414,38,assignment_at_greedy_UB,,,False,
BA_40_m2_seed2__h1_k1__r0__gurobi,BA_40_m2_seed2,BA,1,1,0,0,gurobi,40,76,16,,30.0,OPT,RETURNED,16,16,0.5089471189985488,46.734375,worker_high_water,681,6081,16,assignment_at_greedy_UB,,,False,
BA_40_m2_seed2__h1_k1__r0__cadical,BA_40_m2_seed2,BA,1,1,0,1,cadical,40,76,16,,30.0,OPT,RETURNED,16,16,0.3416531750008289,34.30859375,worker_high_water,,,,last_sat_witness,0,0,True,
BA_40_m2_seed2__h1_k1__r1__cadical,BA_40_m2_seed2,BA,1,1,1,0,cadical,40,76,16,,30.0,OPT,RETURNED,16,16,0.3201392549999582,33.78125,worker_high_water,,,,last_sat_witness,0,0,True,
BA_40_m2_seed2__h1_k1__r1__gurobi,BA_40_m2_seed2,BA,1,1,1,1,gurobi,40,76,16,,30.0,OPT,RETURNED,16,16,0.4578362089996517,46.53125,worker_high_water,681,6081,16,assignment_at_greedy_UB,,,False,
BA_40_m2_seed2__h1_k1__r2__gurobi,BA_40_m2_seed2,BA,1,1,2,0,gurobi,40,76,16,,30.0,OPT,RETURNED,16,16,0.4845262309991085,46.7734375,worker_high_water,681,6081,16,assignment_at_greedy_UB,,,False,
BA_40_m2_seed2__h1_k1__r2__cadical,BA_40_m2_seed2,BA,1,1,2,1,cadical,40,76,16,,30.0,OPT,RETURNED,16,16,0.3079139360015688,33.9375,worker_high_water,,,,last_sat_witness,0,0,True,
BA_40_m2_seed2__h2_k1__r0__gurobi,BA_40_m2_seed2,BA,2,1,0,0,gurobi,40,76,16,,30.0,OPT,RETURNED,17,17,0.6889581930008717,52.6640625,worker_high_water,761,9523,18,assignment_at_greedy_UB,,,False,
BA_40_m2_seed2__h2_k1__r0__cadical,BA_40_m2_seed2,BA,2,1,0,1,cadical,40,76,16,,30.0,OPT,RETURNED,17,17,0.3847401450002508,44.29296875,worker_high_water,680,9578,17,last_sat_witness,647,64,True,
BA_40_m2_seed2__h2_k1__r1__cadical,BA_40_m2_seed2,BA,2,1,1,0,cadical,40,76,16,,30.0,OPT,RETURNED,17,17,0.36641939600121987,44.72265625,worker_high_water,680,9578,17,last_sat_witness,647,64,True,
BA_40_m2_seed2__h2_k1__r1__gurobi,BA_40_m2_seed2,BA,2,1,1,1,gurobi,40,76,16,,30.0,OPT,RETURNED,17,17,0.6246401210009935,52.51171875,worker_high_water,761,9523,18,assignment_at_greedy_UB,,,False,
BA_40_m2_seed2__h2_k1__r2__gurobi,BA_40_m2_seed2,BA,2,1,2,0,gurobi,40,76,16,,30.0,OPT,RETURNED,17,17,0.822048124999128,52.65234375,worker_high_water,761,9523,18,assignment_at_greedy_UB,,,False,
BA_40_m2_seed2__h2_k1__r2__cadical,BA_40_m2_seed2,BA,2,1,2,1,cadical,40,76,16,,30.0,OPT,RETURNED,17,17,0.35143267800049216,44.30078125,worker_high_water,680,9578,17,last_sat_witness,647,64,True,
BA_40_m2_seed2__h3_k2__r0__gurobi,BA_40_m2_seed2,BA,3,2,0,0,gurobi,40,76,16,,30.0,OPT,RETURNED,33,33,2.72444133099998,79.29296875,worker_high_water,1481,43877,36,assignment_at_greedy_UB,,,False,
BA_40_m2_seed2__h3_k2__r0__cadical,BA_40_m2_seed2,BA,3,2,0,1,cadical,40,76,16,,30.0,OPT,RETURNED,33,33,0.9965477450004983,93.09375,worker_high_water,1320,41444,33,last_sat_witness,16253,6891,True,
BA_40_m2_seed2__h3_k2__r1__cadical,BA_40_m2_seed2,BA,3,2,1,0,cadical,40,76,16,,30.0,OPT,RETURNED,33,33,0.98890481700073,89.5078125,worker_high_water,1320,41444,33,last_sat_witness,16253,6891,True,
BA_40_m2_seed2__h3_k2__r1__gurobi,BA_40_m2_seed2,BA,3,2,1,1,gurobi,40,76,16,,30.0,OPT,RETURNED,33,33,3.2700410219986225,78.7421875,worker_high_water,1481,43877,36,assignment_at_greedy_UB,,,False,
BA_40_m2_seed2__h3_k2__r2__gurobi,BA_40_m2_seed2,BA,3,2,2,0,gurobi,40,76,16,,30.0,OPT,RETURNED,33,33,4.835102992001339,78.3671875,worker_high_water,1481,43877,36,assignment_at_greedy_UB,,,False,
BA_40_m2_seed2__h3_k2__r2__cadical,BA_40_m2_seed2,BA,3,2,2,1,cadical,40,76,16,,30.0,OPT,RETURNED,33,33,1.817324527000892,88.18359375,worker_high_water,1320,41444,33,last_sat_witness,16253,6891,True,
ER_60_p0.15_seed0__h1_k1__r0__cadical,ER_60_p0.15_seed0,ER,1,1,0,0,cadical,60,272,17,,30.0,FEASIBLE,WALL_TIMEOUT,27,17,30.00988573200084,,not_observed,,,,last_sat_witness,,,False,
ER_60_p0.15_seed0__h1_k1__r0__gurobi,ER_60_p0.15_seed0,ER,1,1,0,1,gurobi,60,272,17,,30.0,FEASIBLE,WALL_TIMEOUT,27,17,30.007382727999357,,not_observed,,,,assignment_at_greedy_UB,,,False,
ER_60_p0.15_seed0__h1_k1__r1__gurobi,ER_60_p0.15_seed0,ER,1,1,1,0,gurobi,60,272,17,,30.0,FEASIBLE,WALL_TIMEOUT,27,17,30.010381801999756,,not_observed,,,,assignment_at_greedy_UB,,,False,
ER_60_p0.15_seed0__h1_k1__r1__cadical,ER_60_p0.15_seed0,ER,1,1,1,1,cadical,60,272,17,,30.0,FEASIBLE,WALL_TIMEOUT,27,17,30.007403300000078,,not_observed,,,,last_sat_witness,,,False,
ER_60_p0.15_seed0__h1_k1__r2__cadical,ER_60_p0.15_seed0,ER,1,1,2,0,cadical,60,272,17,,30.0,FEASIBLE,WALL_TIMEOUT,27,17,30.008792012000413,,not_observed,,,,last_sat_witness,,,False,
ER_60_p0.15_seed0__h1_k1__r2__gurobi,ER_60_p0.15_seed0,ER,1,1,2,1,gurobi,60,272,17,,30.0,FEASIBLE,WALL_TIMEOUT,27,17,30.00935040799959,,not_observed,,,,assignment_at_greedy_UB,,,False,
ER_60_p0.15_seed0__h2_k1__r0__cadical,ER_60_p0.15_seed0,ER,2,1,0,0,cadical,60,272,17,,30.0,FEASIBLE,WALL_TIMEOUT,31,18,30.009804000999793,,not_observed,,,,last_sat_witness,,,False,
ER_60_p0.15_seed0__h2_k1__r0__gurobi,ER_60_p0.15_seed0,ER,2,1,0,1,gurobi,60,272,17,,30.0,FEASIBLE,WALL_TIMEOUT,31,18,30.01347149800131,,not_observed,,,,assignment_at_greedy_UB,,,False,
ER_60_p0.15_seed0__h2_k1__r1__gurobi,ER_60_p0.15_seed0,ER,2,1,1,0,gurobi,60,272,17,,30.0,FEASIBLE,WALL_TIMEOUT,31,18,30.014344043000165,,not_observed,,,,assignment_at_greedy_UB,,,False,
ER_60_p0.15_seed0__h2_k1__r1__cadical,ER_60_p0.15_seed0,ER,2,1,1,1,cadical,60,272,17,,30.0,FEASIBLE,WALL_TIMEOUT,31,18,30.02310532499905,,not_observed,,,,last_sat_witness,,,False,
ER_60_p0.15_seed0__h2_k1__r2__cadical,ER_60_p0.15_seed0,ER,2,1,2,0,cadical,60,272,17,,30.0,FEASIBLE,WALL_TIMEOUT,31,18,30.01096959499955,,not_observed,,,,last_sat_witness,,,False,
ER_60_p0.15_seed0__h2_k1__r2__gurobi,ER_60_p0.15_seed0,ER,2,1,2,1,gurobi,60,272,17,,30.0,FEASIBLE,WALL_TIMEOUT,31,18,30.01422629800072,,not_observed,,,,assignment_at_greedy_UB,,,False,
ER_60_p0.15_seed0__h3_k2__r0__cadical,ER_60_p0.15_seed0,ER,3,2,0,0,cadical,60,272,17,,30.0,FEASIBLE,WALL_TIMEOUT,66,35,30.020007354998597,,not_observed,,,,last_sat_witness,,,False,
ER_60_p0.15_seed0__h3_k2__r0__gurobi,ER_60_p0.15_seed0,ER,3,2,0,1,gurobi,60,272,17,,30.0,FEASIBLE,WALL_TIMEOUT,66,35,30.038346955001543,,not_observed,,,,assignment_at_greedy_UB,,,False,
ER_60_p0.15_seed0__h3_k2__r1__gurobi,ER_60_p0.15_seed0,ER,3,2,1,0,gurobi,60,272,17,,30.0,FEASIBLE,WALL_TIMEOUT,66,35,30.032632729999023,,not_observed,,,,assignment_at_greedy_UB,,,False,
ER_60_p0.15_seed0__h3_k2__r1__cadical,ER_60_p0.15_seed0,ER,3,2,1,1,cadical,60,272,17,,30.0,FEASIBLE,WALL_TIMEOUT,66,35,30.01860297300118,,not_observed,,,,last_sat_witness,,,False,
ER_60_p0.15_seed0__h3_k2__r2__cadical,ER_60_p0.15_seed0,ER,3,2,2,0,cadical,60,272,17,,30.0,FEASIBLE,WALL_TIMEOUT,66,35,30.021323923998352,,not_observed,,,,last_sat_witness,,,False,
ER_60_p0.15_seed0__h3_k2__r2__gurobi,ER_60_p0.15_seed0,ER,3,2,2,1,gurobi,60,272,17,,30.0,FEASIBLE,WALL_TIMEOUT,66,35,30.023878097001216,,not_observed,,,,assignment_at_greedy_UB,,,False,
ER_60_p0.15_seed1__h1_k1__r0__gurobi,ER_60_p0.15_seed1,ER,1,1,0,0,gurobi,60,261,17,,30.0,FEASIBLE,WALL_TIMEOUT,27,17,30.011319143000946,,not_observed,,,,assignment_at_greedy_UB,,,False,
ER_60_p0.15_seed1__h1_k1__r0__cadical,ER_60_p0.15_seed1,ER,1,1,0,1,cadical,60,261,17,,30.0,FEASIBLE,WALL_TIMEOUT,27,17,30.008459159000267,,not_observed,,,,last_sat_witness,,,False,
ER_60_p0.15_seed1__h1_k1__r1__cadical,ER_60_p0.15_seed1,ER,1,1,1,0,cadical,60,261,17,,30.0,FEASIBLE,WALL_TIMEOUT,27,17,30.01072797099914,,not_observed,,,,last_sat_witness,,,False,
ER_60_p0.15_seed1__h1_k1__r1__gurobi,ER_60_p0.15_seed1,ER,1,1,1,1,gurobi,60,261,17,,30.0,FEASIBLE,WALL_TIMEOUT,27,17,30.013993577000292,,not_observed,,,,assignment_at_greedy_UB,,,False,
ER_60_p0.15_seed1__h1_k1__r2__gurobi,ER_60_p0.15_seed1,ER,1,1,2,0,gurobi,60,261,17,,30.0,FEASIBLE,WALL_TIMEOUT,27,17,30.008909239000786,,not_observed,,,,assignment_at_greedy_UB,,,False,
ER_60_p0.15_seed1__h1_k1__r2__cadical,ER_60_p0.15_seed1,ER,1,1,2,1,cadical,60,261,17,,30.0,FEASIBLE,WALL_TIMEOUT,27,17,30.008561681001083,,not_observed,,,,last_sat_witness,,,False,
ER_60_p0.15_seed1__h2_k1__r0__gurobi,ER_60_p0.15_seed1,ER,2,1,0,0,gurobi,60,261,17,,30.0,FEASIBLE,WALL_TIMEOUT,31,18,30.010610757000904,,not_observed,,,,assignment_at_greedy_UB,,,False,
ER_60_p0.15_seed1__h2_k1__r0__cadical,ER_60_p0.15_seed1,ER,2,1,0,1,cadical,60,261,17,,30.0,FEASIBLE,WALL_TIMEOUT,31,18,30.009173681999528,,not_observed,,,,last_sat_witness,,,False,
ER_60_p0.15_seed1__h2_k1__r1__cadical,ER_60_p0.15_seed1,ER,2,1,1,0,cadical,60,261,17,,30.0,FEASIBLE,WALL_TIMEOUT,31,18,30.01070569500007,,not_observed,,,,last_sat_witness,,,False,
ER_60_p0.15_seed1__h2_k1__r1__gurobi,ER_60_p0.15_seed1,ER,2,1,1,1,gurobi,60,261,17,,30.0,FEASIBLE,WALL_TIMEOUT,31,18,30.011903825001355,,not_observed,,,,assignment_at_greedy_UB,,,False,
ER_60_p0.15_seed1__h2_k1__r2__gurobi,ER_60_p0.15_seed1,ER,2,1,2,0,gurobi,60,261,17,,30.0,FEASIBLE,WALL_TIMEOUT,31,18,30.013062678001006,,not_observed,,,,assignment_at_greedy_UB,,,False,
ER_60_p0.15_seed1__h2_k1__r2__cadical,ER_60_p0.15_seed1,ER,2,1,2,1,cadical,60,261,17,,30.0,FEASIBLE,WALL_TIMEOUT,31,18,30.00902828800099,,not_observed,,,,last_sat_witness,,,False,
ER_60_p0.15_seed1__h3_k2__r0__gurobi,ER_60_p0.15_seed1,ER,3,2,0,0,gurobi,60,261,17,,30.0,FEASIBLE,WALL_TIMEOUT,64,35,30.031178704999547,,not_observed,,,,assignment_at_greedy_UB,,,False,
ER_60_p0.15_seed1__h3_k2__r0__cadical,ER_60_p0.15_seed1,ER,3,2,0,1,cadical,60,261,17,,30.0,FEASIBLE,WALL_TIMEOUT,64,35,30.054409090000263,,not_observed,,,,last_sat_witness,,,False,
ER_60_p0.15_seed1__h3_k2__r1__cadical,ER_60_p0.15_seed1,ER,3,2,1,0,cadical,60,261,17,,30.0,FEASIBLE,WALL_TIMEOUT,64,35,30.02919517400005,,not_observed,,,,last_sat_witness,,,False,
ER_60_p0.15_seed1__h3_k2__r1__gurobi,ER_60_p0.15_seed1,ER,3,2,1,1,gurobi,60,261,17,,30.0,FEASIBLE,WALL_TIMEOUT,64,35,30.029316136999114,,not_observed,,,,assignment_at_greedy_UB,,,False,
ER_60_p0.15_seed1__h3_k2__r2__gurobi,ER_60_p0.15_seed1,ER,3,2,2,0,gurobi,60,261,17,,30.0,FEASIBLE,WALL_TIMEOUT,64,35,30.021918865999396,,not_observed,,,,assignment_at_greedy_UB,,,False,
ER_60_p0.15_seed1__h3_k2__r2__cadical,ER_60_p0.15_seed1,ER,3,2,2,1,cadical,60,261,17,,30.0,FEASIBLE,WALL_TIMEOUT,64,35,30.015725007999208,,not_observed,,,,last_sat_witness,,,False,
ER_60_p0.15_seed2__h1_k1__r0__cadical,ER_60_p0.15_seed2,ER,1,1,0,0,cadical,60,251,14,,30.0,FEASIBLE,WALL_TIMEOUT,25,14,30.00817621600072,,not_observed,,,,last_sat_witness,,,False,
ER_60_p0.15_seed2__h1_k1__r0__gurobi,ER_60_p0.15_seed2,ER,1,1,0,1,gurobi,60,251,14,,30.0,FEASIBLE,WALL_TIMEOUT,25,14,30.009417773999303,,not_observed,,,,assignment_at_greedy_UB,,,False,
ER_60_p0.15_seed2__h1_k1__r1__gurobi,ER_60_p0.15_seed2,ER,1,1,1,0,gurobi,60,251,14,,30.0,FEASIBLE,WALL_TIMEOUT,25,14,30.00776342000063,,not_observed,,,,assignment_at_greedy_UB,,,False,
ER_60_p0.15_seed2__h1_k1__r1__cadical,ER_60_p0.15_seed2,ER,1,1,1,1,cadical,60,251,14,,30.0,FEASIBLE,WALL_TIMEOUT,25,14,30.00732444300047,,not_observed,,,,last_sat_witness,,,False,
ER_60_p0.15_seed2__h1_k1__r2__cadical,ER_60_p0.15_seed2,ER,1,1,2,0,cadical,60,251,14,,30.0,FEASIBLE,WALL_TIMEOUT,25,14,30.009924259999025,,not_observed,,,,last_sat_witness,,,False,
ER_60_p0.15_seed2__h1_k1__r2__gurobi,ER_60_p0.15_seed2,ER,1,1,2,1,gurobi,60,251,14,,30.0,FEASIBLE,WALL_TIMEOUT,25,14,30.0086453240001,,not_observed,,,,assignment_at_greedy_UB,,,False,
ER_60_p0.15_seed2__h2_k1__r0__cadical,ER_60_p0.15_seed2,ER,2,1,0,0,cadical,60,251,14,,30.0,FEASIBLE,WALL_TIMEOUT,28,15,30.00830862300063,,not_observed,,,,last_sat_witness,,,False,
ER_60_p0.15_seed2__h2_k1__r0__gurobi,ER_60_p0.15_seed2,ER,2,1,0,1,gurobi,60,251,14,,30.0,FEASIBLE,WALL_TIMEOUT,28,15,30.01120876999994,,not_observed,,,,assignment_at_greedy_UB,,,False,
ER_60_p0.15_seed2__h2_k1__r1__gurobi,ER_60_p0.15_seed2,ER,2,1,1,0,gurobi,60,251,14,,30.0,FEASIBLE,WALL_TIMEOUT,28,15,30.009434936000616,,not_observed,,,,assignment_at_greedy_UB,,,False,
ER_60_p0.15_seed2__h2_k1__r1__cadical,ER_60_p0.15_seed2,ER,2,1,1,1,cadical,60,251,14,,30.0,FEASIBLE,WALL_TIMEOUT,28,15,30.00906314799977,,not_observed,,,,last_sat_witness,,,False,
ER_60_p0.15_seed2__h2_k1__r2__cadical,ER_60_p0.15_seed2,ER,2,1,2,0,cadical,60,251,14,,30.0,FEASIBLE,WALL_TIMEOUT,28,15,30.00754022900037,,not_observed,,,,last_sat_witness,,,False,
ER_60_p0.15_seed2__h2_k1__r2__gurobi,ER_60_p0.15_seed2,ER,2,1,2,1,gurobi,60,251,14,,30.0,FEASIBLE,WALL_TIMEOUT,28,15,30.00921662499968,,not_observed,,,,assignment_at_greedy_UB,,,False,
ER_60_p0.15_seed2__h3_k2__r0__cadical,ER_60_p0.15_seed2,ER,3,2,0,0,cadical,60,251,14,,30.0,FEASIBLE,WALL_TIMEOUT,63,29,30.016562159000387,,not_observed,,,,last_sat_witness,,,False,
ER_60_p0.15_seed2__h3_k2__r0__gurobi,ER_60_p0.15_seed2,ER,3,2,0,1,gurobi,60,251,14,,30.0,FEASIBLE,WALL_TIMEOUT,63,29,30.02797379600088,,not_observed,,,,assignment_at_greedy_UB,,,False,
ER_60_p0.15_seed2__h3_k2__r1__gurobi,ER_60_p0.15_seed2,ER,3,2,1,0,gurobi,60,251,14,,30.0,FEASIBLE,WALL_TIMEOUT,63,29,30.02388040200094,,not_observed,,,,assignment_at_greedy_UB,,,False,
ER_60_p0.15_seed2__h3_k2__r1__cadical,ER_60_p0.15_seed2,ER,3,2,1,1,cadical,60,251,14,,30.0,FEASIBLE,WALL_TIMEOUT,63,29,30.012816337000913,,not_observed,,,,last_sat_witness,,,False,
ER_60_p0.15_seed2__h3_k2__r2__cadical,ER_60_p0.15_seed2,ER,3,2,2,0,cadical,60,251,14,,30.0,FEASIBLE,WALL_TIMEOUT,63,29,30.013129328001014,,not_observed,,,,last_sat_witness,,,False,
ER_60_p0.15_seed2__h3_k2__r2__gurobi,ER_60_p0.15_seed2,ER,3,2,2,1,gurobi,60,251,14,,30.0,FEASIBLE,WALL_TIMEOUT,63,29,30.01992033699935,,not_observed,,,,assignment_at_greedy_UB,,,False,
ER_60_p0.30_seed0__h1_k1__r0__gurobi,ER_60_p0.30_seed0,ER,1,1,0,0,gurobi,60,510,24,,30.0,OPT,RETURNED,55,55,2.270093115999771,106.05078125,worker_high_water,3421,100497,56,assignment_at_greedy_UB,,,False,
ER_60_p0.30_seed0__h1_k1__r0__cadical,ER_60_p0.30_seed0,ER,1,1,0,1,cadical,60,510,24,,30.0,FEASIBLE,WALL_TIMEOUT,56,24,30.01084584000091,,not_observed,,,,last_sat_witness,,,False,
ER_60_p0.30_seed0__h1_k1__r1__cadical,ER_60_p0.30_seed0,ER,1,1,1,0,cadical,60,510,24,,30.0,FEASIBLE,WALL_TIMEOUT,56,24,30.0109234979991,,not_observed,,,,last_sat_witness,,,False,
ER_60_p0.30_seed0__h1_k1__r1__gurobi,ER_60_p0.30_seed0,ER,1,1,1,1,gurobi,60,510,24,,30.0,OPT,RETURNED,55,55,2.0555630779999774,106.0703125,worker_high_water,3421,100497,56,assignment_at_greedy_UB,,,False,
ER_60_p0.30_seed0__h1_k1__r2__gurobi,ER_60_p0.30_seed0,ER,1,1,2,0,gurobi,60,510,24,,30.0,OPT,RETURNED,55,55,2.059687880000638,106.09765625,worker_high_water,3421,100497,56,assignment_at_greedy_UB,,,False,
ER_60_p0.30_seed0__h1_k1__r2__cadical,ER_60_p0.30_seed0,ER,1,1,2,1,cadical,60,510,24,,30.0,FEASIBLE,WALL_TIMEOUT,56,24,30.009857727000053,,not_observed,,,,last_sat_witness,,,False,
ER_60_p0.30_seed0__h2_k1__r0__gurobi,ER_60_p0.30_seed0,ER,2,1,0,0,gurobi,60,510,24,,30.0,OPT,RETURNED,55,55,7.178899726999589,142.52734375,worker_high_water,3481,160398,57,assignment_at_greedy_UB,,,False,
ER_60_p0.30_seed0__h2_k1__r0__cadical,ER_60_p0.30_seed0,ER,2,1,0,1,cadical,60,510,24,,30.0,FEASIBLE,WALL_TIMEOUT,57,25,30.01361479499974,,not_observed,,,,last_sat_witness,,,False,
ER_60_p0.30_seed0__h2_k1__r1__cadical,ER_60_p0.30_seed0,ER,2,1,1,0,cadical,60,510,24,,30.0,FEASIBLE,WALL_TIMEOUT,57,25,30.01825055399968,,not_observed,,,,last_sat_witness,,,False,
ER_60_p0.30_seed0__h2_k1__r1__gurobi,ER_60_p0.30_seed0,ER,2,1,1,1,gurobi,60,510,24,,30.0,OPT,RETURNED,55,55,8.677658720000181,146.44921875,worker_high_water,3481,160398,57,assignment_at_greedy_UB,,,False,
ER_60_p0.30_seed0__h2_k1__r2__gurobi,ER_60_p0.30_seed0,ER,2,1,2,0,gurobi,60,510,24,,30.0,OPT,RETURNED,55,55,7.082268878999457,142.53125,worker_high_water,3481,160398,57,assignment_at_greedy_UB,,,False,
ER_60_p0.30_seed0__h2_k1__r2__cadical,ER_60_p0.30_seed0,ER,2,1,2,1,cadical,60,510,24,,30.0,FEASIBLE,WALL_TIMEOUT,57,25,30.014482519000012,,not_observed,,,,last_sat_witness,,,False,
ER_60_p0.30_seed0__h3_k2__r0__gurobi,ER_60_p0.30_seed0,ER,3,2,0,0,gurobi,60,510,24,,30.0,FEASIBLE,WALL_TIMEOUT,125,49,30.042653247999624,,not_observed,,,,assignment_at_greedy_UB,,,False,
ER_60_p0.30_seed0__h3_k2__r0__cadical,ER_60_p0.30_seed0,ER,3,2,0,1,cadical,60,510,24,,30.0,FEASIBLE,WALL_TIMEOUT,125,49,30.029761892999886,,not_observed,,,,last_sat_witness,,,False,
ER_60_p0.30_seed0__h3_k2__r1__cadical,ER_60_p0.30_seed0,ER,3,2,1,0,cadical,60,510,24,,30.0,FEASIBLE,WALL_TIMEOUT,125,49,30.031603782001184,,not_observed,,,,last_sat_witness,,,False,
ER_60_p0.30_seed0__h3_k2__r1__gurobi,ER_60_p0.30_seed0,ER,3,2,1,1,gurobi,60,510,24,,30.0,FEASIBLE,WALL_TIMEOUT,125,49,30.033390051001334,,not_observed,,,,assignment_at_greedy_UB,,,False,
ER_60_p0.30_seed0__h3_k2__r2__gurobi,ER_60_p0.30_seed0,ER,3,2,2,0,gurobi,60,510,24,,30.0,FEASIBLE,WALL_TIMEOUT,125,49,30.034609823998835,,not_observed,,,,assignment_at_greedy_UB,,,False,
ER_60_p0.30_seed0__h3_k2__r2__cadical,ER_60_p0.30_seed0,ER,3,2,2,1,cadical,60,510,24,,30.0,FEASIBLE,WALL_TIMEOUT,125,49,30.03070662400023,,not_observed,,,,last_sat_witness,,,False,
ER_60_p0.30_seed1__h1_k1__r0__cadical,ER_60_p0.30_seed1,ER,1,1,0,0,cadical,60,518,28,,30.0,FEASIBLE,WALL_TIMEOUT,55,28,30.010044515000118,,not_observed,,,,last_sat_witness,,,False,
ER_60_p0.30_seed1__h1_k1__r0__gurobi,ER_60_p0.30_seed1,ER,1,1,0,1,gurobi,60,518,28,,30.0,OPT,RETURNED,55,55,1.9431947480006784,105.30078125,worker_high_water,3361,98904,55,assignment_at_greedy_UB,,,False,
ER_60_p0.30_seed1__h1_k1__r1__gurobi,ER_60_p0.30_seed1,ER,1,1,1,0,gurobi,60,518,28,,30.0,OPT,RETURNED,55,55,1.6871230540000397,105.35546875,worker_high_water,3361,98904,55,assignment_at_greedy_UB,,,False,
ER_60_p0.30_seed1__h1_k1__r1__cadical,ER_60_p0.30_seed1,ER,1,1,1,1,cadical,60,518,28,,30.0,FEASIBLE,WALL_TIMEOUT,55,28,30.009519227000055,,not_observed,,,,last_sat_witness,,,False,
ER_60_p0.30_seed1__h1_k1__r2__cadical,ER_60_p0.30_seed1,ER,1,1,2,0,cadical,60,518,28,,30.0,FEASIBLE,WALL_TIMEOUT,55,28,30.011258156000622,,not_observed,,,,last_sat_witness,,,False,
ER_60_p0.30_seed1__h1_k1__r2__gurobi,ER_60_p0.30_seed1,ER,1,1,2,1,gurobi,60,518,28,,30.0,OPT,RETURNED,55,55,2.3735459909985366,109.109375,worker_high_water,3361,98904,55,assignment_at_greedy_UB,,,False,
ER_60_p0.30_seed1__h2_k1__r0__cadical,ER_60_p0.30_seed1,ER,2,1,0,0,cadical,60,518,28,,30.0,FEASIBLE,WALL_TIMEOUT,58,29,30.012562500000058,,not_observed,,,,last_sat_witness,,,False,
ER_60_p0.30_seed1__h2_k1__r0__gurobi,ER_60_p0.30_seed1,ER,2,1,0,1,gurobi,60,518,28,,30.0,OPT,RETURNED,55,55,10.977630812998541,158.6640625,worker_high_water,3541,164284,58,assignment_at_greedy_UB,,,False,
ER_60_p0.30_seed1__h2_k1__r1__gurobi,ER_60_p0.30_seed1,ER,2,1,1,0,gurobi,60,518,28,,30.0,OPT,RETURNED,55,55,11.193860999999742,157.3515625,worker_high_water,3541,164284,58,assignment_at_greedy_UB,,,False,
ER_60_p0.30_seed1__h2_k1__r1__cadical,ER_60_p0.30_seed1,ER,2,1,1,1,cadical,60,518,28,,30.0,FEASIBLE,WALL_TIMEOUT,58,29,30.012641126000744,,not_observed,,,,last_sat_witness,,,False,
ER_60_p0.30_seed1__h2_k1__r2__cadical,ER_60_p0.30_seed1,ER,2,1,2,0,cadical,60,518,28,,30.0,FEASIBLE,WALL_TIMEOUT,58,29,30.011393390001103,,not_observed,,,,last_sat_witness,,,False,
ER_60_p0.30_seed1__h2_k1__r2__gurobi,ER_60_p0.30_seed1,ER,2,1,2,1,gurobi,60,518,28,,30.0,OPT,RETURNED,55,55,10.91364842099938,158.94921875,worker_high_water,3541,164284,58,assignment_at_greedy_UB,,,False,
ER_60_p0.30_seed1__h3_k2__r0__cadical,ER_60_p0.30_seed1,ER,3,2,0,0,cadical,60,518,28,,30.0,FEASIBLE,WALL_TIMEOUT,131,57,30.037727906999862,,not_observed,,,,last_sat_witness,,,False,
ER_60_p0.30_seed1__h3_k2__r0__gurobi,ER_60_p0.30_seed1,ER,3,2,0,1,gurobi,60,518,28,,30.0,FEASIBLE,WALL_TIMEOUT,131,57,30.03383300400128,,not_observed,,,,assignment_at_greedy_UB,,,False,
ER_60_p0.30_seed1__h3_k2__r1__gurobi,ER_60_p0.30_seed1,ER,3,2,1,0,gurobi,60,518,28,,30.0,FEASIBLE,WALL_TIMEOUT,131,57,30.033101767001426,,not_observed,,,,assignment_at_greedy_UB,,,False,
ER_60_p0.30_seed1__h3_k2__r1__cadical,ER_60_p0.30_seed1,ER,3,2,1,1,cadical,60,518,28,,30.0,FEASIBLE,WALL_TIMEOUT,131,57,30.03496105299928,,not_observed,,,,last_sat_witness,,,False,
ER_60_p0.30_seed1__h3_k2__r2__cadical,ER_60_p0.30_seed1,ER,3,2,2,0,cadical,60,518,28,,30.0,FEASIBLE,WALL_TIMEOUT,131,57,30.028954393001186,,not_observed,,,,last_sat_witness,,,False,
ER_60_p0.30_seed1__h3_k2__r2__gurobi,ER_60_p0.30_seed1,ER,3,2,2,1,gurobi,60,518,28,,30.0,FEASIBLE,WALL_TIMEOUT,131,57,30.032375673999923,,not_observed,,,,assignment_at_greedy_UB,,,False,
ER_60_p0.30_seed2__h1_k1__r0__gurobi,ER_60_p0.30_seed2,ER,1,1,0,0,gurobi,60,519,24,,30.0,OPT,RETURNED,56,56,1.9147683060000418,105.99609375,worker_high_water,3421,100554,56,assignment_at_greedy_UB,,,False,
ER_60_p0.30_seed2__h1_k1__r0__cadical,ER_60_p0.30_seed2,ER,1,1,0,1,cadical,60,519,24,,30.0,FEASIBLE,WALL_TIMEOUT,56,24,30.01014354200015,,not_observed,,,,last_sat_witness,,,False,
ER_60_p0.30_seed2__h1_k1__r1__cadical,ER_60_p0.30_seed2,ER,1,1,1,0,cadical,60,519,24,,30.0,FEASIBLE,WALL_TIMEOUT,56,24,30.011468434000562,,not_observed,,,,last_sat_witness,,,False,
ER_60_p0.30_seed2__h1_k1__r1__gurobi,ER_60_p0.30_seed2,ER,1,1,1,1,gurobi,60,519,24,,30.0,OPT,RETURNED,56,56,1.9256481810007244,105.9765625,worker_high_water,3421,100554,56,assignment_at_greedy_UB,,,False,
ER_60_p0.30_seed2__h1_k1__r2__gurobi,ER_60_p0.30_seed2,ER,1,1,2,0,gurobi,60,519,24,,30.0,OPT,RETURNED,56,56,1.778585447000296,105.91796875,worker_high_water,3421,100554,56,assignment_at_greedy_UB,,,False,
ER_60_p0.30_seed2__h1_k1__r2__cadical,ER_60_p0.30_seed2,ER,1,1,2,1,cadical,60,519,24,,30.0,FEASIBLE,WALL_TIMEOUT,56,24,30.01144021899927,,not_observed,,,,last_sat_witness,,,False,
ER_60_p0.30_seed2__h2_k1__r0__gurobi,ER_60_p0.30_seed2,ER,2,1,0,0,gurobi,60,519,24,,30.0,OPT,RETURNED,56,56,15.650994603000072,145.77734375,worker_high_water,3481,161482,57,assignment_at_greedy_UB,,,False,
ER_60_p0.30_seed2__h2_k1__r0__cadical,ER_60_p0.30_seed2,ER,2,1,0,1,cadical,60,519,24,,30.0,FEASIBLE,WALL_TIMEOUT,57,25,30.012866126000517,,not_observed,,,,last_sat_witness,,,False,
ER_60_p0.30_seed2__h2_k1__r1__cadical,ER_60_p0.30_seed2,ER,2,1,1,0,cadical,60,519,24,,30.0,FEASIBLE,WALL_TIMEOUT,57,25,30.012940074000653,,not_observed,,,,last_sat_witness,,,False,
ER_60_p0.30_seed2__h2_k1__r1__gurobi,ER_60_p0.30_seed2,ER,2,1,1,1,gurobi,60,519,24,,30.0,OPT,RETURNED,56,56,16.214947885000583,145.33984375,worker_high_water,3481,161482,57,assignment_at_greedy_UB,,,False,
ER_60_p0.30_seed2__h2_k1__r2__gurobi,ER_60_p0.30_seed2,ER,2,1,2,0,gurobi,60,519,24,,30.0,OPT,RETURNED,56,56,15.61173205600062,146.67578125,worker_high_water,3481,161482,57,assignment_at_greedy_UB,,,False,
ER_60_p0.30_seed2__h2_k1__r2__cadical,ER_60_p0.30_seed2,ER,2,1,2,1,cadical,60,519,24,,30.0,FEASIBLE,WALL_TIMEOUT,57,25,30.013163719999284,,not_observed,,,,last_sat_witness,,,False,
ER_60_p0.30_seed2__h3_k2__r0__gurobi,ER_60_p0.30_seed2,ER,3,2,0,0,gurobi,60,519,24,,30.0,FEASIBLE,WALL_TIMEOUT,132,49,30.044389458000296,,not_observed,,,,assignment_at_greedy_UB,,,False,
ER_60_p0.30_seed2__h3_k2__r0__cadical,ER_60_p0.30_seed2,ER,3,2,0,1,cadical,60,519,24,,30.0,FEASIBLE,WALL_TIMEOUT,132,49,30.033282058000623,,not_observed,,,,last_sat_witness,,,False,
ER_60_p0.30_seed2__h3_k2__r1__cadical,ER_60_p0.30_seed2,ER,3,2,1,0,cadical,60,519,24,,30.0,FEASIBLE,WALL_TIMEOUT,132,49,30.03470592300073,,not_observed,,,,last_sat_witness,,,False,
ER_60_p0.30_seed2__h3_k2__r1__gurobi,ER_60_p0.30_seed2,ER,3,2,1,1,gurobi,60,519,24,,30.0,FEASIBLE,WALL_TIMEOUT,132,49,30.0327798849994,,not_observed,,,,assignment_at_greedy_UB,,,False,
ER_60_p0.30_seed2__h3_k2__r2__gurobi,ER_60_p0.30_seed2,ER,3,2,2,0,gurobi,60,519,24,,30.0,FEASIBLE,WALL_TIMEOUT,132,49,30.032213726999544,,not_observed,,,,assignment_at_greedy_UB,,,False,
ER_60_p0.30_seed2__h3_k2__r2__cadical,ER_60_p0.30_seed2,ER,3,2,2,1,cadical,60,519,24,,30.0,FEASIBLE,WALL_TIMEOUT,132,49,30.03487602899986,,not_observed,,,,last_sat_witness,,,False,
BA_60_m2_seed0__h1_k1__r0__cadical,BA_60_m2_seed0,BA,1,1,0,0,cadical,60,116,19,,30.0,OPT,RETURNED,19,19,0.2699743330013007,33.9375,worker_high_water,,,,last_sat_witness,0,0,True,
BA_60_m2_seed0__h1_k1__r0__gurobi,BA_60_m2_seed0,BA,1,1,0,1,gurobi,60,116,19,,30.0,OPT,RETURNED,19,19,0.5483034219996625,51.0859375,worker_high_water,1201,12560,19,assignment_at_greedy_UB,,,False,
BA_60_m2_seed0__h1_k1__r1__gurobi,BA_60_m2_seed0,BA,1,1,1,0,gurobi,60,116,19,,30.0,OPT,RETURNED,19,19,0.5136747349988582,51.08984375,worker_high_water,1201,12560,19,assignment_at_greedy_UB,,,False,
BA_60_m2_seed0__h1_k1__r1__cadical,BA_60_m2_seed0,BA,1,1,1,1,cadical,60,116,19,,30.0,OPT,RETURNED,19,19,0.35037080500114826,33.7734375,worker_high_water,,,,last_sat_witness,0,0,True,
BA_60_m2_seed0__h1_k1__r2__cadical,BA_60_m2_seed0,BA,1,1,2,0,cadical,60,116,19,,30.0,OPT,RETURNED,19,19,0.2453065810004773,33.8203125,worker_high_water,,,,last_sat_witness,0,0,True,
BA_60_m2_seed0__h1_k1__r2__gurobi,BA_60_m2_seed0,BA,1,1,2,1,gurobi,60,116,19,,30.0,OPT,RETURNED,19,19,0.5045709109999734,50.69921875,worker_high_water,1201,12560,19,assignment_at_greedy_UB,,,False,
BA_60_m2_seed0__h2_k1__r0__cadical,BA_60_m2_seed0,BA,2,1,0,0,cadical,60,116,19,,30.0,OPT,RETURNED,20,20,0.3692912869992142,54.88671875,worker_high_water,1200,18842,20,last_sat_witness,903,92,True,
BA_60_m2_seed0__h2_k1__r0__gurobi,BA_60_m2_seed0,BA,2,1,0,1,gurobi,60,116,19,,30.0,OPT,RETURNED,20,20,0.7919532530013385,59.10546875,worker_high_water,1321,18676,21,assignment_at_greedy_UB,,,False,
BA_60_m2_seed0__h2_k1__r1__gurobi,BA_60_m2_seed0,BA,2,1,1,0,gurobi,60,116,19,,30.0,OPT,RETURNED,20,20,0.7722307650001312,59.17578125,worker_high_water,1321,18676,21,assignment_at_greedy_UB,,,False,
BA_60_m2_seed0__h2_k1__r1__cadical,BA_60_m2_seed0,BA,2,1,1,1,cadical,60,116,19,,30.0,OPT,RETURNED,20,20,0.3701887669994903,55.20703125,worker_high_water,1200,18842,20,last_sat_witness,903,92,True,
BA_60_m2_seed0__h2_k1__r2__cadical,BA_60_m2_seed0,BA,2,1,2,0,cadical,60,116,19,,30.0,OPT,RETURNED,20,20,0.3667545059997792,55.01171875,worker_high_water,1200,18842,20,last_sat_witness,903,92,True,
BA_60_m2_seed0__h2_k1__r2__gurobi,BA_60_m2_seed0,BA,2,1,2,1,gurobi,60,116,19,,30.0,OPT,RETURNED,20,20,0.77506934199846,58.91015625,worker_high_water,1321,18676,21,assignment_at_greedy_UB,,,False,
BA_60_m2_seed0__h3_k2__r0__cadical,BA_60_m2_seed0,BA,3,2,0,0,cadical,60,116,19,,30.0,OPT,RETURNED,39,39,1.6914071399987733,143.64453125,worker_high_water,2340,84492,39,last_sat_witness,25263,8056,True,
BA_60_m2_seed0__h3_k2__r0__gurobi,BA_60_m2_seed0,BA,3,2,0,1,gurobi,60,116,19,,30.0,OPT,RETURNED,39,39,3.6043750989992986,120.31640625,worker_high_water,2581,88626,42,assignment_at_greedy_UB,,,False,
BA_60_m2_seed0__h3_k2__r1__gurobi,BA_60_m2_seed0,BA,3,2,1,0,gurobi,60,116,19,,30.0,OPT,RETURNED,39,39,3.5774761930006207,118.5234375,worker_high_water,2581,88626,42,assignment_at_greedy_UB,,,False,
BA_60_m2_seed0__h3_k2__r1__cadical,BA_60_m2_seed0,BA,3,2,1,1,cadical,60,116,19,,30.0,OPT,RETURNED,39,39,1.5149261110000225,150.40234375,worker_high_water,2340,84492,39,last_sat_witness,25263,8056,True,
BA_60_m2_seed0__h3_k2__r2__cadical,BA_60_m2_seed0,BA,3,2,2,0,cadical,60,116,19,,30.0,OPT,RETURNED,39,39,1.6609353069998178,146.1796875,worker_high_water,2340,84492,39,last_sat_witness,25263,8056,True,
BA_60_m2_seed0__h3_k2__r2__gurobi,BA_60_m2_seed0,BA,3,2,2,1,gurobi,60,116,19,,30.0,OPT,RETURNED,39,39,3.5410127980012476,120.1953125,worker_high_water,2581,88626,42,assignment_at_greedy_UB,,,False,
BA_60_m2_seed1__h1_k1__r0__gurobi,BA_60_m2_seed1,BA,1,1,0,0,gurobi,60,116,18,,30.0,OPT,RETURNED,18,18,0.49841664799896535,50.3515625,worker_high_water,1141,11520,18,assignment_at_greedy_UB,,,False,
BA_60_m2_seed1__h1_k1__r0__cadical,BA_60_m2_seed1,BA,1,1,0,1,cadical,60,116,18,,30.0,OPT,RETURNED,18,18,0.2751369750003505,33.84375,worker_high_water,,,,last_sat_witness,0,0,True,
BA_60_m2_seed1__h1_k1__r1__cadical,BA_60_m2_seed1,BA,1,1,1,0,cadical,60,116,18,,30.0,OPT,RETURNED,18,18,0.26569845899939537,33.8671875,worker_high_water,,,,last_sat_witness,0,0,True,
BA_60_m2_seed1__h1_k1__r1__gurobi,BA_60_m2_seed1,BA,1,1,1,1,gurobi,60,116,18,,30.0,OPT,RETURNED,18,18,0.6369377040009567,50.28125,worker_high_water,1141,11520,18,assignment_at_greedy_UB,,,False,
BA_60_m2_seed1__h1_k1__r2__gurobi,BA_60_m2_seed1,BA,1,1,2,0,gurobi,60,116,18,,30.0,OPT,RETURNED,18,18,0.509325216000434,50.69921875,worker_high_water,1141,11520,18,assignment_at_greedy_UB,,,False,
BA_60_m2_seed1__h1_k1__r2__cadical,BA_60_m2_seed1,BA,1,1,2,1,cadical,60,116,18,,30.0,OPT,RETURNED,18,18,0.2581715380001697,34.13671875,worker_high_water,,,,last_sat_witness,0,0,True,
BA_60_m2_seed1__h2_k1__r0__gurobi,BA_60_m2_seed1,BA,2,1,0,0,gurobi,60,116,18,,30.0,OPT,RETURNED,19,19,0.7176361069996346,58.84375,worker_high_water,1261,17360,20,assignment_at_greedy_UB,,,False,
BA_60_m2_seed1__h2_k1__r0__cadical,BA_60_m2_seed1,BA,2,1,0,1,cadical,60,116,18,,30.0,OPT,RETURNED,19,19,0.36372007399950235,53.8671875,worker_high_water,1140,17488,19,last_sat_witness,791,11,True,
BA_60_m2_seed1__h2_k1__r1__cadical,BA_60_m2_seed1,BA,2,1,1,0,cadical,60,116,18,,30.0,OPT,RETURNED,19,19,0.3562157129999832,53.703125,worker_high_water,1140,17488,19,last_sat_witness,791,11,True,
BA_60_m2_seed1__h2_k1__r1__gurobi,BA_60_m2_seed1,BA,2,1,1,1,gurobi,60,116,18,,30.0,OPT,RETURNED,19,19,0.735429998001564,59.51953125,worker_high_water,1261,17360,20,assignment_at_greedy_UB,,,False,
BA_60_m2_seed1__h2_k1__r2__gurobi,BA_60_m2_seed1,BA,2,1,2,0,gurobi,60,116,18,,30.0,OPT,RETURNED,19,19,0.7335824339988903,59.4921875,worker_high_water,1261,17360,20,assignment_at_greedy_UB,,,False,
BA_60_m2_seed1__h2_k1__r2__cadical,BA_60_m2_seed1,BA,2,1,2,1,cadical,60,116,18,,30.0,OPT,RETURNED,19,19,0.3557327670005179,53.703125,worker_high_water,1140,17488,19,last_sat_witness,791,11,True,
BA_60_m2_seed1__h3_k2__r0__gurobi,BA_60_m2_seed1,BA,3,2,0,0,gurobi,60,116,18,,30.0,OPT,RETURNED,37,37,4.369029604999014,110.8203125,worker_high_water,2581,85832,42,assignment_at_greedy_UB,,,False,
BA_60_m2_seed1__h3_k2__r0__cadical,BA_60_m2_seed1,BA,3,2,0,1,cadical,60,116,18,,30.0,OPT,RETURNED,37,37,2.214235461999124,141.75,worker_high_water,2220,77712,37,last_sat_witness,57592,19953,True,
BA_60_m2_seed1__h3_k2__r1__cadical,BA_60_m2_seed1,BA,3,2,1,0,cadical,60,116,18,,30.0,OPT,RETURNED,37,37,2.174827954000648,143.02734375,worker_high_water,2220,77712,37,last_sat_witness,57592,19953,True,
BA_60_m2_seed1__h3_k2__r1__gurobi,BA_60_m2_seed1,BA,3,2,1,1,gurobi,60,116,18,,30.0,OPT,RETURNED,37,37,4.439172847000009,110.1796875,worker_high_water,2581,85832,42,assignment_at_greedy_UB,,,False,
BA_60_m2_seed1__h3_k2__r2__gurobi,BA_60_m2_seed1,BA,3,2,2,0,gurobi,60,116,18,,30.0,OPT,RETURNED,37,37,4.2282861990006495,110.609375,worker_high_water,2581,85832,42,assignment_at_greedy_UB,,,False,
BA_60_m2_seed1__h3_k2__r2__cadical,BA_60_m2_seed1,BA,3,2,2,1,cadical,60,116,18,,30.0,OPT,RETURNED,37,37,2.171291657999973,143.85546875,worker_high_water,2220,77712,37,last_sat_witness,57592,19953,True,
BA_60_m2_seed2__h1_k1__r0__cadical,BA_60_m2_seed2,BA,1,1,0,0,cadical,60,116,20,,30.0,OPT,RETURNED,20,20,0.2554408889991464,34.3203125,worker_high_water,,,,last_sat_witness,0,0,True,
BA_60_m2_seed2__h1_k1__r0__gurobi,BA_60_m2_seed2,BA,1,1,0,1,gurobi,60,116,20,,30.0,OPT,RETURNED,20,20,0.5354607059998671,51.48828125,worker_high_water,1261,13434,20,assignment_at_greedy_UB,,,False,
BA_60_m2_seed2__h1_k1__r1__gurobi,BA_60_m2_seed2,BA,1,1,1,0,gurobi,60,116,20,,30.0,OPT,RETURNED,20,20,0.5419032810004865,51.5546875,worker_high_water,1261,13434,20,assignment_at_greedy_UB,,,False,
BA_60_m2_seed2__h1_k1__r1__cadical,BA_60_m2_seed2,BA,1,1,1,1,cadical,60,116,20,,30.0,OPT,RETURNED,20,20,0.3441766550004104,34.046875,worker_high_water,,,,last_sat_witness,0,0,True,
BA_60_m2_seed2__h1_k1__r2__cadical,BA_60_m2_seed2,BA,1,1,2,0,cadical,60,116,20,,30.0,OPT,RETURNED,20,20,0.26544264599942835,33.87109375,worker_high_water,,,,last_sat_witness,0,0,True,
BA_60_m2_seed2__h1_k1__r2__gurobi,BA_60_m2_seed2,BA,1,1,2,1,gurobi,60,116,20,,30.0,OPT,RETURNED,20,20,0.5431249079992995,51.625,worker_high_water,1261,13434,20,assignment_at_greedy_UB,,,False,
BA_60_m2_seed2__h2_k1__r0__cadical,BA_60_m2_seed2,BA,2,1,0,0,cadical,60,116,20,,30.0,OPT,RETURNED,21,21,0.38138395699934335,58.55078125,worker_high_water,1260,20020,21,last_sat_witness,1337,53,True,
BA_60_m2_seed2__h2_k1__r0__gurobi,BA_60_m2_seed2,BA,2,1,0,1,gurobi,60,116,20,,30.0,OPT,RETURNED,21,21,0.8172616520005249,58.390625,worker_high_water,1381,19806,22,assignment_at_greedy_UB,,,False,
BA_60_m2_seed2__h2_k1__r1__gurobi,BA_60_m2_seed2,BA,2,1,1,0,gurobi,60,116,20,,30.0,OPT,RETURNED,21,21,0.8194933159993525,58.9375,worker_high_water,1381,19806,22,assignment_at_greedy_UB,,,False,
BA_60_m2_seed2__h2_k1__r1__cadical,BA_60_m2_seed2,BA,2,1,1,1,cadical,60,116,20,,30.0,OPT,RETURNED,21,21,0.41579578399978345,58.60546875,worker_high_water,1260,20020,21,last_sat_witness,1337,53,True,
BA_60_m2_seed2__h2_k1__r2__cadical,BA_60_m2_seed2,BA,2,1,2,0,cadical,60,116,20,,30.0,OPT,RETURNED,21,21,0.3665030550000665,58.51953125,worker_high_water,1260,20020,21,last_sat_witness,1337,53,True,
BA_60_m2_seed2__h2_k1__r2__gurobi,BA_60_m2_seed2,BA,2,1,2,1,gurobi,60,116,20,,30.0,OPT,RETURNED,21,21,0.8099885589999758,58.609375,worker_high_water,1381,19806,22,assignment_at_greedy_UB,,,False,
BA_60_m2_seed2__h3_k2__r0__cadical,BA_60_m2_seed2,BA,3,2,0,0,cadical,60,116,20,,30.0,OPT,RETURNED,41,41,2.473630165000941,170.37890625,worker_high_water,2460,90296,41,last_sat_witness,35525,13375,True,
BA_60_m2_seed2__h3_k2__r0__gurobi,BA_60_m2_seed2,BA,3,2,0,1,gurobi,60,116,20,,30.0,OPT,RETURNED,41,41,6.309576352001386,129.66015625,worker_high_water,2881,100820,47,assignment_at_greedy_UB,,,False,
BA_60_m2_seed2__h3_k2__r1__gurobi,BA_60_m2_seed2,BA,3,2,1,0,gurobi,60,116,20,,30.0,OPT,RETURNED,41,41,6.680936814000233,128.50390625,worker_high_water,2881,100820,47,assignment_at_greedy_UB,,,False,
BA_60_m2_seed2__h3_k2__r1__cadical,BA_60_m2_seed2,BA,3,2,1,1,cadical,60,116,20,,30.0,OPT,RETURNED,41,41,2.38510853599837,164.68359375,worker_high_water,2460,90296,41,last_sat_witness,35525,13375,True,
BA_60_m2_seed2__h3_k2__r2__cadical,BA_60_m2_seed2,BA,3,2,2,0,cadical,60,116,20,,30.0,OPT,RETURNED,41,41,2.348577934999412,168.05859375,worker_high_water,2460,90296,41,last_sat_witness,35525,13375,True,
BA_60_m2_seed2__h3_k2__r2__gurobi,BA_60_m2_seed2,BA,3,2,2,1,gurobi,60,116,20,,30.0,OPT,RETURNED,41,41,6.42951772699962,129.99609375,worker_high_water,2881,100820,47,assignment_at_greedy_UB,,,False,
