Graph,Instance,Family,h,k,Repeat,Position,Method,V,E,Delta,Diameter,Limit,Status,Termination,Span,LB,Wall_Time,Peak_RSS_MB,Memory_Scope,Variables,Constraints,Model_Span,Count_Scope,Decisions,Conflicts,Stats_Complete,Error,Incumbent_Source,LB_Source,Progress_Updates,Last_Progress_Seconds
tree_20_seed0__h1_k1__r0__cadical,tree_20_seed0,tree,1,1,0,0,cadical,20,19,3,11,30.0,OPT,RETURNED,3,3,0.3740712500002701,34.30859375,worker_high_water,60,208,3,last_sat_witness,0,0,True,,sat,elementary,1,0.3697375709998596
tree_20_seed0__h1_k1__r0__gurobi,tree_20_seed0,tree,1,1,0,1,gurobi,20,19,3,11,30.0,OPT,RETURNED,3,3,0.701665206999678,43.78515625,worker_high_water,101,250,4,assignment_at_greedy_UB,,,False,,gurobi_incumbent,gurobi_optimal,2,0.6955957350000972
tree_20_seed0__h1_k1__r1__gurobi,tree_20_seed0,tree,1,1,1,0,gurobi,20,19,3,11,30.0,OPT,RETURNED,3,3,0.47717426500094007,43.671875,worker_high_water,101,250,4,assignment_at_greedy_UB,,,False,,gurobi_incumbent,gurobi_optimal,2,0.4699561020006513
tree_20_seed0__h1_k1__r1__cadical,tree_20_seed0,tree,1,1,1,1,cadical,20,19,3,11,30.0,OPT,RETURNED,3,3,0.3962898569989193,34.28515625,worker_high_water,60,208,3,last_sat_witness,0,0,True,,sat,elementary,1,0.39042208599857986
tree_20_seed0__h1_k1__r2__cadical,tree_20_seed0,tree,1,1,2,0,cadical,20,19,3,11,30.0,OPT,RETURNED,3,3,0.4555154590016173,34.33203125,worker_high_water,60,208,3,last_sat_witness,0,0,True,,sat,elementary,1,0.44895250600166037
tree_20_seed0__h1_k1__r2__gurobi,tree_20_seed0,tree,1,1,2,1,gurobi,20,19,3,11,30.0,OPT,RETURNED,3,3,0.5447374430004857,43.625,worker_high_water,101,250,4,assignment_at_greedy_UB,,,False,,gurobi_incumbent,gurobi_optimal,2,0.5383704800005944
tree_20_seed0__h2_k1__r0__cadical,tree_20_seed0,tree,2,1,0,0,cadical,20,19,3,11,30.0,OPT,RETURNED,5,5,0.40655320800033223,34.890625,worker_high_water,100,522,5,last_sat_witness,56,48,True,,sat,sat_unsat,2,0.40164281200122787
tree_20_seed0__h2_k1__r0__gurobi,tree_20_seed0,tree,2,1,0,1,gurobi,20,19,3,11,30.0,OPT,RETURNED,5,5,0.844918504000816,44.2109375,worker_high_water,141,562,6,assignment_at_greedy_UB,,,False,,gurobi_incumbent,gurobi_optimal,3,0.8385139160000108
tree_20_seed0__h2_k1__r1__gurobi,tree_20_seed0,tree,2,1,1,0,gurobi,20,19,3,11,30.0,OPT,RETURNED,5,5,0.43165437599964207,44.01171875,worker_high_water,141,562,6,assignment_at_greedy_UB,,,False,,gurobi_incumbent,gurobi_optimal,3,0.423931477998849
tree_20_seed0__h2_k1__r1__cadical,tree_20_seed0,tree,2,1,1,1,cadical,20,19,3,11,30.0,OPT,RETURNED,5,5,0.3567258799994306,34.8671875,worker_high_water,100,522,5,last_sat_witness,56,48,True,,sat,sat_unsat,2,0.35177608000049077
tree_20_seed0__h2_k1__r2__cadical,tree_20_seed0,tree,2,1,2,0,cadical,20,19,3,11,30.0,OPT,RETURNED,5,5,0.3647475799989479,35.5390625,worker_high_water,100,522,5,last_sat_witness,56,48,True,,sat,sat_unsat,2,0.3599606699990545
tree_20_seed0__h2_k1__r2__gurobi,tree_20_seed0,tree,2,1,2,1,gurobi,20,19,3,11,30.0,OPT,RETURNED,5,5,0.46435874499911733,44.671875,worker_high_water,141,562,6,assignment_at_greedy_UB,,,False,,gurobi_incumbent,gurobi_optimal,3,0.4569646660002036
tree_20_seed0__h3_k2__r0__cadical,tree_20_seed0,tree,3,2,0,0,cadical,20,19,3,11,30.0,OPT,RETURNED,8,8,0.3677364499999385,35.80078125,worker_high_water,160,1456,8,last_sat_witness,267,172,True,,sat,sat_unsat,2,0.3630645180001011
tree_20_seed0__h3_k2__r0__gurobi,tree_20_seed0,tree,3,2,0,1,gurobi,20,19,3,11,30.0,OPT,RETURNED,8,8,0.5149610770004074,46.12109375,worker_high_water,221,1684,10,assignment_at_greedy_UB,,,False,,gurobi_incumbent,gurobi_optimal,4,0.5083311599992157
tree_20_seed0__h3_k2__r1__gurobi,tree_20_seed0,tree,3,2,1,0,gurobi,20,19,3,11,30.0,OPT,RETURNED,8,8,0.47480771700065816,45.82421875,worker_high_water,221,1684,10,assignment_at_greedy_UB,,,False,,gurobi_incumbent,gurobi_optimal,4,0.4684708530003263
tree_20_seed0__h3_k2__r1__cadical,tree_20_seed0,tree,3,2,1,1,cadical,20,19,3,11,30.0,OPT,RETURNED,8,8,0.36907895500007726,36.2734375,worker_high_water,160,1456,8,last_sat_witness,267,172,True,,sat,sat_unsat,2,0.36447582700020575
tree_20_seed0__h3_k2__r2__cadical,tree_20_seed0,tree,3,2,2,0,cadical,20,19,3,11,30.0,OPT,RETURNED,8,8,0.3731038419991819,35.93359375,worker_high_water,160,1456,8,last_sat_witness,267,172,True,,sat,sat_unsat,2,0.3685203829991224
tree_20_seed0__h3_k2__r2__gurobi,tree_20_seed0,tree,3,2,2,1,gurobi,20,19,3,11,30.0,OPT,RETURNED,8,8,0.47592042299947934,46.1015625,worker_high_water,221,1684,10,assignment_at_greedy_UB,,,False,,gurobi_incumbent,gurobi_optimal,4,0.4692622869988554
tree_20_seed1__h1_k1__r0__gurobi,tree_20_seed1,tree,1,1,0,0,gurobi,20,19,4,9,30.0,OPT,RETURNED,4,4,0.4178765630003909,43.19140625,worker_high_water,101,260,4,assignment_at_greedy_UB,,,False,,greedy,gurobi_optimal,2,0.4107762570001796
tree_20_seed1__h1_k1__r0__cadical,tree_20_seed1,tree,1,1,0,1,cadical,20,19,4,9,30.0,OPT,RETURNED,4,4,0.35297456400076044,34.0703125,worker_high_water,,,,last_sat_witness,0,0,True,,greedy,elementary,0,
tree_20_seed1__h1_k1__r1__cadical,tree_20_seed1,tree,1,1,1,0,cadical,20,19,4,9,30.0,OPT,RETURNED,4,4,0.3513478960012435,34.01953125,worker_high_water,,,,last_sat_witness,0,0,True,,greedy,elementary,0,
tree_20_seed1__h1_k1__r1__gurobi,tree_20_seed1,tree,1,1,1,1,gurobi,20,19,4,9,30.0,OPT,RETURNED,4,4,0.4098626830000285,43.0234375,worker_high_water,101,260,4,assignment_at_greedy_UB,,,False,,greedy,gurobi_optimal,2,0.4045777819992509
tree_20_seed1__h1_k1__r2__gurobi,tree_20_seed1,tree,1,1,2,0,gurobi,20,19,4,9,30.0,OPT,RETURNED,4,4,0.4115696230001049,42.40625,worker_high_water,101,260,4,assignment_at_greedy_UB,,,False,,greedy,gurobi_optimal,2,0.4040637840007548
tree_20_seed1__h1_k1__r2__cadical,tree_20_seed1,tree,1,1,2,1,cadical,20,19,4,9,30.0,OPT,RETURNED,4,4,0.3566562840005645,33.8828125,worker_high_water,,,,last_sat_witness,0,0,True,,greedy,elementary,0,
tree_20_seed1__h2_k1__r0__gurobi,tree_20_seed1,tree,2,1,0,0,gurobi,20,19,4,9,30.0,OPT,RETURNED,5,5,0.42544832099883934,44.15625,worker_high_water,141,576,6,assignment_at_greedy_UB,,,False,,gurobi_incumbent,gurobi_optimal,2,0.4183319040002971
tree_20_seed1__h2_k1__r0__cadical,tree_20_seed1,tree,2,1,0,1,cadical,20,19,4,9,30.0,OPT,RETURNED,5,5,0.35210521900080494,35.23046875,worker_high_water,100,534,5,last_sat_witness,51,13,True,,sat,elementary,1,0.3478166479999345
tree_20_seed1__h2_k1__r1__cadical,tree_20_seed1,tree,2,1,1,0,cadical,20,19,4,9,30.0,OPT,RETURNED,5,5,0.354357058999085,34.7890625,worker_high_water,100,534,5,last_sat_witness,51,13,True,,sat,elementary,1,0.34992978799891716
tree_20_seed1__h2_k1__r1__gurobi,tree_20_seed1,tree,2,1,1,1,gurobi,20,19,4,9,30.0,OPT,RETURNED,5,5,0.531935106999299,44.0546875,worker_high_water,141,576,6,assignment_at_greedy_UB,,,False,,gurobi_incumbent,gurobi_optimal,2,0.5252582649991382
tree_20_seed1__h2_k1__r2__gurobi,tree_20_seed1,tree,2,1,2,0,gurobi,20,19,4,9,30.0,OPT,RETURNED,5,5,0.45890575799967337,44.4453125,worker_high_water,141,576,6,assignment_at_greedy_UB,,,False,,gurobi_incumbent,gurobi_optimal,2,0.44877216900022177
tree_20_seed1__h2_k1__r2__cadical,tree_20_seed1,tree,2,1,2,1,cadical,20,19,4,9,30.0,OPT,RETURNED,5,5,0.35128481600077066,34.83984375,worker_high_water,100,534,5,last_sat_witness,51,13,True,,sat,elementary,1,0.3470059339997533
tree_20_seed1__h3_k2__r0__gurobi,tree_20_seed1,tree,3,2,0,0,gurobi,20,19,4,9,30.0,OPT,RETURNED,9,9,0.47306858699994336,46.29296875,worker_high_water,241,1916,11,assignment_at_greedy_UB,,,False,,gurobi_incumbent,gurobi_optimal,3,0.4664728540010401
tree_20_seed1__h3_k2__r0__cadical,tree_20_seed1,tree,3,2,0,1,cadical,20,19,4,9,30.0,OPT,RETURNED,9,9,0.37702059599905624,36.47265625,worker_high_water,180,1696,9,last_sat_witness,292,88,True,,sat,elementary,2,0.3725532770004065
tree_20_seed1__h3_k2__r1__cadical,tree_20_seed1,tree,3,2,1,0,cadical,20,19,4,9,30.0,OPT,RETURNED,9,9,0.3994938550004008,36.61328125,worker_high_water,180,1696,9,last_sat_witness,292,88,True,,sat,elementary,2,0.3949268030009989
tree_20_seed1__h3_k2__r1__gurobi,tree_20_seed1,tree,3,2,1,1,gurobi,20,19,4,9,30.0,OPT,RETURNED,9,9,0.4818985519996204,46.1328125,worker_high_water,241,1916,11,assignment_at_greedy_UB,,,False,,gurobi_incumbent,gurobi_optimal,3,0.4750262830002612
tree_20_seed1__h3_k2__r2__gurobi,tree_20_seed1,tree,3,2,2,0,gurobi,20,19,4,9,30.0,OPT,RETURNED,9,9,0.4744307149994711,46.26171875,worker_high_water,241,1916,11,assignment_at_greedy_UB,,,False,,gurobi_incumbent,gurobi_optimal,3,0.467785365999589
tree_20_seed1__h3_k2__r2__cadical,tree_20_seed1,tree,3,2,2,1,cadical,20,19,4,9,30.0,OPT,RETURNED,9,9,0.3916897870003595,36.55859375,worker_high_water,180,1696,9,last_sat_witness,292,88,True,,sat,elementary,2,0.38716738100083603
tree_20_seed2__h1_k1__r0__cadical,tree_20_seed2,tree,1,1,0,0,cadical,20,19,3,12,30.0,OPT,RETURNED,3,3,0.4613157700005104,34.3203125,worker_high_water,60,208,3,last_sat_witness,0,0,True,,sat,elementary,1,0.4553200320005999
tree_20_seed2__h1_k1__r0__gurobi,tree_20_seed2,tree,1,1,0,1,gurobi,20,19,3,12,30.0,OPT,RETURNED,3,3,0.4566938600000867,43.890625,worker_high_water,101,250,4,assignment_at_greedy_UB,,,False,,gurobi_incumbent,gurobi_optimal,2,0.44872952199875726
tree_20_seed2__h1_k1__r1__gurobi,tree_20_seed2,tree,1,1,1,0,gurobi,20,19,3,12,30.0,OPT,RETURNED,3,3,0.40064421700117236,43.7890625,worker_high_water,101,250,4,assignment_at_greedy_UB,,,False,,gurobi_incumbent,gurobi_optimal,2,0.394646181999633
tree_20_seed2__h1_k1__r1__cadical,tree_20_seed2,tree,1,1,1,1,cadical,20,19,3,12,30.0,OPT,RETURNED,3,3,0.34953076199963107,34.359375,worker_high_water,60,208,3,last_sat_witness,0,0,True,,sat,elementary,1,0.3452549960002216
tree_20_seed2__h1_k1__r2__cadical,tree_20_seed2,tree,1,1,2,0,cadical,20,19,3,12,30.0,OPT,RETURNED,3,3,0.34807343300053617,34.37890625,worker_high_water,60,208,3,last_sat_witness,0,0,True,,sat,elementary,1,0.3437595559989859
tree_20_seed2__h1_k1__r2__gurobi,tree_20_seed2,tree,1,1,2,1,gurobi,20,19,3,12,30.0,OPT,RETURNED,3,3,0.4128753940003662,43.84765625,worker_high_water,101,250,4,assignment_at_greedy_UB,,,False,,gurobi_incumbent,gurobi_optimal,2,0.40653425700111256
tree_20_seed2__h2_k1__r0__cadical,tree_20_seed2,tree,2,1,0,0,cadical,20,19,3,12,30.0,OPT,RETURNED,4,4,0.35992397500012885,35.15625,worker_high_water,80,422,4,last_sat_witness,26,9,True,,sat,elementary,2,0.35539240300022357
tree_20_seed2__h2_k1__r0__gurobi,tree_20_seed2,tree,2,1,0,1,gurobi,20,19,3,12,30.0,OPT,RETURNED,4,4,0.4382198059993243,44.8359375,worker_high_water,141,562,6,assignment_at_greedy_UB,,,False,,gurobi_incumbent,gurobi_optimal,3,0.43188483599988103
tree_20_seed2__h2_k1__r1__gurobi,tree_20_seed2,tree,2,1,1,0,gurobi,20,19,3,12,30.0,OPT,RETURNED,4,4,0.5272109029992862,44.296875,worker_high_water,141,562,6,assignment_at_greedy_UB,,,False,,gurobi_incumbent,gurobi_optimal,3,0.520182811000268
tree_20_seed2__h2_k1__r1__cadical,tree_20_seed2,tree,2,1,1,1,cadical,20,19,3,12,30.0,OPT,RETURNED,4,4,0.3530092510009126,34.953125,worker_high_water,80,422,4,last_sat_witness,26,9,True,,sat,elementary,2,0.3485483940003178
tree_20_seed2__h2_k1__r2__cadical,tree_20_seed2,tree,2,1,2,0,cadical,20,19,3,12,30.0,OPT,RETURNED,4,4,0.36057963100029156,34.8515625,worker_high_water,80,422,4,last_sat_witness,26,9,True,,sat,elementary,2,0.3559826279997651
tree_20_seed2__h2_k1__r2__gurobi,tree_20_seed2,tree,2,1,2,1,gurobi,20,19,3,12,30.0,OPT,RETURNED,4,4,0.42421378799917875,44.08984375,worker_high_water,141,562,6,assignment_at_greedy_UB,,,False,,gurobi_incumbent,gurobi_optimal,3,0.41856353399998625
tree_20_seed2__h3_k2__r0__cadical,tree_20_seed2,tree,3,2,0,0,cadical,20,19,3,12,30.0,OPT,RETURNED,8,8,0.36581007200038584,35.7421875,worker_high_water,160,1456,8,last_sat_witness,215,118,True,,sat,sat_unsat,2,0.3614985849999357
tree_20_seed2__h3_k2__r0__gurobi,tree_20_seed2,tree,3,2,0,1,gurobi,20,19,3,12,30.0,OPT,RETURNED,8,8,0.4939168660002906,46.13671875,worker_high_water,221,1684,10,assignment_at_greedy_UB,,,False,,gurobi_incumbent,gurobi_optimal,4,0.4876572140001372
tree_20_seed2__h3_k2__r1__gurobi,tree_20_seed2,tree,3,2,1,0,gurobi,20,19,3,12,30.0,OPT,RETURNED,8,8,0.4803671480003686,46.3359375,worker_high_water,221,1684,10,assignment_at_greedy_UB,,,False,,gurobi_incumbent,gurobi_optimal,4,0.47418049900079495
tree_20_seed2__h3_k2__r1__cadical,tree_20_seed2,tree,3,2,1,1,cadical,20,19,3,12,30.0,OPT,RETURNED,8,8,0.36396986299951095,36.20703125,worker_high_water,160,1456,8,last_sat_witness,215,118,True,,sat,sat_unsat,2,0.3595350319992576
tree_20_seed2__h3_k2__r2__cadical,tree_20_seed2,tree,3,2,2,0,cadical,20,19,3,12,30.0,OPT,RETURNED,8,8,0.36965275399961683,36.01953125,worker_high_water,160,1456,8,last_sat_witness,215,118,True,,sat,sat_unsat,2,0.3645667490000051
tree_20_seed2__h3_k2__r2__gurobi,tree_20_seed2,tree,3,2,2,1,gurobi,20,19,3,12,30.0,OPT,RETURNED,8,8,0.6241159869987314,46.12109375,worker_high_water,221,1684,10,assignment_at_greedy_UB,,,False,,gurobi_incumbent,gurobi_optimal,4,0.6174344249993737
tree_40_seed0__h1_k1__r0__gurobi,tree_40_seed0,tree,1,1,0,0,gurobi,40,39,4,17,30.0,OPT,RETURNED,4,4,0.42713665399969614,44.8125,worker_high_water,241,626,5,assignment_at_greedy_UB,,,False,,gurobi_incumbent,gurobi_optimal,2,0.4206846239994775
tree_40_seed0__h1_k1__r0__cadical,tree_40_seed0,tree,1,1,0,1,cadical,40,39,4,17,30.0,OPT,RETURNED,4,4,0.3535509789999196,35.62890625,worker_high_water,160,575,4,last_sat_witness,0,0,True,,sat,elementary,1,0.34906844000033743
tree_40_seed0__h1_k1__r1__cadical,tree_40_seed0,tree,1,1,1,0,cadical,40,39,4,17,30.0,OPT,RETURNED,4,4,0.3506733680005709,34.77734375,worker_high_water,160,575,4,last_sat_witness,0,0,True,,sat,elementary,1,0.3458056290000968
tree_40_seed0__h1_k1__r1__gurobi,tree_40_seed0,tree,1,1,1,1,gurobi,40,39,4,17,30.0,OPT,RETURNED,4,4,0.45482338999863714,44.6484375,worker_high_water,241,626,5,assignment_at_greedy_UB,,,False,,gurobi_incumbent,gurobi_optimal,2,0.4470335129990417
tree_40_seed0__h1_k1__r2__gurobi,tree_40_seed0,tree,1,1,2,0,gurobi,40,39,4,17,30.0,OPT,RETURNED,4,4,0.4670001680005953,44.69921875,worker_high_water,241,626,5,assignment_at_greedy_UB,,,False,,gurobi_incumbent,gurobi_optimal,2,0.4602329800000007
tree_40_seed0__h1_k1__r2__cadical,tree_40_seed0,tree,1,1,2,1,cadical,40,39,4,17,30.0,OPT,RETURNED,4,4,0.41177935500127205,34.7578125,worker_high_water,160,575,4,last_sat_witness,0,0,True,,sat,elementary,1,0.4064395340010378
tree_40_seed0__h2_k1__r0__gurobi,tree_40_seed0,tree,2,1,0,0,gurobi,40,39,4,17,30.0,OPT,RETURNED,5,5,0.5002563830003055,45.328125,worker_high_water,281,1185,6,assignment_at_greedy_UB,,,False,,gurobi_incumbent,gurobi_optimal,2,0.49372616300024674
tree_40_seed0__h2_k1__r0__cadical,tree_40_seed0,tree,2,1,0,1,cadical,40,39,4,17,30.0,OPT,RETURNED,5,5,0.38704945300014515,35.328125,worker_high_water,200,1096,5,last_sat_witness,92,8,True,,sat,elementary,1,0.38193684100042447
tree_40_seed0__h2_k1__r1__cadical,tree_40_seed0,tree,2,1,1,0,cadical,40,39,4,17,30.0,OPT,RETURNED,5,5,0.3806782550000207,35.39453125,worker_high_water,200,1096,5,last_sat_witness,92,8,True,,sat,elementary,1,0.3761078389998147
tree_40_seed0__h2_k1__r1__gurobi,tree_40_seed0,tree,2,1,1,1,gurobi,40,39,4,17,30.0,OPT,RETURNED,5,5,0.6806649379996088,45.3203125,worker_high_water,281,1185,6,assignment_at_greedy_UB,,,False,,gurobi_incumbent,gurobi_optimal,2,0.67388946400024
tree_40_seed0__h2_k1__r2__gurobi,tree_40_seed0,tree,2,1,2,0,gurobi,40,39,4,17,30.0,OPT,RETURNED,5,5,0.4870447299999796,45.5859375,worker_high_water,281,1185,6,assignment_at_greedy_UB,,,False,,gurobi_incumbent,gurobi_optimal,2,0.4807005719994777
tree_40_seed0__h2_k1__r2__cadical,tree_40_seed0,tree,2,1,2,1,cadical,40,39,4,17,30.0,OPT,RETURNED,5,5,0.3521641780007485,35.4375,worker_high_water,200,1096,5,last_sat_witness,92,8,True,,sat,elementary,1,0.3466680460005591
tree_40_seed0__h3_k2__r0__gurobi,tree_40_seed0,tree,3,2,0,0,gurobi,40,39,4,17,30.0,OPT,RETURNED,9,9,0.6753296890001366,50.69921875,worker_high_water,561,4656,13,assignment_at_greedy_UB,,,False,,gurobi_incumbent,gurobi_optimal,5,0.6668944880002527
tree_40_seed0__h3_k2__r0__cadical,tree_40_seed0,tree,3,2,0,1,cadical,40,39,4,17,30.0,OPT,RETURNED,9,9,0.4332344659997034,40.3203125,worker_high_water,360,3492,9,last_sat_witness,423,32,True,,sat,elementary,3,0.42737950700029614
tree_40_seed0__h3_k2__r1__cadical,tree_40_seed0,tree,3,2,1,0,cadical,40,39,4,17,30.0,OPT,RETURNED,9,9,0.42776823100030015,40.07421875,worker_high_water,360,3492,9,last_sat_witness,423,32,True,,sat,elementary,3,0.4219010670003627
tree_40_seed0__h3_k2__r1__gurobi,tree_40_seed0,tree,3,2,1,1,gurobi,40,39,4,17,30.0,OPT,RETURNED,9,9,0.684300914999767,51.2578125,worker_high_water,561,4656,13,assignment_at_greedy_UB,,,False,,gurobi_incumbent,gurobi_optimal,5,0.6752260590001242
tree_40_seed0__h3_k2__r2__gurobi,tree_40_seed0,tree,3,2,2,0,gurobi,40,39,4,17,30.0,OPT,RETURNED,9,9,0.6709064720016613,50.87109375,worker_high_water,561,4656,13,assignment_at_greedy_UB,,,False,,gurobi_incumbent,gurobi_optimal,5,0.6625368840013834
tree_40_seed0__h3_k2__r2__cadical,tree_40_seed0,tree,3,2,2,1,cadical,40,39,4,17,30.0,OPT,RETURNED,9,9,0.5503358579990163,40.17578125,worker_high_water,360,3492,9,last_sat_witness,423,32,True,,sat,elementary,3,0.5453832579987647
tree_40_seed1__h1_k1__r0__cadical,tree_40_seed1,tree,1,1,0,0,cadical,40,39,6,14,30.0,OPT,RETURNED,6,6,0.34610822000104235,34.12890625,worker_high_water,,,,last_sat_witness,0,0,True,,greedy,elementary,0,
tree_40_seed1__h1_k1__r0__gurobi,tree_40_seed1,tree,1,1,0,1,gurobi,40,39,6,14,30.0,OPT,RETURNED,6,6,0.4146954080006253,43.78515625,worker_high_water,281,801,6,assignment_at_greedy_UB,,,False,,greedy,gurobi_optimal,2,0.40813159800018184
tree_40_seed1__h1_k1__r1__gurobi,tree_40_seed1,tree,1,1,1,0,gurobi,40,39,6,14,30.0,OPT,RETURNED,6,6,0.42215215400028683,43.20703125,worker_high_water,281,801,6,assignment_at_greedy_UB,,,False,,greedy,gurobi_optimal,2,0.41510627000025124
tree_40_seed1__h1_k1__r1__cadical,tree_40_seed1,tree,1,1,1,1,cadical,40,39,6,14,30.0,OPT,RETURNED,6,6,0.34450758100138046,33.828125,worker_high_water,,,,last_sat_witness,0,0,True,,greedy,elementary,0,
tree_40_seed1__h1_k1__r2__cadical,tree_40_seed1,tree,1,1,2,0,cadical,40,39,6,14,30.0,OPT,RETURNED,6,6,0.3435250679995079,33.9140625,worker_high_water,,,,last_sat_witness,0,0,True,,greedy,elementary,0,
tree_40_seed1__h1_k1__r2__gurobi,tree_40_seed1,tree,1,1,2,1,gurobi,40,39,6,14,30.0,OPT,RETURNED,6,6,0.41247094000027573,43.27734375,worker_high_water,281,801,6,assignment_at_greedy_UB,,,False,,greedy,gurobi_optimal,2,0.40634656499969424
tree_40_seed1__h2_k1__r0__cadical,tree_40_seed1,tree,2,1,0,0,cadical,40,39,6,14,30.0,OPT,RETURNED,7,7,0.36464299200088135,35.93359375,worker_high_water,280,1610,7,last_sat_witness,0,0,True,,sat,elementary,1,0.35977487600030145
tree_40_seed1__h2_k1__r0__gurobi,tree_40_seed1,tree,2,1,0,1,gurobi,40,39,6,14,30.0,OPT,RETURNED,7,7,0.45223118500143755,45.734375,worker_high_water,361,1631,8,assignment_at_greedy_UB,,,False,,gurobi_incumbent,gurobi_optimal,2,0.44592576200011536
tree_40_seed1__h2_k1__r1__gurobi,tree_40_seed1,tree,2,1,1,0,gurobi,40,39,6,14,30.0,OPT,RETURNED,7,7,0.5470553899995139,45.9140625,worker_high_water,361,1631,8,assignment_at_greedy_UB,,,False,,gurobi_incumbent,gurobi_optimal,2,0.5405293359999632
tree_40_seed1__h2_k1__r1__cadical,tree_40_seed1,tree,2,1,1,1,cadical,40,39,6,14,30.0,OPT,RETURNED,7,7,0.3731798530006927,36.28125,worker_high_water,280,1610,7,last_sat_witness,0,0,True,,sat,elementary,1,0.3683154560003459
tree_40_seed1__h2_k1__r2__cadical,tree_40_seed1,tree,2,1,2,0,cadical,40,39,6,14,30.0,OPT,RETURNED,7,7,0.35478303099989716,35.89453125,worker_high_water,280,1610,7,last_sat_witness,0,0,True,,sat,elementary,1,0.34996141499868827
tree_40_seed1__h2_k1__r2__gurobi,tree_40_seed1,tree,2,1,2,1,gurobi,40,39,6,14,30.0,OPT,RETURNED,7,7,0.46096071200008737,46.10546875,worker_high_water,361,1631,8,assignment_at_greedy_UB,,,False,,gurobi_incumbent,gurobi_optimal,2,0.4532982800010359
tree_40_seed1__h3_k2__r0__cadical,tree_40_seed1,tree,3,2,0,0,cadical,40,39,6,14,30.0,OPT,RETURNED,13,13,0.3414990349992877,33.859375,worker_high_water,,,,last_sat_witness,0,0,True,,greedy,elementary,0,
tree_40_seed1__h3_k2__r0__gurobi,tree_40_seed1,tree,3,2,0,1,gurobi,40,39,6,14,30.0,OPT,RETURNED,13,13,0.5270002029992611,46.86328125,worker_high_water,561,5136,13,assignment_at_greedy_UB,,,False,,greedy,gurobi_optimal,2,0.5184785139990709
tree_40_seed1__h3_k2__r1__gurobi,tree_40_seed1,tree,3,2,1,0,gurobi,40,39,6,14,30.0,OPT,RETURNED,13,13,0.5290310789987416,47.21875,worker_high_water,561,5136,13,assignment_at_greedy_UB,,,False,,greedy,gurobi_optimal,2,0.520275684999433
tree_40_seed1__h3_k2__r1__cadical,tree_40_seed1,tree,3,2,1,1,cadical,40,39,6,14,30.0,OPT,RETURNED,13,13,0.34194006100005936,33.90625,worker_high_water,,,,last_sat_witness,0,0,True,,greedy,elementary,0,
tree_40_seed1__h3_k2__r2__cadical,tree_40_seed1,tree,3,2,2,0,cadical,40,39,6,14,30.0,OPT,RETURNED,13,13,0.34516468000038003,33.921875,worker_high_water,,,,last_sat_witness,0,0,True,,greedy,elementary,0,
tree_40_seed1__h3_k2__r2__gurobi,tree_40_seed1,tree,3,2,2,1,gurobi,40,39,6,14,30.0,OPT,RETURNED,13,13,0.5372076080002444,46.6640625,worker_high_water,561,5136,13,assignment_at_greedy_UB,,,False,,greedy,gurobi_optimal,2,0.52936789100022
tree_40_seed2__h1_k1__r0__gurobi,tree_40_seed2,tree,1,1,0,0,gurobi,40,39,4,12,30.0,OPT,RETURNED,4,4,0.5265206700005365,42.78125,worker_high_water,201,545,4,assignment_at_greedy_UB,,,False,,greedy,gurobi_optimal,2,0.5188039620006748
tree_40_seed2__h1_k1__r0__cadical,tree_40_seed2,tree,1,1,0,1,cadical,40,39,4,12,30.0,OPT,RETURNED,4,4,0.3534374540013232,33.89453125,worker_high_water,,,,last_sat_witness,0,0,True,,greedy,elementary,0,
tree_40_seed2__h1_k1__r1__cadical,tree_40_seed2,tree,1,1,1,0,cadical,40,39,4,12,30.0,OPT,RETURNED,4,4,0.35237312400022347,34.11328125,worker_high_water,,,,last_sat_witness,0,0,True,,greedy,elementary,0,
tree_40_seed2__h1_k1__r1__gurobi,tree_40_seed2,tree,1,1,1,1,gurobi,40,39,4,12,30.0,OPT,RETURNED,4,4,0.4076156900009664,43.609375,worker_high_water,201,545,4,assignment_at_greedy_UB,,,False,,greedy,gurobi_optimal,2,0.4005964900006802
tree_40_seed2__h1_k1__r2__gurobi,tree_40_seed2,tree,1,1,2,0,gurobi,40,39,4,12,30.0,OPT,RETURNED,4,4,0.40852604400060955,42.9140625,worker_high_water,201,545,4,assignment_at_greedy_UB,,,False,,greedy,gurobi_optimal,2,0.4016440909999801
tree_40_seed2__h1_k1__r2__cadical,tree_40_seed2,tree,1,1,2,1,cadical,40,39,4,12,30.0,OPT,RETURNED,4,4,0.35379213099986373,34.22265625,worker_high_water,,,,last_sat_witness,0,0,True,,greedy,elementary,0,
tree_40_seed2__h2_k1__r0__gurobi,tree_40_seed2,tree,2,1,0,0,gurobi,40,39,4,12,30.0,OPT,RETURNED,5,5,0.4763981830001285,45.98046875,worker_high_water,361,1541,8,assignment_at_greedy_UB,,,False,,gurobi_incumbent,gurobi_optimal,4,0.46966719099873444
tree_40_seed2__h2_k1__r0__cadical,tree_40_seed2,tree,2,1,0,1,cadical,40,39,4,12,30.0,OPT,RETURNED,5,5,0.36635437900076795,35.86328125,worker_high_water,200,1108,5,last_sat_witness,260,34,True,,sat,elementary,2,0.3615952029995242
tree_40_seed2__h2_k1__r1__cadical,tree_40_seed2,tree,2,1,1,0,cadical,40,39,4,12,30.0,OPT,RETURNED,5,5,0.37046269299935375,35.73828125,worker_high_water,200,1108,5,last_sat_witness,260,34,True,,sat,elementary,2,0.3646575209986622
tree_40_seed2__h2_k1__r1__gurobi,tree_40_seed2,tree,2,1,1,1,gurobi,40,39,4,12,30.0,OPT,RETURNED,5,5,0.48208253499979037,46.15625,worker_high_water,361,1541,8,assignment_at_greedy_UB,,,False,,gurobi_incumbent,gurobi_optimal,4,0.4755366139997932
tree_40_seed2__h2_k1__r2__gurobi,tree_40_seed2,tree,2,1,2,0,gurobi,40,39,4,12,30.0,OPT,RETURNED,5,5,0.6131025869999576,45.9765625,worker_high_water,361,1541,8,assignment_at_greedy_UB,,,False,,gurobi_incumbent,gurobi_optimal,4,0.6064992589999747
tree_40_seed2__h2_k1__r2__cadical,tree_40_seed2,tree,2,1,2,1,cadical,40,39,4,12,30.0,OPT,RETURNED,5,5,0.3798039339999377,36.0,worker_high_water,200,1108,5,last_sat_witness,260,34,True,,sat,elementary,2,0.3750145359990711
tree_40_seed2__h3_k2__r0__gurobi,tree_40_seed2,tree,3,2,0,0,gurobi,40,39,4,12,30.0,OPT,RETURNED,10,10,0.8255875510003534,51.3046875,worker_high_water,481,4022,11,assignment_at_greedy_UB,,,False,,gurobi_incumbent,gurobi_optimal,3,0.8172936709997884
tree_40_seed2__h3_k2__r0__cadical,tree_40_seed2,tree,3,2,0,1,cadical,40,39,4,12,30.0,OPT,RETURNED,10,10,0.4166193780001777,38.6171875,worker_high_water,400,3945,10,last_sat_witness,849,409,True,,sat,sat_unsat,2,0.411561647999406
tree_40_seed2__h3_k2__r1__cadical,tree_40_seed2,tree,3,2,1,0,cadical,40,39,4,12,30.0,OPT,RETURNED,10,10,0.40562177900028473,39.046875,worker_high_water,400,3945,10,last_sat_witness,849,409,True,,sat,sat_unsat,2,0.40084379600011744
tree_40_seed2__h3_k2__r1__gurobi,tree_40_seed2,tree,3,2,1,1,gurobi,40,39,4,12,30.0,OPT,RETURNED,10,10,0.7998296059995482,51.7421875,worker_high_water,481,4022,11,assignment_at_greedy_UB,,,False,,gurobi_incumbent,gurobi_optimal,3,0.7913699270011421
tree_40_seed2__h3_k2__r2__gurobi,tree_40_seed2,tree,3,2,2,0,gurobi,40,39,4,12,30.0,OPT,RETURNED,10,10,0.7979335259988147,51.15625,worker_high_water,481,4022,11,assignment_at_greedy_UB,,,False,,gurobi_incumbent,gurobi_optimal,3,0.7890884459993686
tree_40_seed2__h3_k2__r2__cadical,tree_40_seed2,tree,3,2,2,1,cadical,40,39,4,12,30.0,OPT,RETURNED,10,10,0.41362973900140787,38.8671875,worker_high_water,400,3945,10,last_sat_witness,849,409,True,,sat,sat_unsat,2,0.40860120900106267
tree_60_seed0__h1_k1__r0__cadical,tree_60_seed0,tree,1,1,0,0,cadical,60,59,5,20,30.0,OPT,RETURNED,5,5,0.3590834509996057,34.0546875,worker_high_water,,,,last_sat_witness,0,0,True,,greedy,elementary,0,
tree_60_seed0__h1_k1__r0__gurobi,tree_60_seed0,tree,1,1,0,1,gurobi,60,59,5,20,30.0,OPT,RETURNED,5,5,0.555139626001619,44.1171875,worker_high_water,361,978,5,assignment_at_greedy_UB,,,False,,greedy,gurobi_optimal,2,0.548802526000145
tree_60_seed0__h1_k1__r1__gurobi,tree_60_seed0,tree,1,1,1,0,gurobi,60,59,5,20,30.0,OPT,RETURNED,5,5,0.4271708659998694,43.546875,worker_high_water,361,978,5,assignment_at_greedy_UB,,,False,,greedy,gurobi_optimal,2,0.4186014189999696
tree_60_seed0__h1_k1__r1__cadical,tree_60_seed0,tree,1,1,1,1,cadical,60,59,5,20,30.0,OPT,RETURNED,5,5,0.343714071001159,33.890625,worker_high_water,,,,last_sat_witness,0,0,True,,greedy,elementary,0,
tree_60_seed0__h1_k1__r2__cadical,tree_60_seed0,tree,1,1,2,0,cadical,60,59,5,20,30.0,OPT,RETURNED,5,5,0.3495168659992487,33.87890625,worker_high_water,,,,last_sat_witness,0,0,True,,greedy,elementary,0,
tree_60_seed0__h1_k1__r2__gurobi,tree_60_seed0,tree,1,1,2,1,gurobi,60,59,5,20,30.0,OPT,RETURNED,5,5,0.42855649500052095,43.45703125,worker_high_water,361,978,5,assignment_at_greedy_UB,,,False,,greedy,gurobi_optimal,2,0.4209528010014765
tree_60_seed0__h2_k1__r0__cadical,tree_60_seed0,tree,2,1,0,0,cadical,60,59,5,20,30.0,OPT,RETURNED,6,6,0.36713827600033255,36.3828125,worker_high_water,360,2009,6,last_sat_witness,0,0,True,,sat,elementary,1,0.36238996899919584
tree_60_seed0__h2_k1__r0__gurobi,tree_60_seed0,tree,2,1,0,1,gurobi,60,59,5,20,30.0,OPT,RETURNED,6,6,0.48631299400040007,47.24609375,worker_high_water,481,2090,7,assignment_at_greedy_UB,,,False,,gurobi_incumbent,gurobi_optimal,2,0.47834432600029686
tree_60_seed0__h2_k1__r1__gurobi,tree_60_seed0,tree,2,1,1,0,gurobi,60,59,5,20,30.0,OPT,RETURNED,6,6,0.488072383999679,47.0625,worker_high_water,481,2090,7,assignment_at_greedy_UB,,,False,,gurobi_incumbent,gurobi_optimal,2,0.48026434299936227
tree_60_seed0__h2_k1__r1__cadical,tree_60_seed0,tree,2,1,1,1,cadical,60,59,5,20,30.0,OPT,RETURNED,6,6,0.3623709000003146,36.3984375,worker_high_water,360,2009,6,last_sat_witness,0,0,True,,sat,elementary,1,0.3575110109995876
tree_60_seed0__h2_k1__r2__cadical,tree_60_seed0,tree,2,1,2,0,cadical,60,59,5,20,30.0,OPT,RETURNED,6,6,0.5001583220000612,36.2734375,worker_high_water,360,2009,6,last_sat_witness,0,0,True,,sat,elementary,1,0.49475794400132145
tree_60_seed0__h2_k1__r2__gurobi,tree_60_seed0,tree,2,1,2,1,gurobi,60,59,5,20,30.0,OPT,RETURNED,6,6,0.49874441000065417,47.1328125,worker_high_water,481,2090,7,assignment_at_greedy_UB,,,False,,gurobi_incumbent,gurobi_optimal,2,0.49127659700025106
tree_60_seed0__h3_k2__r0__cadical,tree_60_seed0,tree,3,2,0,0,cadical,60,59,5,20,30.0,OPT,RETURNED,11,11,0.45913190899955225,43.9296875,worker_high_water,660,6642,11,last_sat_witness,405,6,True,,sat,elementary,2,0.4536046949997399
tree_60_seed0__h3_k2__r0__gurobi,tree_60_seed0,tree,3,2,0,1,gurobi,60,59,5,20,30.0,OPT,RETURNED,11,11,0.7007438969994837,51.91796875,worker_high_water,841,7256,13,assignment_at_greedy_UB,,,False,,gurobi_incumbent,gurobi_optimal,3,0.6882430269997712
tree_60_seed0__h3_k2__r1__gurobi,tree_60_seed0,tree,3,2,1,0,gurobi,60,59,5,20,30.0,OPT,RETURNED,11,11,0.7010777600007714,52.1796875,worker_high_water,841,7256,13,assignment_at_greedy_UB,,,False,,gurobi_incumbent,gurobi_optimal,3,0.6902034630002163
tree_60_seed0__h3_k2__r1__cadical,tree_60_seed0,tree,3,2,1,1,cadical,60,59,5,20,30.0,OPT,RETURNED,11,11,0.46324900499894284,43.61328125,worker_high_water,660,6642,11,last_sat_witness,405,6,True,,sat,elementary,2,0.45751370299876726
tree_60_seed0__h3_k2__r2__cadical,tree_60_seed0,tree,3,2,2,0,cadical,60,59,5,20,30.0,OPT,RETURNED,11,11,0.4514851969997835,44.52734375,worker_high_water,660,6642,11,last_sat_witness,405,6,True,,sat,elementary,2,0.44596756499959156
tree_60_seed0__h3_k2__r2__gurobi,tree_60_seed0,tree,3,2,2,1,gurobi,60,59,5,20,30.0,OPT,RETURNED,11,11,0.6968266410003707,52.36328125,worker_high_water,841,7256,13,assignment_at_greedy_UB,,,False,,gurobi_incumbent,gurobi_optimal,3,0.6862878430001729
tree_60_seed1__h1_k1__r0__gurobi,tree_60_seed1,tree,1,1,0,0,gurobi,60,59,6,22,30.0,OPT,RETURNED,6,6,0.552848011999231,43.71875,worker_high_water,421,1191,6,assignment_at_greedy_UB,,,False,,greedy,gurobi_optimal,2,0.5453958430007333
tree_60_seed1__h1_k1__r0__cadical,tree_60_seed1,tree,1,1,0,1,cadical,60,59,6,22,30.0,OPT,RETURNED,6,6,0.3578173349997087,33.83984375,worker_high_water,,,,last_sat_witness,0,0,True,,greedy,elementary,0,
tree_60_seed1__h1_k1__r1__cadical,tree_60_seed1,tree,1,1,1,0,cadical,60,59,6,22,30.0,OPT,RETURNED,6,6,0.3499869069983106,33.8515625,worker_high_water,,,,last_sat_witness,0,0,True,,greedy,elementary,0,
tree_60_seed1__h1_k1__r1__gurobi,tree_60_seed1,tree,1,1,1,1,gurobi,60,59,6,22,30.0,OPT,RETURNED,6,6,0.433316468999692,43.7578125,worker_high_water,421,1191,6,assignment_at_greedy_UB,,,False,,greedy,gurobi_optimal,2,0.4243576459994074
tree_60_seed1__h1_k1__r2__gurobi,tree_60_seed1,tree,1,1,2,0,gurobi,60,59,6,22,30.0,OPT,RETURNED,6,6,0.4424609440011409,44.0078125,worker_high_water,421,1191,6,assignment_at_greedy_UB,,,False,,greedy,gurobi_optimal,2,0.43546921200140787
tree_60_seed1__h1_k1__r2__cadical,tree_60_seed1,tree,1,1,2,1,cadical,60,59,6,22,30.0,OPT,RETURNED,6,6,0.35194367800067994,33.89453125,worker_high_water,,,,last_sat_witness,0,0,True,,greedy,elementary,0,
tree_60_seed1__h2_k1__r0__gurobi,tree_60_seed1,tree,2,1,0,0,gurobi,60,59,6,22,30.0,OPT,RETURNED,7,7,0.4508688179994351,44.93359375,worker_high_water,481,2170,7,assignment_at_greedy_UB,,,False,,greedy,gurobi_optimal,2,0.44326187299884623
tree_60_seed1__h2_k1__r0__cadical,tree_60_seed1,tree,2,1,0,1,cadical,60,59,6,22,30.0,OPT,RETURNED,7,7,0.3463051260005159,34.03515625,worker_high_water,,,,last_sat_witness,0,0,True,,greedy,elementary,0,
tree_60_seed1__h2_k1__r1__cadical,tree_60_seed1,tree,2,1,1,0,cadical,60,59,6,22,30.0,OPT,RETURNED,7,7,0.3543470790009451,34.09375,worker_high_water,,,,last_sat_witness,0,0,True,,greedy,elementary,0,
tree_60_seed1__h2_k1__r1__gurobi,tree_60_seed1,tree,2,1,1,1,gurobi,60,59,6,22,30.0,OPT,RETURNED,7,7,0.4522832999991806,45.41015625,worker_high_water,481,2170,7,assignment_at_greedy_UB,,,False,,greedy,gurobi_optimal,2,0.4452140929988673
tree_60_seed1__h2_k1__r2__gurobi,tree_60_seed1,tree,2,1,2,0,gurobi,60,59,6,22,30.0,OPT,RETURNED,7,7,0.5969028429990431,45.140625,worker_high_water,481,2170,7,assignment_at_greedy_UB,,,False,,greedy,gurobi_optimal,2,0.5897476419995655
tree_60_seed1__h2_k1__r2__cadical,tree_60_seed1,tree,2,1,2,1,cadical,60,59,6,22,30.0,OPT,RETURNED,7,7,0.350302142000146,33.88671875,worker_high_water,,,,last_sat_witness,0,0,True,,greedy,elementary,0,
tree_60_seed1__h3_k2__r0__gurobi,tree_60_seed1,tree,3,2,0,0,gurobi,60,59,6,22,30.0,OPT,RETURNED,13,13,0.706496019000042,52.75,worker_high_water,901,8233,14,assignment_at_greedy_UB,,,False,,gurobi_incumbent,gurobi_optimal,2,0.6963649539993639
tree_60_seed1__h3_k2__r0__cadical,tree_60_seed1,tree,3,2,0,1,cadical,60,59,6,22,30.0,OPT,RETURNED,13,13,0.4273083770003723,43.28515625,worker_high_water,780,8256,13,last_sat_witness,0,0,True,,sat,elementary,1,0.42169640499923844
tree_60_seed1__h3_k2__r1__cadical,tree_60_seed1,tree,3,2,1,0,cadical,60,59,6,22,30.0,OPT,RETURNED,13,13,0.4200201650000963,43.5234375,worker_high_water,780,8256,13,last_sat_witness,0,0,True,,sat,elementary,1,0.4138404019995505
tree_60_seed1__h3_k2__r1__gurobi,tree_60_seed1,tree,3,2,1,1,gurobi,60,59,6,22,30.0,OPT,RETURNED,13,13,0.7071358029988914,52.20703125,worker_high_water,901,8233,14,assignment_at_greedy_UB,,,False,,gurobi_incumbent,gurobi_optimal,2,0.6963446449990442
tree_60_seed1__h3_k2__r2__gurobi,tree_60_seed1,tree,3,2,2,0,gurobi,60,59,6,22,30.0,OPT,RETURNED,13,13,0.6946811790003267,52.484375,worker_high_water,901,8233,14,assignment_at_greedy_UB,,,False,,gurobi_incumbent,gurobi_optimal,2,0.6844826160013326
tree_60_seed1__h3_k2__r2__cadical,tree_60_seed1,tree,3,2,2,1,cadical,60,59,6,22,30.0,OPT,RETURNED,13,13,0.4194016060009744,43.55859375,worker_high_water,780,8256,13,last_sat_witness,0,0,True,,sat,elementary,1,0.4126141760007158
tree_60_seed2__h1_k1__r0__cadical,tree_60_seed2,tree,1,1,0,0,cadical,60,59,4,19,30.0,OPT,RETURNED,4,4,0.3562623670004541,35.59375,worker_high_water,240,880,4,last_sat_witness,0,0,True,,sat,elementary,1,0.351404368000658
tree_60_seed2__h1_k1__r0__gurobi,tree_60_seed2,tree,1,1,0,1,gurobi,60,59,4,19,30.0,OPT,RETURNED,4,4,0.5916828009994788,45.4296875,worker_high_water,361,960,5,assignment_at_greedy_UB,,,False,,gurobi_incumbent,gurobi_optimal,2,0.5813384880002559
tree_60_seed2__h1_k1__r1__gurobi,tree_60_seed2,tree,1,1,1,0,gurobi,60,59,4,19,30.0,OPT,RETURNED,4,4,0.4470799199989415,45.63671875,worker_high_water,361,960,5,assignment_at_greedy_UB,,,False,,gurobi_incumbent,gurobi_optimal,2,0.43985636300021724
tree_60_seed2__h1_k1__r1__cadical,tree_60_seed2,tree,1,1,1,1,cadical,60,59,4,19,30.0,OPT,RETURNED,4,4,0.35064126799989026,35.046875,worker_high_water,240,880,4,last_sat_witness,0,0,True,,sat,elementary,1,0.34599470399916754
tree_60_seed2__h1_k1__r2__cadical,tree_60_seed2,tree,1,1,2,0,cadical,60,59,4,19,30.0,OPT,RETURNED,4,4,0.35063964599976316,35.1328125,worker_high_water,240,880,4,last_sat_witness,0,0,True,,sat,elementary,1,0.3457127429992397
tree_60_seed2__h1_k1__r2__gurobi,tree_60_seed2,tree,1,1,2,1,gurobi,60,59,4,19,30.0,OPT,RETURNED,4,4,0.4402268140001979,46.24609375,worker_high_water,361,960,5,assignment_at_greedy_UB,,,False,,gurobi_incumbent,gurobi_optimal,2,0.4306145420014218
tree_60_seed2__h2_k1__r0__cadical,tree_60_seed2,tree,2,1,0,0,cadical,60,59,4,19,30.0,OPT,RETURNED,5,5,0.38824317500075267,37.25,worker_high_water,300,1670,5,last_sat_witness,553,118,True,,sat,elementary,2,0.38314604300103383
tree_60_seed2__h2_k1__r0__gurobi,tree_60_seed2,tree,2,1,0,1,gurobi,60,59,4,19,30.0,OPT,RETURNED,5,5,0.5628457180009718,47.0390625,worker_high_water,481,2066,7,assignment_at_greedy_UB,,,False,,gurobi_incumbent,gurobi_optimal,3,0.5542973640003765
tree_60_seed2__h2_k1__r1__gurobi,tree_60_seed2,tree,2,1,1,0,gurobi,60,59,4,19,30.0,OPT,RETURNED,5,5,0.524480494999807,46.63671875,worker_high_water,481,2066,7,assignment_at_greedy_UB,,,False,,gurobi_incumbent,gurobi_optimal,3,0.517370130000927
tree_60_seed2__h2_k1__r1__cadical,tree_60_seed2,tree,2,1,1,1,cadical,60,59,4,19,30.0,OPT,RETURNED,5,5,0.37653967199912586,37.2421875,worker_high_water,300,1670,5,last_sat_witness,553,118,True,,sat,elementary,2,0.3715991289991507
tree_60_seed2__h2_k1__r2__cadical,tree_60_seed2,tree,2,1,2,0,cadical,60,59,4,19,30.0,OPT,RETURNED,5,5,0.5060660389990517,37.21484375,worker_high_water,300,1670,5,last_sat_witness,553,118,True,,sat,elementary,2,0.49891339100031473
tree_60_seed2__h2_k1__r2__gurobi,tree_60_seed2,tree,2,1,2,1,gurobi,60,59,4,19,30.0,OPT,RETURNED,5,5,0.5206857099983608,47.2109375,worker_high_water,481,2066,7,assignment_at_greedy_UB,,,False,,gurobi_incumbent,gurobi_optimal,3,0.5135387359987362
tree_60_seed2__h3_k2__r0__cadical,tree_60_seed2,tree,3,2,0,0,cadical,60,59,4,19,30.0,OPT,RETURNED,10,10,0.486148988999048,44.484375,worker_high_water,600,5942,10,last_sat_witness,1865,722,True,,sat,sat_unsat,3,0.48050615300053323
tree_60_seed2__h3_k2__r0__gurobi,tree_60_seed2,tree,3,2,0,1,gurobi,60,59,4,19,30.0,OPT,RETURNED,10,10,0.7658309599992208,52.44921875,worker_high_water,841,7136,13,assignment_at_greedy_UB,,,False,,gurobi_incumbent,gurobi_optimal,5,0.7559593290006887
tree_60_seed2__h3_k2__r1__gurobi,tree_60_seed2,tree,3,2,1,0,gurobi,60,59,4,19,30.0,OPT,RETURNED,10,10,0.7645553510010359,53.5625,worker_high_water,841,7136,13,assignment_at_greedy_UB,,,False,,gurobi_incumbent,gurobi_optimal,5,0.7546149750014592
tree_60_seed2__h3_k2__r1__cadical,tree_60_seed2,tree,3,2,1,1,cadical,60,59,4,19,30.0,OPT,RETURNED,10,10,0.4906070209999598,44.046875,worker_high_water,600,5942,10,last_sat_witness,1865,722,True,,sat,sat_unsat,3,0.4851749399986147
tree_60_seed2__h3_k2__r2__cadical,tree_60_seed2,tree,3,2,2,0,cadical,60,59,4,19,30.0,OPT,RETURNED,10,10,0.48400743799902557,44.109375,worker_high_water,600,5942,10,last_sat_witness,1865,722,True,,sat,sat_unsat,3,0.47828532999847084
tree_60_seed2__h3_k2__r2__gurobi,tree_60_seed2,tree,3,2,2,1,gurobi,60,59,4,19,30.0,OPT,RETURNED,10,10,0.7935472999997728,52.87890625,worker_high_water,841,7136,13,assignment_at_greedy_UB,,,False,,gurobi_incumbent,gurobi_optimal,5,0.7829148310011078
P_4xP_5__h1_k1__r0__gurobi,P_4xP_5,PxP,1,1,0,0,gurobi,20,31,4,,30.0,OPT,RETURNED,4,4,0.5284374919992842,44.2421875,worker_high_water,141,579,6,assignment_at_greedy_UB,,,False,,gurobi_incumbent,gurobi_optimal,3,0.5216311320000386
P_4xP_5__h1_k1__r0__cadical,P_4xP_5,PxP,1,1,0,1,cadical,20,31,4,,30.0,OPT,RETURNED,4,4,0.37617005499851075,34.7890625,worker_high_water,80,445,4,last_sat_witness,19,4,True,,sat,elementary,2,0.3715781800001423
P_4xP_5__h1_k1__r1__cadical,P_4xP_5,PxP,1,1,1,0,cadical,20,31,4,,30.0,OPT,RETURNED,4,4,0.35606522699890775,34.73046875,worker_high_water,80,445,4,last_sat_witness,19,4,True,,sat,elementary,2,0.35154225999940536
P_4xP_5__h1_k1__r1__gurobi,P_4xP_5,PxP,1,1,1,1,gurobi,20,31,4,,30.0,OPT,RETURNED,4,4,0.42209570100021665,44.2578125,worker_high_water,141,579,6,assignment_at_greedy_UB,,,False,,gurobi_incumbent,gurobi_optimal,3,0.41548900900124863
P_4xP_5__h1_k1__r2__gurobi,P_4xP_5,PxP,1,1,2,0,gurobi,20,31,4,,30.0,OPT,RETURNED,4,4,0.429806969999845,44.65625,worker_high_water,141,579,6,assignment_at_greedy_UB,,,False,,gurobi_incumbent,gurobi_optimal,3,0.4237857570005872
P_4xP_5__h1_k1__r2__cadical,P_4xP_5,PxP,1,1,2,1,cadical,20,31,4,,30.0,OPT,RETURNED,4,4,0.3638200080004026,34.76953125,worker_high_water,80,445,4,last_sat_witness,19,4,True,,sat,elementary,2,0.35813178699936543
P_4xP_5__h2_k1__r0__gurobi,P_4xP_5,PxP,2,1,0,0,gurobi,20,31,4,,30.0,OPT,RETURNED,6,6,0.5752980269990076,47.05078125,worker_high_water,201,1368,9,assignment_at_greedy_UB,,,False,,gurobi_incumbent,gurobi_optimal,5,0.5687202350000007
P_4xP_5__h2_k1__r0__cadical,P_4xP_5,PxP,2,1,0,1,cadical,20,31,4,,30.0,OPT,RETURNED,6,6,0.36687039699972956,35.734375,worker_high_water,120,1011,6,last_sat_witness,153,94,True,,sat,sat_unsat,3,0.362191983998855
P_4xP_5__h2_k1__r1__cadical,P_4xP_5,PxP,2,1,1,0,cadical,20,31,4,,30.0,OPT,RETURNED,6,6,0.4999357239994424,35.33984375,worker_high_water,120,1011,6,last_sat_witness,153,94,True,,sat,sat_unsat,3,0.4954836349988909
P_4xP_5__h2_k1__r1__gurobi,P_4xP_5,PxP,2,1,1,1,gurobi,20,31,4,,30.0,OPT,RETURNED,6,6,0.5661580979995051,46.89453125,worker_high_water,201,1368,9,assignment_at_greedy_UB,,,False,,gurobi_incumbent,gurobi_optimal,5,0.5593607179998799
P_4xP_5__h2_k1__r2__gurobi,P_4xP_5,PxP,2,1,2,0,gurobi,20,31,4,,30.0,OPT,RETURNED,6,6,0.5620523670004332,47.2421875,worker_high_water,201,1368,9,assignment_at_greedy_UB,,,False,,gurobi_incumbent,gurobi_optimal,5,0.555457287999161
P_4xP_5__h2_k1__r2__cadical,P_4xP_5,PxP,2,1,2,1,cadical,20,31,4,,30.0,OPT,RETURNED,6,6,0.38136331499845255,35.9375,worker_high_water,120,1011,6,last_sat_witness,153,94,True,,sat,sat_unsat,3,0.37609309399886115
P_4xP_5__h3_k2__r0__gurobi,P_4xP_5,PxP,3,2,0,0,gurobi,20,31,4,,30.0,OPT,RETURNED,11,11,2.0148902959990664,54.80859375,worker_high_water,301,4157,14,assignment_at_greedy_UB,,,False,,gurobi_incumbent,gurobi_optimal,4,2.0064960409999912
P_4xP_5__h3_k2__r0__cadical,P_4xP_5,PxP,3,2,0,1,cadical,20,31,4,,30.0,OPT,RETURNED,11,11,0.4622993810007756,39.93359375,worker_high_water,220,3438,11,last_sat_witness,1739,1233,True,,sat,sat_unsat,2,0.45753033900109585
P_4xP_5__h3_k2__r1__cadical,P_4xP_5,PxP,3,2,1,0,cadical,20,31,4,,30.0,OPT,RETURNED,11,11,0.4100331150002603,39.890625,worker_high_water,220,3438,11,last_sat_witness,1739,1233,True,,sat,sat_unsat,2,0.4048967900016578
P_4xP_5__h3_k2__r1__gurobi,P_4xP_5,PxP,3,2,1,1,gurobi,20,31,4,,30.0,OPT,RETURNED,11,11,2.048936937999315,54.68359375,worker_high_water,301,4157,14,assignment_at_greedy_UB,,,False,,gurobi_incumbent,gurobi_optimal,4,2.040079162999973
P_4xP_5__h3_k2__r2__gurobi,P_4xP_5,PxP,3,2,2,0,gurobi,20,31,4,,30.0,OPT,RETURNED,11,11,1.9807509149995894,54.78125,worker_high_water,301,4157,14,assignment_at_greedy_UB,,,False,,gurobi_incumbent,gurobi_optimal,4,1.9717497000001458
P_4xP_5__h3_k2__r2__cadical,P_4xP_5,PxP,3,2,2,1,cadical,20,31,4,,30.0,OPT,RETURNED,11,11,0.4197035569995933,39.98828125,worker_high_water,220,3438,11,last_sat_witness,1739,1233,True,,sat,sat_unsat,2,0.41424987400023383
P_5xP_8__h1_k1__r0__cadical,P_5xP_8,PxP,1,1,0,0,cadical,40,67,4,,30.0,OPT,RETURNED,4,4,0.363505534000069,35.76953125,worker_high_water,160,1005,4,last_sat_witness,25,4,True,,sat,elementary,2,0.35873887700108753
P_5xP_8__h1_k1__r0__gurobi,P_5xP_8,PxP,1,1,0,1,gurobi,40,67,4,,30.0,OPT,RETURNED,4,4,0.8047536909998598,48.5390625,worker_high_water,281,1319,6,assignment_at_greedy_UB,,,False,,gurobi_incumbent,gurobi_optimal,3,0.7966975050003384
P_5xP_8__h1_k1__r1__gurobi,P_5xP_8,PxP,1,1,1,0,gurobi,40,67,4,,30.0,OPT,RETURNED,4,4,0.633319044000018,48.64453125,worker_high_water,281,1319,6,assignment_at_greedy_UB,,,False,,gurobi_incumbent,gurobi_optimal,3,0.626232152000739
P_5xP_8__h1_k1__r1__cadical,P_5xP_8,PxP,1,1,1,1,cadical,40,67,4,,30.0,OPT,RETURNED,4,4,0.3614542249997612,35.6953125,worker_high_water,160,1005,4,last_sat_witness,25,4,True,,sat,elementary,2,0.3566253860008146
P_5xP_8__h1_k1__r2__cadical,P_5xP_8,PxP,1,1,2,0,cadical,40,67,4,,30.0,OPT,RETURNED,4,4,0.36931089000063366,35.52734375,worker_high_water,160,1005,4,last_sat_witness,25,4,True,,sat,elementary,2,0.3644637140005216
P_5xP_8__h1_k1__r2__gurobi,P_5xP_8,PxP,1,1,2,1,gurobi,40,67,4,,30.0,OPT,RETURNED,4,4,0.610136508999858,48.9296875,worker_high_water,281,1319,6,assignment_at_greedy_UB,,,False,,gurobi_incumbent,gurobi_optimal,3,0.6027231309999479
P_5xP_8__h2_k1__r0__cadical,P_5xP_8,PxP,2,1,0,0,cadical,40,67,4,,30.0,OPT,RETURNED,6,6,0.39927767400149605,38.5859375,worker_high_water,240,2243,6,last_sat_witness,224,122,True,,sat,sat_unsat,3,0.39366856400010874
P_5xP_8__h2_k1__r0__gurobi,P_5xP_8,PxP,2,1,0,1,gurobi,40,67,4,,30.0,OPT,RETURNED,6,6,2.071514086001116,54.515625,worker_high_water,401,3056,9,assignment_at_greedy_UB,,,False,,gurobi_incumbent,gurobi_optimal,5,2.0626454260000173
P_5xP_8__h2_k1__r1__gurobi,P_5xP_8,PxP,2,1,1,0,gurobi,40,67,4,,30.0,OPT,RETURNED,6,6,2.1805196710010932,54.484375,worker_high_water,401,3056,9,assignment_at_greedy_UB,,,False,,gurobi_incumbent,gurobi_optimal,5,2.1712858680002682
P_5xP_8__h2_k1__r1__cadical,P_5xP_8,PxP,2,1,1,1,cadical,40,67,4,,30.0,OPT,RETURNED,6,6,0.4237015210001118,37.82421875,worker_high_water,240,2243,6,last_sat_witness,224,122,True,,sat,sat_unsat,3,0.4187201080003433
P_5xP_8__h2_k1__r2__cadical,P_5xP_8,PxP,2,1,2,0,cadical,40,67,4,,30.0,OPT,RETURNED,6,6,0.3931924290009192,38.125,worker_high_water,240,2243,6,last_sat_witness,224,122,True,,sat,sat_unsat,3,0.38821932099926926
P_5xP_8__h2_k1__r2__gurobi,P_5xP_8,PxP,2,1,2,1,gurobi,40,67,4,,30.0,OPT,RETURNED,6,6,2.0435010439996404,55.08984375,worker_high_water,401,3056,9,assignment_at_greedy_UB,,,False,,gurobi_incumbent,gurobi_optimal,5,2.035131476999595
P_5xP_8__h3_k2__r0__cadical,P_5xP_8,PxP,3,2,0,0,cadical,40,67,4,,30.0,OPT,RETURNED,11,11,0.5694039310001244,45.3515625,worker_high_water,440,7758,11,last_sat_witness,3619,2690,True,,sat,sat_unsat,3,0.5628914709996025
P_5xP_8__h3_k2__r0__gurobi,P_5xP_8,PxP,3,2,0,1,gurobi,40,67,4,,30.0,OPT,RETURNED,11,11,9.691188094000609,83.875,worker_high_water,681,10763,16,assignment_at_greedy_UB,,,False,,gurobi_incumbent,gurobi_optimal,5,9.677793586999542
P_5xP_8__h3_k2__r1__gurobi,P_5xP_8,PxP,3,2,1,0,gurobi,40,67,4,,30.0,OPT,RETURNED,11,11,9.705091332001757,83.58203125,worker_high_water,681,10763,16,assignment_at_greedy_UB,,,False,,gurobi_incumbent,gurobi_optimal,5,9.691501457000413
P_5xP_8__h3_k2__r1__cadical,P_5xP_8,PxP,3,2,1,1,cadical,40,67,4,,30.0,OPT,RETURNED,11,11,0.6427461250004853,45.90625,worker_high_water,440,7758,11,last_sat_witness,3619,2690,True,,sat,sat_unsat,3,0.6289392950002366
P_5xP_8__h3_k2__r2__cadical,P_5xP_8,PxP,3,2,2,0,cadical,40,67,4,,30.0,OPT,RETURNED,11,11,0.6022286400002486,46.02734375,worker_high_water,440,7758,11,last_sat_witness,3619,2690,True,,sat,sat_unsat,3,0.5955655819998356
P_5xP_8__h3_k2__r2__gurobi,P_5xP_8,PxP,3,2,2,1,gurobi,40,67,4,,30.0,OPT,RETURNED,11,11,9.565163500999915,84.01171875,worker_high_water,681,10763,16,assignment_at_greedy_UB,,,False,,gurobi_incumbent,gurobi_optimal,5,9.551998262999405
P_6xP_10__h1_k1__r0__gurobi,P_6xP_10,PxP,1,1,0,0,gurobi,60,104,4,,30.0,OPT,RETURNED,4,4,0.6353287429992633,47.640625,worker_high_water,421,2094,6,assignment_at_greedy_UB,,,False,,gurobi_incumbent,gurobi_optimal,3,0.6275255820000893
P_6xP_10__h1_k1__r0__cadical,P_6xP_10,PxP,1,1,0,1,cadical,60,104,4,,30.0,OPT,RETURNED,4,4,0.38253854000140564,37.296875,worker_high_water,240,1590,4,last_sat_witness,29,4,True,,sat,elementary,2,0.37479938800061063
P_6xP_10__h1_k1__r1__cadical,P_6xP_10,PxP,1,1,1,0,cadical,60,104,4,,30.0,OPT,RETURNED,4,4,0.40601331099969684,37.21484375,worker_high_water,240,1590,4,last_sat_witness,29,4,True,,sat,elementary,2,0.4006488939994597
P_6xP_10__h1_k1__r1__gurobi,P_6xP_10,PxP,1,1,1,1,gurobi,60,104,4,,30.0,OPT,RETURNED,4,4,0.6000868680002895,48.515625,worker_high_water,421,2094,6,assignment_at_greedy_UB,,,False,,gurobi_incumbent,gurobi_optimal,3,0.5921485569997458
P_6xP_10__h1_k1__r2__gurobi,P_6xP_10,PxP,1,1,2,0,gurobi,60,104,4,,30.0,OPT,RETURNED,4,4,0.7100396869991528,48.07421875,worker_high_water,421,2094,6,assignment_at_greedy_UB,,,False,,gurobi_incumbent,gurobi_optimal,3,0.7020604259996617
P_6xP_10__h1_k1__r2__cadical,P_6xP_10,PxP,1,1,2,1,cadical,60,104,4,,30.0,OPT,RETURNED,4,4,0.3755908900002396,37.11328125,worker_high_water,240,1590,4,last_sat_witness,29,4,True,,sat,elementary,2,0.3703678370002308
P_6xP_10__h2_k1__r0__gurobi,P_6xP_10,PxP,2,1,0,0,gurobi,60,104,4,,30.0,OPT,RETURNED,6,6,8.356429157998718,65.2890625,worker_high_water,601,4812,9,assignment_at_greedy_UB,,,False,,gurobi_incumbent,gurobi_optimal,5,8.345459419999315
P_6xP_10__h2_k1__r0__cadical,P_6xP_10,PxP,2,1,0,1,cadical,60,104,4,,30.0,OPT,RETURNED,6,6,0.47439126500103157,39.3828125,worker_high_water,360,3522,6,last_sat_witness,261,128,True,,sat,sat_unsat,3,0.46890573100063193
P_6xP_10__h2_k1__r1__cadical,P_6xP_10,PxP,2,1,1,0,cadical,60,104,4,,30.0,OPT,RETURNED,6,6,0.42681463100052497,39.9296875,worker_high_water,360,3522,6,last_sat_witness,261,128,True,,sat,sat_unsat,3,0.4213092450008844
P_6xP_10__h2_k1__r1__gurobi,P_6xP_10,PxP,2,1,1,1,gurobi,60,104,4,,30.0,OPT,RETURNED,6,6,8.391956401001153,65.4296875,worker_high_water,601,4812,9,assignment_at_greedy_UB,,,False,,gurobi_incumbent,gurobi_optimal,5,8.381077248999645
P_6xP_10__h2_k1__r2__gurobi,P_6xP_10,PxP,2,1,2,0,gurobi,60,104,4,,30.0,OPT,RETURNED,6,6,8.316810141001042,66.03125,worker_high_water,601,4812,9,assignment_at_greedy_UB,,,False,,gurobi_incumbent,gurobi_optimal,5,8.298575764001725
P_6xP_10__h2_k1__r2__cadical,P_6xP_10,PxP,2,1,2,1,cadical,60,104,4,,30.0,OPT,RETURNED,6,6,0.49923651900098776,39.5859375,worker_high_water,360,3522,6,last_sat_witness,261,128,True,,sat,sat_unsat,3,0.49263002000043343
P_6xP_10__h3_k2__r0__gurobi,P_6xP_10,PxP,3,2,0,0,gurobi,60,104,4,,30.0,FEASIBLE,WALL_TIMEOUT,13,10,30.010814922999998,,not_observed,1141,19166,18,assignment_at_greedy_UB,,,False,,gurobi_incumbent,gurobi_dual,6,27.80686082899956
P_6xP_10__h3_k2__r0__cadical,P_6xP_10,PxP,3,2,0,1,cadical,60,104,4,,30.0,OPT,RETURNED,11,11,1.0489741370001866,50.6015625,worker_high_water,660,12268,11,last_sat_witness,3702,2549,True,,sat,sat_unsat,3,1.039759770999808
P_6xP_10__h3_k2__r1__cadical,P_6xP_10,PxP,3,2,1,0,cadical,60,104,4,,30.0,OPT,RETURNED,11,11,0.7750889150011062,51.515625,worker_high_water,660,12268,11,last_sat_witness,3702,2549,True,,sat,sat_unsat,3,0.7686315549999563
P_6xP_10__h3_k2__r1__gurobi,P_6xP_10,PxP,3,2,1,1,gurobi,60,104,4,,30.0,FEASIBLE,WALL_TIMEOUT,13,10,30.007738912001514,,not_observed,1141,19166,18,assignment_at_greedy_UB,,,False,,gurobi_incumbent,gurobi_dual,6,27.704018080001333
P_6xP_10__h3_k2__r2__gurobi,P_6xP_10,PxP,3,2,2,0,gurobi,60,104,4,,30.0,FEASIBLE,WALL_TIMEOUT,13,10,30.007977347999258,,not_observed,1141,19166,18,assignment_at_greedy_UB,,,False,,gurobi_incumbent,gurobi_dual,6,29.538992362999124
P_6xP_10__h3_k2__r2__cadical,P_6xP_10,PxP,3,2,2,1,cadical,60,104,4,,30.0,OPT,RETURNED,11,11,1.085753229999682,50.296875,worker_high_water,660,12268,11,last_sat_witness,3702,2549,True,,sat,sat_unsat,3,1.0755164839993085
ER_20_p0.15_seed0__h1_k1__r0__cadical,ER_20_p0.15_seed0,ER,1,1,0,0,cadical,20,23,7,,30.0,OPT,RETURNED,7,7,0.4449662860006356,34.59375,worker_high_water,,,,last_sat_witness,0,0,True,,greedy,elementary,0,
ER_20_p0.15_seed0__h1_k1__r0__gurobi,ER_20_p0.15_seed0,ER,1,1,0,1,gurobi,20,23,7,,30.0,OPT,RETURNED,7,7,0.5764498099997581,42.59375,worker_high_water,161,592,7,assignment_at_greedy_UB,,,False,,greedy,gurobi_optimal,2,0.5693808889991487
ER_20_p0.15_seed0__h1_k1__r1__gurobi,ER_20_p0.15_seed0,ER,1,1,1,0,gurobi,20,23,7,,30.0,OPT,RETURNED,7,7,0.41015527399940765,42.7421875,worker_high_water,161,592,7,assignment_at_greedy_UB,,,False,,greedy,gurobi_optimal,2,0.4045652999993763
ER_20_p0.15_seed0__h1_k1__r1__cadical,ER_20_p0.15_seed0,ER,1,1,1,1,cadical,20,23,7,,30.0,OPT,RETURNED,7,7,0.34249872299915296,33.9921875,worker_high_water,,,,last_sat_witness,0,0,True,,greedy,elementary,0,
ER_20_p0.15_seed0__h1_k1__r2__cadical,ER_20_p0.15_seed0,ER,1,1,2,0,cadical,20,23,7,,30.0,OPT,RETURNED,7,7,0.34670235100020363,33.90234375,worker_high_water,,,,last_sat_witness,0,0,True,,greedy,elementary,0,
ER_20_p0.15_seed0__h1_k1__r2__gurobi,ER_20_p0.15_seed0,ER,1,1,2,1,gurobi,20,23,7,,30.0,OPT,RETURNED,7,7,0.40354939099961484,42.9140625,worker_high_water,161,592,7,assignment_at_greedy_UB,,,False,,greedy,gurobi_optimal,2,0.3971454589991481
ER_20_p0.15_seed0__h2_k1__r0__cadical,ER_20_p0.15_seed0,ER,2,1,0,0,cadical,20,23,7,,30.0,OPT,RETURNED,8,8,0.3875534899998456,35.2890625,worker_high_water,160,1129,8,last_sat_witness,93,2,True,,sat,elementary,1,0.3829031590012164
ER_20_p0.15_seed0__h2_k1__r0__gurobi,ER_20_p0.15_seed0,ER,2,1,0,1,gurobi,20,23,7,,30.0,OPT,RETURNED,8,8,0.43433799700142117,44.59375,worker_high_water,201,1144,9,assignment_at_greedy_UB,,,False,,gurobi_incumbent,gurobi_optimal,2,0.4274543830015318
ER_20_p0.15_seed0__h2_k1__r1__gurobi,ER_20_p0.15_seed0,ER,2,1,1,0,gurobi,20,23,7,,30.0,OPT,RETURNED,8,8,0.4380459059993882,44.5390625,worker_high_water,201,1144,9,assignment_at_greedy_UB,,,False,,gurobi_incumbent,gurobi_optimal,2,0.4315105069999845
ER_20_p0.15_seed0__h2_k1__r1__cadical,ER_20_p0.15_seed0,ER,2,1,1,1,cadical,20,23,7,,30.0,OPT,RETURNED,8,8,0.3594378469988442,35.48828125,worker_high_water,160,1129,8,last_sat_witness,93,2,True,,sat,elementary,1,0.3530034430004889
ER_20_p0.15_seed0__h2_k1__r2__cadical,ER_20_p0.15_seed0,ER,2,1,2,0,cadical,20,23,7,,30.0,OPT,RETURNED,8,8,0.352503310999964,35.4453125,worker_high_water,160,1129,8,last_sat_witness,93,2,True,,sat,elementary,1,0.34815171499940334
ER_20_p0.15_seed0__h2_k1__r2__gurobi,ER_20_p0.15_seed0,ER,2,1,2,1,gurobi,20,23,7,,30.0,OPT,RETURNED,8,8,0.591828255001019,44.2265625,worker_high_water,201,1144,9,assignment_at_greedy_UB,,,False,,gurobi_incumbent,gurobi_optimal,2,0.5854763860006642
ER_20_p0.15_seed0__h3_k2__r0__cadical,ER_20_p0.15_seed0,ER,3,2,0,0,cadical,20,23,7,,30.0,OPT,RETURNED,15,15,0.42323867099912604,39.44140625,worker_high_water,300,4098,15,last_sat_witness,445,68,True,,sat,elementary,2,0.4180263460002607
ER_20_p0.15_seed0__h3_k2__r0__gurobi,ER_20_p0.15_seed0,ER,3,2,0,1,gurobi,20,23,7,,30.0,OPT,RETURNED,15,15,0.6278555589997268,48.78125,worker_high_water,381,4617,18,assignment_at_greedy_UB,,,False,,gurobi_incumbent,gurobi_optimal,4,0.6200619529990945
ER_20_p0.15_seed0__h3_k2__r1__gurobi,ER_20_p0.15_seed0,ER,3,2,1,0,gurobi,20,23,7,,30.0,OPT,RETURNED,15,15,0.6447807439999451,48.9296875,worker_high_water,381,4617,18,assignment_at_greedy_UB,,,False,,gurobi_incumbent,gurobi_optimal,4,0.6342373909992602
ER_20_p0.15_seed0__h3_k2__r1__cadical,ER_20_p0.15_seed0,ER,3,2,1,1,cadical,20,23,7,,30.0,OPT,RETURNED,15,15,0.4117483619993436,40.2890625,worker_high_water,300,4098,15,last_sat_witness,445,68,True,,sat,elementary,2,0.40666301300007035
ER_20_p0.15_seed0__h3_k2__r2__cadical,ER_20_p0.15_seed0,ER,3,2,2,0,cadical,20,23,7,,30.0,OPT,RETURNED,15,15,0.4132974509993801,40.72265625,worker_high_water,300,4098,15,last_sat_witness,445,68,True,,sat,elementary,2,0.4082844969998405
ER_20_p0.15_seed0__h3_k2__r2__gurobi,ER_20_p0.15_seed0,ER,3,2,2,1,gurobi,20,23,7,,30.0,OPT,RETURNED,15,15,0.6306241639995278,48.7890625,worker_high_water,381,4617,18,assignment_at_greedy_UB,,,False,,gurobi_incumbent,gurobi_optimal,4,0.6221590979985194
ER_20_p0.15_seed1__h1_k1__r0__gurobi,ER_20_p0.15_seed1,ER,1,1,0,0,gurobi,20,28,7,,30.0,OPT,RETURNED,7,7,0.42282969600091747,42.75390625,worker_high_water,161,744,7,assignment_at_greedy_UB,,,False,,greedy,gurobi_optimal,2,0.415740229000221
ER_20_p0.15_seed1__h1_k1__r0__cadical,ER_20_p0.15_seed1,ER,1,1,0,1,cadical,20,28,7,,30.0,OPT,RETURNED,7,7,0.45831633399939165,33.86328125,worker_high_water,,,,last_sat_witness,0,0,True,,greedy,elementary,0,
ER_20_p0.15_seed1__h1_k1__r1__cadical,ER_20_p0.15_seed1,ER,1,1,1,0,cadical,20,28,7,,30.0,OPT,RETURNED,7,7,0.3412808200009749,34.01171875,worker_high_water,,,,last_sat_witness,0,0,True,,greedy,elementary,0,
ER_20_p0.15_seed1__h1_k1__r1__gurobi,ER_20_p0.15_seed1,ER,1,1,1,1,gurobi,20,28,7,,30.0,OPT,RETURNED,7,7,0.4281039530014823,43.37890625,worker_high_water,161,744,7,assignment_at_greedy_UB,,,False,,greedy,gurobi_optimal,2,0.41921902900139685
ER_20_p0.15_seed1__h1_k1__r2__gurobi,ER_20_p0.15_seed1,ER,1,1,2,0,gurobi,20,28,7,,30.0,OPT,RETURNED,7,7,0.43707800199990743,42.83203125,worker_high_water,161,744,7,assignment_at_greedy_UB,,,False,,greedy,gurobi_optimal,2,0.4312727980013733
ER_20_p0.15_seed1__h1_k1__r2__cadical,ER_20_p0.15_seed1,ER,1,1,2,1,cadical,20,28,7,,30.0,OPT,RETURNED,7,7,0.34757022200028587,34.2265625,worker_high_water,,,,last_sat_witness,0,0,True,,greedy,elementary,0,
ER_20_p0.15_seed1__h2_k1__r0__gurobi,ER_20_p0.15_seed1,ER,2,1,0,0,gurobi,20,28,7,,30.0,OPT,RETURNED,8,8,0.46388895199925173,45.796875,worker_high_water,221,1568,10,assignment_at_greedy_UB,,,False,,gurobi_incumbent,gurobi_optimal,3,0.45749606999925163
ER_20_p0.15_seed1__h2_k1__r0__cadical,ER_20_p0.15_seed1,ER,2,1,0,1,cadical,20,28,7,,30.0,OPT,RETURNED,8,8,0.3631819889997132,35.92578125,worker_high_water,160,1380,8,last_sat_witness,140,75,True,,sat,elementary,2,0.3586081949997606
ER_20_p0.15_seed1__h2_k1__r1__cadical,ER_20_p0.15_seed1,ER,2,1,1,0,cadical,20,28,7,,30.0,OPT,RETURNED,8,8,0.3662593890003336,36.3203125,worker_high_water,160,1380,8,last_sat_witness,140,75,True,,sat,elementary,2,0.36093584400077816
ER_20_p0.15_seed1__h2_k1__r1__gurobi,ER_20_p0.15_seed1,ER,2,1,1,1,gurobi,20,28,7,,30.0,OPT,RETURNED,8,8,0.46543323500009137,45.75390625,worker_high_water,221,1568,10,assignment_at_greedy_UB,,,False,,gurobi_incumbent,gurobi_optimal,3,0.45692551100000856
ER_20_p0.15_seed1__h2_k1__r2__gurobi,ER_20_p0.15_seed1,ER,2,1,2,0,gurobi,20,28,7,,30.0,OPT,RETURNED,8,8,0.6184448740004882,45.6875,worker_high_water,221,1568,10,assignment_at_greedy_UB,,,False,,gurobi_incumbent,gurobi_optimal,3,0.6108439460003865
ER_20_p0.15_seed1__h2_k1__r2__cadical,ER_20_p0.15_seed1,ER,2,1,2,1,cadical,20,28,7,,30.0,OPT,RETURNED,8,8,0.3794003860002704,35.85546875,worker_high_water,160,1380,8,last_sat_witness,140,75,True,,sat,elementary,2,0.37469830000009097
ER_20_p0.15_seed1__h3_k2__r0__gurobi,ER_20_p0.15_seed1,ER,3,2,0,0,gurobi,20,28,7,,30.0,OPT,RETURNED,15,15,0.9213760160000675,54.13671875,worker_high_water,421,6472,20,assignment_at_greedy_UB,,,False,,gurobi_incumbent,gurobi_optimal,4,0.9109279390013398
ER_20_p0.15_seed1__h3_k2__r0__cadical,ER_20_p0.15_seed1,ER,3,2,0,1,cadical,20,28,7,,30.0,OPT,RETURNED,15,15,0.46897322999939206,42.55859375,worker_high_water,300,5112,15,last_sat_witness,849,283,True,,sat,elementary,3,0.46401714499916125
ER_20_p0.15_seed1__h3_k2__r1__cadical,ER_20_p0.15_seed1,ER,3,2,1,0,cadical,20,28,7,,30.0,OPT,RETURNED,15,15,0.47029160899910494,42.93359375,worker_high_water,300,5112,15,last_sat_witness,849,283,True,,sat,elementary,3,0.46536330100025225
ER_20_p0.15_seed1__h3_k2__r1__gurobi,ER_20_p0.15_seed1,ER,3,2,1,1,gurobi,20,28,7,,30.0,OPT,RETURNED,15,15,0.9214941989994259,54.26171875,worker_high_water,421,6472,20,assignment_at_greedy_UB,,,False,,gurobi_incumbent,gurobi_optimal,4,0.9110246069994901
ER_20_p0.15_seed1__h3_k2__r2__gurobi,ER_20_p0.15_seed1,ER,3,2,2,0,gurobi,20,28,7,,30.0,OPT,RETURNED,15,15,0.9377324809993297,54.5390625,worker_high_water,421,6472,20,assignment_at_greedy_UB,,,False,,gurobi_incumbent,gurobi_optimal,4,0.9269414680002228
ER_20_p0.15_seed1__h3_k2__r2__cadical,ER_20_p0.15_seed1,ER,3,2,2,1,cadical,20,28,7,,30.0,OPT,RETURNED,15,15,0.4666328210005304,42.58203125,worker_high_water,300,5112,15,last_sat_witness,849,283,True,,sat,elementary,3,0.46152991599956295
ER_20_p0.15_seed2__h1_k1__r0__cadical,ER_20_p0.15_seed2,ER,1,1,0,0,cadical,20,29,6,,30.0,OPT,RETURNED,6,6,0.4686113959996874,34.90625,worker_high_water,120,681,6,last_sat_witness,63,19,True,,sat,elementary,1,0.45828839800014975
ER_20_p0.15_seed2__h1_k1__r0__gurobi,ER_20_p0.15_seed2,ER,1,1,0,1,gurobi,20,29,6,,30.0,OPT,RETURNED,6,6,1.8586599069985823,47.98046875,worker_high_water,161,704,7,assignment_at_greedy_UB,,,False,,gurobi_incumbent,gurobi_optimal,2,1.8487494589990092
ER_20_p0.15_seed2__h1_k1__r1__gurobi,ER_20_p0.15_seed2,ER,1,1,1,0,gurobi,20,29,6,,30.0,OPT,RETURNED,6,6,1.1701384730004065,44.66796875,worker_high_water,161,704,7,assignment_at_greedy_UB,,,False,,gurobi_incumbent,gurobi_optimal,2,1.1574667900003988
ER_20_p0.15_seed2__h1_k1__r1__cadical,ER_20_p0.15_seed2,ER,1,1,1,1,cadical,20,29,6,,30.0,OPT,RETURNED,6,6,1.010953850000078,35.08984375,worker_high_water,120,681,6,last_sat_witness,63,19,True,,sat,elementary,1,1.0035400380002102
ER_20_p0.15_seed2__h1_k1__r2__cadical,ER_20_p0.15_seed2,ER,1,1,2,0,cadical,20,29,6,,30.0,OPT,RETURNED,6,6,1.0510572949988273,35.0546875,worker_high_water,120,681,6,last_sat_witness,63,19,True,,sat,elementary,1,1.0360345619992586
ER_20_p0.15_seed2__h1_k1__r2__gurobi,ER_20_p0.15_seed2,ER,1,1,2,1,gurobi,20,29,6,,30.0,OPT,RETURNED,6,6,1.3014576700006728,44.6484375,worker_high_water,161,704,7,assignment_at_greedy_UB,,,False,,gurobi_incumbent,gurobi_optimal,2,1.2853154240001459
ER_20_p0.15_seed2__h2_k1__r0__cadical,ER_20_p0.15_seed2,ER,2,1,0,0,cadical,20,29,6,,30.0,OPT,RETURNED,7,7,1.0866016929994657,36.09375,worker_high_water,140,1190,7,last_sat_witness,333,154,True,,sat,elementary,2,1.0755466560003697
ER_20_p0.15_seed2__h2_k1__r0__gurobi,ER_20_p0.15_seed2,ER,2,1,0,1,gurobi,20,29,6,,30.0,OPT,RETURNED,7,7,1.5858079490008095,47.65234375,worker_high_water,221,1533,10,assignment_at_greedy_UB,,,False,,gurobi_incumbent,gurobi_optimal,4,1.5729079240009014
ER_20_p0.15_seed2__h2_k1__r1__gurobi,ER_20_p0.15_seed2,ER,2,1,1,0,gurobi,20,29,6,,30.0,OPT,RETURNED,7,7,1.0206163660004677,47.76171875,worker_high_water,221,1533,10,assignment_at_greedy_UB,,,False,,gurobi_incumbent,gurobi_optimal,4,1.0077037869996275
ER_20_p0.15_seed2__h2_k1__r1__cadical,ER_20_p0.15_seed2,ER,2,1,1,1,cadical,20,29,6,,30.0,OPT,RETURNED,7,7,0.8084971869993751,35.84765625,worker_high_water,140,1190,7,last_sat_witness,333,154,True,,sat,elementary,2,0.7985787319994415
ER_20_p0.15_seed2__h2_k1__r2__cadical,ER_20_p0.15_seed2,ER,2,1,2,0,cadical,20,29,6,,30.0,OPT,RETURNED,7,7,0.5882865469993703,35.8515625,worker_high_water,140,1190,7,last_sat_witness,333,154,True,,sat,elementary,2,0.5806058479993226
ER_20_p0.15_seed2__h2_k1__r2__gurobi,ER_20_p0.15_seed2,ER,2,1,2,1,gurobi,20,29,6,,30.0,OPT,RETURNED,7,7,0.8972715359996073,48.015625,worker_high_water,221,1533,10,assignment_at_greedy_UB,,,False,,gurobi_incumbent,gurobi_optimal,4,0.8788420239998231
ER_20_p0.15_seed2__h3_k2__r0__cadical,ER_20_p0.15_seed2,ER,3,2,0,0,cadical,20,29,6,,30.0,OPT,RETURNED,14,14,1.3365155419996881,41.55859375,worker_high_water,280,4583,14,last_sat_witness,8048,5240,True,,sat,sat_unsat,3,1.3193554739991669
ER_20_p0.15_seed2__h3_k2__r0__gurobi,ER_20_p0.15_seed2,ER,3,2,0,1,gurobi,20,29,6,,30.0,OPT,RETURNED,14,14,5.461099459000252,57.34765625,worker_high_water,441,6512,21,assignment_at_greedy_UB,,,False,,gurobi_incumbent,gurobi_optimal,3,5.434459596999659
ER_20_p0.15_seed2__h3_k2__r1__gurobi,ER_20_p0.15_seed2,ER,3,2,1,0,gurobi,20,29,6,,30.0,OPT,RETURNED,14,14,4.655993608999779,57.40625,worker_high_water,441,6512,21,assignment_at_greedy_UB,,,False,,gurobi_incumbent,gurobi_optimal,3,4.640664218000893
ER_20_p0.15_seed2__h3_k2__r1__cadical,ER_20_p0.15_seed2,ER,3,2,1,1,cadical,20,29,6,,30.0,OPT,RETURNED,14,14,0.7309926960006123,41.765625,worker_high_water,280,4583,14,last_sat_witness,8048,5240,True,,sat,sat_unsat,3,0.7191137090012489
ER_20_p0.15_seed2__h3_k2__r2__cadical,ER_20_p0.15_seed2,ER,3,2,2,0,cadical,20,29,6,,30.0,OPT,RETURNED,14,14,0.846452453000893,42.20703125,worker_high_water,280,4583,14,last_sat_witness,8048,5240,True,,sat,sat_unsat,3,0.8406423270007508
ER_20_p0.15_seed2__h3_k2__r2__gurobi,ER_20_p0.15_seed2,ER,3,2,2,1,gurobi,20,29,6,,30.0,OPT,RETURNED,14,14,2.711082902000271,57.8984375,worker_high_water,441,6512,21,assignment_at_greedy_UB,,,False,,gurobi_incumbent,gurobi_optimal,3,2.70118439900034
ER_20_p0.30_seed0__h1_k1__r0__gurobi,ER_20_p0.30_seed0,ER,1,1,0,0,gurobi,20,51,9,,30.0,OPT,RETURNED,11,11,0.4396943829997326,43.89453125,worker_high_water,241,1840,11,assignment_at_greedy_UB,,,False,,greedy,gurobi_optimal,2,0.43280048400083615
ER_20_p0.30_seed0__h1_k1__r0__cadical,ER_20_p0.30_seed0,ER,1,1,0,1,cadical,20,51,9,,30.0,OPT,RETURNED,11,11,1.2375938619989029,43.55859375,worker_high_water,,,,last_sat_witness,75657,48291,True,,greedy,sat_unsat,1,1.2319940119996318
ER_20_p0.30_seed0__h1_k1__r1__cadical,ER_20_p0.30_seed0,ER,1,1,1,0,cadical,20,51,9,,30.0,OPT,RETURNED,11,11,1.2241681129999051,43.71484375,worker_high_water,,,,last_sat_witness,75657,48291,True,,greedy,sat_unsat,1,1.2189895379997324
ER_20_p0.30_seed0__h1_k1__r1__gurobi,ER_20_p0.30_seed0,ER,1,1,1,1,gurobi,20,51,9,,30.0,OPT,RETURNED,11,11,0.428002042001026,44.2109375,worker_high_water,241,1840,11,assignment_at_greedy_UB,,,False,,greedy,gurobi_optimal,2,0.421604875000412
ER_20_p0.30_seed0__h1_k1__r2__gurobi,ER_20_p0.30_seed0,ER,1,1,2,0,gurobi,20,51,9,,30.0,OPT,RETURNED,11,11,0.4525647439986642,43.88671875,worker_high_water,241,1840,11,assignment_at_greedy_UB,,,False,,greedy,gurobi_optimal,2,0.44575428499956615
ER_20_p0.30_seed0__h1_k1__r2__cadical,ER_20_p0.30_seed0,ER,1,1,2,1,cadical,20,51,9,,30.0,OPT,RETURNED,11,11,1.221204563998981,43.671875,worker_high_water,,,,last_sat_witness,75657,48291,True,,greedy,sat_unsat,1,1.215780521999477
ER_20_p0.30_seed0__h2_k1__r0__gurobi,ER_20_p0.30_seed0,ER,2,1,0,0,gurobi,20,51,9,,30.0,OPT,RETURNED,11,11,0.8754597380011546,52.6328125,worker_high_water,341,4222,16,assignment_at_greedy_UB,,,False,,gurobi_incumbent,gurobi_optimal,6,0.8669406829994841
ER_20_p0.30_seed0__h2_k1__r0__cadical,ER_20_p0.30_seed0,ER,2,1,0,1,cadical,20,51,9,,30.0,OPT,RETURNED,11,11,0.8911159409999527,42.76953125,worker_high_water,220,3122,11,last_sat_witness,30429,20601,True,,sat,sat_unsat,3,0.8855428930000926
ER_20_p0.30_seed0__h2_k1__r1__cadical,ER_20_p0.30_seed0,ER,2,1,1,0,cadical,20,51,9,,30.0,OPT,RETURNED,11,11,0.8487673990002804,42.80859375,worker_high_water,220,3122,11,last_sat_witness,30429,20601,True,,sat,sat_unsat,3,0.8432213029991544
ER_20_p0.30_seed0__h2_k1__r1__gurobi,ER_20_p0.30_seed0,ER,2,1,1,1,gurobi,20,51,9,,30.0,OPT,RETURNED,11,11,1.1058060790001036,52.62109375,worker_high_water,341,4222,16,assignment_at_greedy_UB,,,False,,gurobi_incumbent,gurobi_optimal,6,1.0948347519988602
ER_20_p0.30_seed0__h2_k1__r2__gurobi,ER_20_p0.30_seed0,ER,2,1,2,0,gurobi,20,51,9,,30.0,OPT,RETURNED,11,11,1.300536111000838,53.1875,worker_high_water,341,4222,16,assignment_at_greedy_UB,,,False,,gurobi_incumbent,gurobi_optimal,6,1.2912694120004744
ER_20_p0.30_seed0__h2_k1__r2__cadical,ER_20_p0.30_seed0,ER,2,1,2,1,cadical,20,51,9,,30.0,OPT,RETURNED,11,11,0.9531693780008936,42.57421875,worker_high_water,220,3122,11,last_sat_witness,30429,20601,True,,sat,sat_unsat,3,0.9480275719997735
ER_20_p0.30_seed0__h3_k2__r0__gurobi,ER_20_p0.30_seed0,ER,3,2,0,0,gurobi,20,51,9,,30.0,OPT,RETURNED,22,22,8.49626904699835,74.5,worker_high_water,641,17200,31,assignment_at_greedy_UB,,,False,,gurobi_incumbent,gurobi_optimal,10,8.47877561599853
ER_20_p0.30_seed0__h3_k2__r0__cadical,ER_20_p0.30_seed0,ER,3,2,0,1,cadical,20,51,9,,30.0,OPT,RETURNED,22,22,17.634285105001254,67.05078125,worker_high_water,440,12612,22,last_sat_witness,466320,272025,True,,sat,sat_unsat,4,17.620042475000446
ER_20_p0.30_seed0__h3_k2__r1__cadical,ER_20_p0.30_seed0,ER,3,2,1,0,cadical,20,51,9,,30.0,OPT,RETURNED,22,22,16.57916130800004,67.3046875,worker_high_water,440,12612,22,last_sat_witness,466320,272025,True,,sat,sat_unsat,4,16.570994298001096
ER_20_p0.30_seed0__h3_k2__r1__gurobi,ER_20_p0.30_seed0,ER,3,2,1,1,gurobi,20,51,9,,30.0,OPT,RETURNED,22,22,10.713036144999933,74.26953125,worker_high_water,641,17200,31,assignment_at_greedy_UB,,,False,,gurobi_incumbent,gurobi_optimal,10,10.660461853000015
ER_20_p0.30_seed0__h3_k2__r2__gurobi,ER_20_p0.30_seed0,ER,3,2,2,0,gurobi,20,51,9,,30.0,OPT,RETURNED,22,22,9.533474859999842,74.96484375,worker_high_water,641,17200,31,assignment_at_greedy_UB,,,False,,gurobi_incumbent,gurobi_optimal,10,9.512490246999732
ER_20_p0.30_seed0__h3_k2__r2__cadical,ER_20_p0.30_seed0,ER,3,2,2,1,cadical,20,51,9,,30.0,OPT,RETURNED,22,22,19.5860788709997,67.12890625,worker_high_water,440,12612,22,last_sat_witness,466320,272025,True,,sat,sat_unsat,4,19.57232146699971
ER_20_p0.30_seed1__h1_k1__r0__cadical,ER_20_p0.30_seed1,ER,1,1,0,0,cadical,20,58,11,,30.0,OPT,RETURNED,13,13,29.133193758001653,59.5078125,worker_high_water,260,2634,13,last_sat_witness,1123843,852224,True,,sat,sat_unsat,2,29.127015123000092
ER_20_p0.30_seed1__h1_k1__r0__gurobi,ER_20_p0.30_seed1,ER,1,1,0,1,gurobi,20,58,11,,30.0,OPT,RETURNED,13,13,0.8514014319989656,46.75,worker_high_water,301,2605,14,assignment_at_greedy_UB,,,False,,gurobi_incumbent,gurobi_optimal,3,0.8444183619994874
ER_20_p0.30_seed1__h1_k1__r1__gurobi,ER_20_p0.30_seed1,ER,1,1,1,0,gurobi,20,58,11,,30.0,OPT,RETURNED,13,13,0.49390262700035237,46.8046875,worker_high_water,301,2605,14,assignment_at_greedy_UB,,,False,,gurobi_incumbent,gurobi_optimal,3,0.48705362399959995
ER_20_p0.30_seed1__h1_k1__r1__cadical,ER_20_p0.30_seed1,ER,1,1,1,1,cadical,20,58,11,,30.0,FEASIBLE,WALL_TIMEOUT,14,11,30.006364404000124,,not_observed,,,,last_sat_witness,,,False,,greedy,elementary,0,
ER_20_p0.30_seed1__h1_k1__r2__cadical,ER_20_p0.30_seed1,ER,1,1,2,0,cadical,20,58,11,,30.0,FEASIBLE,WALL_TIMEOUT,14,11,30.006656826000835,,not_observed,,,,last_sat_witness,,,False,,greedy,elementary,0,
ER_20_p0.30_seed1__h1_k1__r2__gurobi,ER_20_p0.30_seed1,ER,1,1,2,1,gurobi,20,58,11,,30.0,OPT,RETURNED,13,13,0.9410703260000446,46.52734375,worker_high_water,301,2605,14,assignment_at_greedy_UB,,,False,,gurobi_incumbent,gurobi_optimal,3,0.9307885669986717
ER_20_p0.30_seed1__h2_k1__r0__cadical,ER_20_p0.30_seed1,ER,2,1,0,0,cadical,20,58,11,,30.0,OPT,RETURNED,13,13,7.857214600999214,55.078125,worker_high_water,260,4142,13,last_sat_witness,218013,146081,True,,sat,sat_unsat,3,7.845896486998754
ER_20_p0.30_seed1__h2_k1__r0__gurobi,ER_20_p0.30_seed1,ER,2,1,0,1,gurobi,20,58,11,,30.0,OPT,RETURNED,13,13,2.2681420009994326,53.2734375,worker_high_water,381,5377,18,assignment_at_greedy_UB,,,False,,gurobi_incumbent,gurobi_optimal,4,2.243385099000079
ER_20_p0.30_seed1__h2_k1__r1__gurobi,ER_20_p0.30_seed1,ER,2,1,1,0,gurobi,20,58,11,,30.0,OPT,RETURNED,13,13,3.7135026910000306,53.60546875,worker_high_water,381,5377,18,assignment_at_greedy_UB,,,False,,gurobi_incumbent,gurobi_optimal,4,3.700983302000168
ER_20_p0.30_seed1__h2_k1__r1__cadical,ER_20_p0.30_seed1,ER,2,1,1,1,cadical,20,58,11,,30.0,OPT,RETURNED,13,13,8.205382899999677,55.03515625,worker_high_water,260,4142,13,last_sat_witness,218013,146081,True,,sat,sat_unsat,3,8.198039962999246
ER_20_p0.30_seed1__h2_k1__r2__cadical,ER_20_p0.30_seed1,ER,2,1,2,0,cadical,20,58,11,,30.0,OPT,RETURNED,13,13,6.5847971129987855,55.47265625,worker_high_water,260,4142,13,last_sat_witness,218013,146081,True,,sat,sat_unsat,3,6.578626417998748
ER_20_p0.30_seed1__h2_k1__r2__gurobi,ER_20_p0.30_seed1,ER,2,1,2,1,gurobi,20,58,11,,30.0,OPT,RETURNED,13,13,1.1566779620006855,54.33984375,worker_high_water,381,5377,18,assignment_at_greedy_UB,,,False,,gurobi_incumbent,gurobi_optimal,4,1.1477137319998292
ER_20_p0.30_seed1__h3_k2__r0__cadical,ER_20_p0.30_seed1,ER,3,2,0,0,cadical,20,58,11,,30.0,FEASIBLE,WALL_TIMEOUT,26,23,30.00731438100047,,not_observed,520,16909,26,last_sat_witness,66444,29844,False,,sat,elementary,2,1.5135567289999017
ER_20_p0.30_seed1__h3_k2__r0__gurobi,ER_20_p0.30_seed1,ER,3,2,0,1,gurobi,20,58,11,,30.0,OPT,RETURNED,26,26,15.249165324999922,81.69140625,worker_high_water,721,22110,35,assignment_at_greedy_UB,,,False,,gurobi_incumbent,gurobi_optimal,12,15.231904582000425
ER_20_p0.30_seed1__h3_k2__r1__gurobi,ER_20_p0.30_seed1,ER,3,2,1,0,gurobi,20,58,11,,30.0,OPT,RETURNED,26,26,8.416008919000888,78.18359375,worker_high_water,721,22110,35,assignment_at_greedy_UB,,,False,,gurobi_incumbent,gurobi_optimal,12,8.398612990000402
ER_20_p0.30_seed1__h3_k2__r1__cadical,ER_20_p0.30_seed1,ER,3,2,1,1,cadical,20,58,11,,30.0,FEASIBLE,WALL_TIMEOUT,26,23,30.00744328699875,,not_observed,520,16909,26,last_sat_witness,66444,29844,False,,sat,elementary,2,1.736940645998402
ER_20_p0.30_seed1__h3_k2__r2__cadical,ER_20_p0.30_seed1,ER,3,2,2,0,cadical,20,58,11,,30.0,FEASIBLE,WALL_TIMEOUT,26,23,30.008148877001076,,not_observed,520,16909,26,last_sat_witness,66444,29844,False,,sat,elementary,2,1.6125970499997493
ER_20_p0.30_seed1__h3_k2__r2__gurobi,ER_20_p0.30_seed1,ER,3,2,2,1,gurobi,20,58,11,,30.0,OPT,RETURNED,26,26,8.381958023001062,78.3125,worker_high_water,721,22110,35,assignment_at_greedy_UB,,,False,,gurobi_incumbent,gurobi_optimal,12,8.362212743000782
ER_20_p0.30_seed2__h1_k1__r0__gurobi,ER_20_p0.30_seed2,ER,1,1,0,0,gurobi,20,59,10,,30.0,OPT,RETURNED,13,13,0.5335220000015397,44.79296875,worker_high_water,281,2322,13,assignment_at_greedy_UB,,,False,,greedy,gurobi_optimal,2,0.526567378999971
ER_20_p0.30_seed2__h1_k1__r0__cadical,ER_20_p0.30_seed2,ER,1,1,0,1,cadical,20,59,10,,30.0,OPT,RETURNED,13,13,12.975047500998699,52.9375,worker_high_water,,,,last_sat_witness,746750,523252,True,,greedy,sat_unsat,2,12.96883420299855
ER_20_p0.30_seed2__h1_k1__r1__cadical,ER_20_p0.30_seed2,ER,1,1,1,0,cadical,20,59,10,,30.0,OPT,RETURNED,13,13,12.993340602999524,52.77734375,worker_high_water,,,,last_sat_witness,746750,523252,True,,greedy,sat_unsat,2,12.987812183000642
ER_20_p0.30_seed2__h1_k1__r1__gurobi,ER_20_p0.30_seed2,ER,1,1,1,1,gurobi,20,59,10,,30.0,OPT,RETURNED,13,13,0.44731315699937113,44.65625,worker_high_water,281,2322,13,assignment_at_greedy_UB,,,False,,greedy,gurobi_optimal,2,0.44026861599922995
ER_20_p0.30_seed2__h1_k1__r2__gurobi,ER_20_p0.30_seed2,ER,1,1,2,0,gurobi,20,59,10,,30.0,OPT,RETURNED,13,13,0.5891004389995942,44.7734375,worker_high_water,281,2322,13,assignment_at_greedy_UB,,,False,,greedy,gurobi_optimal,2,0.5815008619993023
ER_20_p0.30_seed2__h1_k1__r2__cadical,ER_20_p0.30_seed2,ER,1,1,2,1,cadical,20,59,10,,30.0,OPT,RETURNED,13,13,12.946697819999827,53.12890625,worker_high_water,,,,last_sat_witness,746750,523252,True,,greedy,sat_unsat,2,12.941196285999467
ER_20_p0.30_seed2__h2_k1__r0__gurobi,ER_20_p0.30_seed2,ER,2,1,0,0,gurobi,20,59,10,,30.0,OPT,RETURNED,13,13,0.7243004440006189,49.30859375,worker_high_water,321,4418,15,assignment_at_greedy_UB,,,False,,gurobi_incumbent,gurobi_optimal,4,0.7163902770007553
ER_20_p0.30_seed2__h2_k1__r0__cadical,ER_20_p0.30_seed2,ER,2,1,0,1,cadical,20,59,10,,30.0,OPT,RETURNED,13,13,7.143596839001475,52.578125,worker_high_water,260,4056,13,last_sat_witness,247774,158737,True,,sat,sat_unsat,2,7.1373328460013
ER_20_p0.30_seed2__h2_k1__r1__cadical,ER_20_p0.30_seed2,ER,2,1,1,0,cadical,20,59,10,,30.0,OPT,RETURNED,13,13,6.989231695999479,53.046875,worker_high_water,260,4056,13,last_sat_witness,247774,158737,True,,sat,sat_unsat,2,6.983542167999985
ER_20_p0.30_seed2__h2_k1__r1__gurobi,ER_20_p0.30_seed2,ER,2,1,1,1,gurobi,20,59,10,,30.0,OPT,RETURNED,13,13,0.7055718470001011,49.43359375,worker_high_water,321,4418,15,assignment_at_greedy_UB,,,False,,gurobi_incumbent,gurobi_optimal,4,0.6976108319995546
ER_20_p0.30_seed2__h2_k1__r2__gurobi,ER_20_p0.30_seed2,ER,2,1,2,0,gurobi,20,59,10,,30.0,OPT,RETURNED,13,13,0.7254562369998894,49.19921875,worker_high_water,321,4418,15,assignment_at_greedy_UB,,,False,,gurobi_incumbent,gurobi_optimal,4,0.7167976529999578
ER_20_p0.30_seed2__h2_k1__r2__cadical,ER_20_p0.30_seed2,ER,2,1,2,1,cadical,20,59,10,,30.0,OPT,RETURNED,13,13,7.181281442000909,53.859375,worker_high_water,260,4056,13,last_sat_witness,247774,158737,True,,sat,sat_unsat,2,7.17558634100169
ER_20_p0.30_seed2__h3_k2__r0__gurobi,ER_20_p0.30_seed2,ER,3,2,0,0,gurobi,20,59,10,,30.0,OPT,RETURNED,26,26,3.734481853000034,68.4140625,worker_high_water,701,20723,34,assignment_at_greedy_UB,,,False,,gurobi_incumbent,gurobi_optimal,8,3.7187463600002957
ER_20_p0.30_seed2__h3_k2__r0__cadical,ER_20_p0.30_seed2,ER,3,2,0,1,cadical,20,59,10,,30.0,FEASIBLE,WALL_TIMEOUT,27,21,30.008594205000918,,not_observed,540,16954,27,last_sat_witness,7400,3514,False,,sat,elementary,1,0.5361108180004521
ER_20_p0.30_seed2__h3_k2__r1__cadical,ER_20_p0.30_seed2,ER,3,2,1,0,cadical,20,59,10,,30.0,FEASIBLE,WALL_TIMEOUT,27,21,30.007973683001183,,not_observed,540,16954,27,last_sat_witness,7400,3514,False,,sat,elementary,1,0.5469036840004264
ER_20_p0.30_seed2__h3_k2__r1__gurobi,ER_20_p0.30_seed2,ER,3,2,1,1,gurobi,20,59,10,,30.0,OPT,RETURNED,26,26,3.7498622729999624,67.74609375,worker_high_water,701,20723,34,assignment_at_greedy_UB,,,False,,gurobi_incumbent,gurobi_optimal,8,3.7336288490005245
ER_20_p0.30_seed2__h3_k2__r2__gurobi,ER_20_p0.30_seed2,ER,3,2,2,0,gurobi,20,59,10,,30.0,OPT,RETURNED,26,26,3.87923820800097,67.6484375,worker_high_water,701,20723,34,assignment_at_greedy_UB,,,False,,gurobi_incumbent,gurobi_optimal,8,3.8639041780006664
ER_20_p0.30_seed2__h3_k2__r2__cadical,ER_20_p0.30_seed2,ER,3,2,2,1,cadical,20,59,10,,30.0,FEASIBLE,WALL_TIMEOUT,27,21,30.008514475000993,,not_observed,540,16954,27,last_sat_witness,7400,3514,False,,sat,elementary,1,0.5311864930008596
BA_20_m2_seed0__h1_k1__r0__cadical,BA_20_m2_seed0,BA,1,1,0,0,cadical,20,36,12,,30.0,OPT,RETURNED,12,12,0.3528406499990524,34.58203125,worker_high_water,,,,last_sat_witness,0,0,True,,greedy,elementary,0,
BA_20_m2_seed0__h1_k1__r0__gurobi,BA_20_m2_seed0,BA,1,1,0,1,gurobi,20,36,12,,30.0,OPT,RETURNED,12,12,0.5891587250007433,44.203125,worker_high_water,261,1782,12,assignment_at_greedy_UB,,,False,,greedy,gurobi_optimal,2,0.5821169139999256
BA_20_m2_seed0__h1_k1__r1__gurobi,BA_20_m2_seed0,BA,1,1,1,0,gurobi,20,36,12,,30.0,OPT,RETURNED,12,12,0.45529470699875674,43.94921875,worker_high_water,261,1782,12,assignment_at_greedy_UB,,,False,,greedy,gurobi_optimal,2,0.4484346949993778
BA_20_m2_seed0__h1_k1__r1__cadical,BA_20_m2_seed0,BA,1,1,1,1,cadical,20,36,12,,30.0,OPT,RETURNED,12,12,0.3497678289986652,34.015625,worker_high_water,,,,last_sat_witness,0,0,True,,greedy,elementary,0,
BA_20_m2_seed0__h1_k1__r2__cadical,BA_20_m2_seed0,BA,1,1,2,0,cadical,20,36,12,,30.0,OPT,RETURNED,12,12,0.36013152899977285,33.90234375,worker_high_water,,,,last_sat_witness,0,0,True,,greedy,elementary,0,
BA_20_m2_seed0__h1_k1__r2__gurobi,BA_20_m2_seed0,BA,1,1,2,1,gurobi,20,36,12,,30.0,OPT,RETURNED,12,12,0.45635262499854434,44.24609375,worker_high_water,261,1782,12,assignment_at_greedy_UB,,,False,,greedy,gurobi_optimal,2,0.4485030989999359
BA_20_m2_seed0__h2_k1__r0__cadical,BA_20_m2_seed0,BA,2,1,0,0,cadical,20,36,12,,30.0,OPT,RETURNED,13,13,0.38104601800114324,38.0625,worker_high_water,260,3052,13,last_sat_witness,182,44,True,,sat,elementary,1,0.3764339560002554
BA_20_m2_seed0__h2_k1__r0__gurobi,BA_20_m2_seed0,BA,2,1,0,1,gurobi,20,36,12,,30.0,OPT,RETURNED,13,13,0.49927818499963905,46.921875,worker_high_water,301,3058,14,assignment_at_greedy_UB,,,False,,gurobi_incumbent,gurobi_optimal,2,0.4912818929988134
BA_20_m2_seed0__h2_k1__r1__gurobi,BA_20_m2_seed0,BA,2,1,1,0,gurobi,20,36,12,,30.0,OPT,RETURNED,13,13,0.6451596630013228,47.5078125,worker_high_water,301,3058,14,assignment_at_greedy_UB,,,False,,gurobi_incumbent,gurobi_optimal,2,0.6381038700001227
BA_20_m2_seed0__h2_k1__r1__cadical,BA_20_m2_seed0,BA,2,1,1,1,cadical,20,36,12,,30.0,OPT,RETURNED,13,13,0.38089064600171696,37.8828125,worker_high_water,260,3052,13,last_sat_witness,182,44,True,,sat,elementary,1,0.3762367910003377
BA_20_m2_seed0__h2_k1__r2__cadical,BA_20_m2_seed0,BA,2,1,2,0,cadical,20,36,12,,30.0,OPT,RETURNED,13,13,0.3679562020006415,37.28515625,worker_high_water,260,3052,13,last_sat_witness,182,44,True,,sat,elementary,1,0.3632598540007166
BA_20_m2_seed0__h2_k1__r2__gurobi,BA_20_m2_seed0,BA,2,1,2,1,gurobi,20,36,12,,30.0,OPT,RETURNED,13,13,0.5116896070012444,46.8828125,worker_high_water,301,3058,14,assignment_at_greedy_UB,,,False,,gurobi_incumbent,gurobi_optimal,2,0.5043210090007051
BA_20_m2_seed0__h3_k2__r0__cadical,BA_20_m2_seed0,BA,3,2,0,0,cadical,20,36,12,,30.0,OPT,RETURNED,25,25,0.6508769580013904,51.04296875,worker_high_water,500,12392,25,last_sat_witness,12817,6932,True,,sat,elementary,2,0.6439511469998251
BA_20_m2_seed0__h3_k2__r0__gurobi,BA_20_m2_seed0,BA,3,2,0,1,gurobi,20,36,12,,30.0,OPT,RETURNED,25,25,1.060180369999216,56.12890625,worker_high_water,581,13374,28,assignment_at_greedy_UB,,,False,,gurobi_incumbent,gurobi_optimal,3,1.0480064879993733
BA_20_m2_seed0__h3_k2__r1__gurobi,BA_20_m2_seed0,BA,3,2,1,0,gurobi,20,36,12,,30.0,OPT,RETURNED,25,25,1.1039808810000977,56.4375,worker_high_water,581,13374,28,assignment_at_greedy_UB,,,False,,gurobi_incumbent,gurobi_optimal,3,1.0908229750002647
BA_20_m2_seed0__h3_k2__r1__cadical,BA_20_m2_seed0,BA,3,2,1,1,cadical,20,36,12,,30.0,OPT,RETURNED,25,25,0.7910011610001675,51.22265625,worker_high_water,500,12392,25,last_sat_witness,12817,6932,True,,sat,elementary,2,0.7856800170011411
BA_20_m2_seed0__h3_k2__r2__cadical,BA_20_m2_seed0,BA,3,2,2,0,cadical,20,36,12,,30.0,OPT,RETURNED,25,25,0.6514090070013481,52.4765625,worker_high_water,500,12392,25,last_sat_witness,12817,6932,True,,sat,elementary,2,0.6460732010000356
BA_20_m2_seed0__h3_k2__r2__gurobi,BA_20_m2_seed0,BA,3,2,2,1,gurobi,20,36,12,,30.0,OPT,RETURNED,25,25,1.038760840001487,56.52734375,worker_high_water,581,13374,28,assignment_at_greedy_UB,,,False,,gurobi_incumbent,gurobi_optimal,3,1.0266269230014586
BA_20_m2_seed1__h1_k1__r0__gurobi,BA_20_m2_seed1,BA,1,1,0,0,gurobi,20,36,12,,30.0,OPT,RETURNED,12,12,0.4463502460002928,44.0078125,worker_high_water,261,1808,12,assignment_at_greedy_UB,,,False,,greedy,gurobi_optimal,2,0.4391847269998834
BA_20_m2_seed1__h1_k1__r0__cadical,BA_20_m2_seed1,BA,1,1,0,1,cadical,20,36,12,,30.0,OPT,RETURNED,12,12,0.34464207900055044,33.91796875,worker_high_water,,,,last_sat_witness,0,0,True,,greedy,elementary,0,
BA_20_m2_seed1__h1_k1__r1__cadical,BA_20_m2_seed1,BA,1,1,1,0,cadical,20,36,12,,30.0,OPT,RETURNED,12,12,0.34452325100028247,34.03515625,worker_high_water,,,,last_sat_witness,0,0,True,,greedy,elementary,0,
BA_20_m2_seed1__h1_k1__r1__gurobi,BA_20_m2_seed1,BA,1,1,1,1,gurobi,20,36,12,,30.0,OPT,RETURNED,12,12,0.47306355999899097,44.15625,worker_high_water,261,1808,12,assignment_at_greedy_UB,,,False,,greedy,gurobi_optimal,2,0.46197750399915094
BA_20_m2_seed1__h1_k1__r2__gurobi,BA_20_m2_seed1,BA,1,1,2,0,gurobi,20,36,12,,30.0,OPT,RETURNED,12,12,0.5932488800008286,44.171875,worker_high_water,261,1808,12,assignment_at_greedy_UB,,,False,,greedy,gurobi_optimal,2,0.5853647180010739
BA_20_m2_seed1__h1_k1__r2__cadical,BA_20_m2_seed1,BA,1,1,2,1,cadical,20,36,12,,30.0,OPT,RETURNED,12,12,0.3508033220005018,33.89453125,worker_high_water,,,,last_sat_witness,0,0,True,,greedy,elementary,0,
BA_20_m2_seed1__h2_k1__r0__gurobi,BA_20_m2_seed1,BA,2,1,0,0,gurobi,20,36,12,,30.0,OPT,RETURNED,13,13,0.49032641899975715,46.9921875,worker_high_water,301,3088,14,assignment_at_greedy_UB,,,False,,gurobi_incumbent,gurobi_optimal,2,0.48303600400140567
BA_20_m2_seed1__h2_k1__r0__cadical,BA_20_m2_seed1,BA,2,1,0,1,cadical,20,36,12,,30.0,OPT,RETURNED,13,13,0.3791829959991446,37.8515625,worker_high_water,260,3080,13,last_sat_witness,154,11,True,,sat,elementary,1,0.37374684600035835
BA_20_m2_seed1__h2_k1__r1__cadical,BA_20_m2_seed1,BA,2,1,1,0,cadical,20,36,12,,30.0,OPT,RETURNED,13,13,0.37526303800041205,37.765625,worker_high_water,260,3080,13,last_sat_witness,154,11,True,,sat,elementary,1,0.37056429400035995
BA_20_m2_seed1__h2_k1__r1__gurobi,BA_20_m2_seed1,BA,2,1,1,1,gurobi,20,36,12,,30.0,OPT,RETURNED,13,13,1.3076360979994206,46.58203125,worker_high_water,301,3088,14,assignment_at_greedy_UB,,,False,,gurobi_incumbent,gurobi_optimal,2,1.3005228660003922
BA_20_m2_seed1__h2_k1__r2__gurobi,BA_20_m2_seed1,BA,2,1,2,0,gurobi,20,36,12,,30.0,OPT,RETURNED,13,13,0.9314394749999337,46.89453125,worker_high_water,301,3088,14,assignment_at_greedy_UB,,,False,,gurobi_incumbent,gurobi_optimal,2,0.9160958480006229
BA_20_m2_seed1__h2_k1__r2__cadical,BA_20_m2_seed1,BA,2,1,2,1,cadical,20,36,12,,30.0,OPT,RETURNED,13,13,0.8681903520009655,37.82421875,worker_high_water,260,3080,13,last_sat_witness,154,11,True,,sat,elementary,1,0.8587284109999018
BA_20_m2_seed1__h3_k2__r0__gurobi,BA_20_m2_seed1,BA,3,2,0,0,gurobi,20,36,12,,30.0,OPT,RETURNED,25,25,1.946045275999495,56.95703125,worker_high_water,621,14504,30,assignment_at_greedy_UB,,,False,,gurobi_incumbent,gurobi_optimal,4,1.9236226129996794
BA_20_m2_seed1__h3_k2__r0__cadical,BA_20_m2_seed1,BA,3,2,0,1,cadical,20,36,12,,30.0,OPT,RETURNED,25,25,0.8024914249999711,52.61328125,worker_high_water,500,12544,25,last_sat_witness,928,52,True,,sat,elementary,3,0.7957925589998922
BA_20_m2_seed1__h3_k2__r1__cadical,BA_20_m2_seed1,BA,3,2,1,0,cadical,20,36,12,,30.0,OPT,RETURNED,25,25,0.9554244899991318,50.96484375,worker_high_water,500,12544,25,last_sat_witness,928,52,True,,sat,elementary,3,0.9480075009996654
BA_20_m2_seed1__h3_k2__r1__gurobi,BA_20_m2_seed1,BA,3,2,1,1,gurobi,20,36,12,,30.0,OPT,RETURNED,25,25,1.4488339299987274,60.51953125,worker_high_water,621,14504,30,assignment_at_greedy_UB,,,False,,gurobi_incumbent,gurobi_optimal,4,1.4349871069989604
BA_20_m2_seed1__h3_k2__r2__gurobi,BA_20_m2_seed1,BA,3,2,2,0,gurobi,20,36,12,,30.0,OPT,RETURNED,25,25,1.0936413740000717,56.68359375,worker_high_water,621,14504,30,assignment_at_greedy_UB,,,False,,gurobi_incumbent,gurobi_optimal,4,1.0811556319986266
BA_20_m2_seed1__h3_k2__r2__cadical,BA_20_m2_seed1,BA,3,2,2,1,cadical,20,36,12,,30.0,OPT,RETURNED,25,25,4.520065472001079,45.44921875,worker_high_water,500,12544,25,last_sat_witness,928,52,True,,sat,elementary,3,4.50409322500127
BA_20_m2_seed2__h1_k1__r0__cadical,BA_20_m2_seed2,BA,1,1,0,0,cadical,20,36,12,,30.0,OPT,RETURNED,13,13,9.225752482001553,51.9765625,worker_high_water,,,,last_sat_witness,402430,274872,True,,greedy,sat_unsat,1,9.218943357000171
BA_20_m2_seed2__h1_k1__r0__gurobi,BA_20_m2_seed2,BA,1,1,0,1,gurobi,20,36,12,,30.0,OPT,RETURNED,13,13,0.49854230700111657,44.5546875,worker_high_water,281,2056,13,assignment_at_greedy_UB,,,False,,greedy,gurobi_optimal,2,0.49132066200036206
BA_20_m2_seed2__h1_k1__r1__gurobi,BA_20_m2_seed2,BA,1,1,1,0,gurobi,20,36,12,,30.0,OPT,RETURNED,13,13,0.5590683779992105,44.390625,worker_high_water,281,2056,13,assignment_at_greedy_UB,,,False,,greedy,gurobi_optimal,2,0.5517082120004488
BA_20_m2_seed2__h1_k1__r1__cadical,BA_20_m2_seed2,BA,1,1,1,1,cadical,20,36,12,,30.0,OPT,RETURNED,13,13,7.245203378999577,51.7890625,worker_high_water,,,,last_sat_witness,402430,274872,True,,greedy,sat_unsat,1,7.237684494999485
BA_20_m2_seed2__h1_k1__r2__cadical,BA_20_m2_seed2,BA,1,1,2,0,cadical,20,36,12,,30.0,OPT,RETURNED,13,13,6.996491720999984,51.7734375,worker_high_water,,,,last_sat_witness,402430,274872,True,,greedy,sat_unsat,1,6.990539760001411
BA_20_m2_seed2__h1_k1__r2__gurobi,BA_20_m2_seed2,BA,1,1,2,1,gurobi,20,36,12,,30.0,OPT,RETURNED,13,13,0.5015924170002108,44.265625,worker_high_water,281,2056,13,assignment_at_greedy_UB,,,False,,greedy,gurobi_optimal,2,0.49387391900017974
BA_20_m2_seed2__h2_k1__r0__cadical,BA_20_m2_seed2,BA,2,1,0,0,cadical,20,36,12,,30.0,OPT,RETURNED,13,13,0.4175407570000971,39.6484375,worker_high_water,260,3192,13,last_sat_witness,800,276,True,,sat,elementary,2,0.41213195999989694
BA_20_m2_seed2__h2_k1__r0__gurobi,BA_20_m2_seed2,BA,2,1,0,1,gurobi,20,36,12,,30.0,OPT,RETURNED,13,13,0.7011035960003937,47.5703125,worker_high_water,321,3424,15,assignment_at_greedy_UB,,,False,,gurobi_incumbent,gurobi_optimal,2,0.6930759409988241
BA_20_m2_seed2__h2_k1__r1__gurobi,BA_20_m2_seed2,BA,2,1,1,0,gurobi,20,36,12,,30.0,OPT,RETURNED,13,13,0.5672822870001255,48.00390625,worker_high_water,321,3424,15,assignment_at_greedy_UB,,,False,,gurobi_incumbent,gurobi_optimal,2,0.5590682420006488
BA_20_m2_seed2__h2_k1__r1__cadical,BA_20_m2_seed2,BA,2,1,1,1,cadical,20,36,12,,30.0,OPT,RETURNED,13,13,0.5945175849992665,39.48046875,worker_high_water,260,3192,13,last_sat_witness,800,276,True,,sat,elementary,2,0.5885311689999071
BA_20_m2_seed2__h2_k1__r2__cadical,BA_20_m2_seed2,BA,2,1,2,0,cadical,20,36,12,,30.0,OPT,RETURNED,13,13,0.4303108259991859,39.77734375,worker_high_water,260,3192,13,last_sat_witness,800,276,True,,sat,elementary,2,0.4246938340002089
BA_20_m2_seed2__h2_k1__r2__gurobi,BA_20_m2_seed2,BA,2,1,2,1,gurobi,20,36,12,,30.0,OPT,RETURNED,13,13,0.5490481150009145,47.6171875,worker_high_water,321,3424,15,assignment_at_greedy_UB,,,False,,gurobi_incumbent,gurobi_optimal,2,0.5399552220005717
BA_20_m2_seed2__h3_k2__r0__cadical,BA_20_m2_seed2,BA,3,2,0,0,cadical,20,36,12,,30.0,FEASIBLE,WALL_TIMEOUT,26,25,30.013384457999564,,not_observed,520,13676,26,last_sat_witness,14752,6513,False,,sat,elementary,2,0.7897554970004421
BA_20_m2_seed2__h3_k2__r0__gurobi,BA_20_m2_seed2,BA,3,2,0,1,gurobi,20,36,12,,30.0,OPT,RETURNED,26,26,2.046956522999608,59.734375,worker_high_water,621,15232,30,assignment_at_greedy_UB,,,False,,gurobi_incumbent,gurobi_optimal,5,2.031815715999983
BA_20_m2_seed2__h3_k2__r1__gurobi,BA_20_m2_seed2,BA,3,2,1,0,gurobi,20,36,12,,30.0,OPT,RETURNED,26,26,1.8730348480003158,58.83203125,worker_high_water,621,15232,30,assignment_at_greedy_UB,,,False,,gurobi_incumbent,gurobi_optimal,5,1.8590607209989685
BA_20_m2_seed2__h3_k2__r1__cadical,BA_20_m2_seed2,BA,3,2,1,1,cadical,20,36,12,,30.0,FEASIBLE,WALL_TIMEOUT,26,25,30.008065628000622,,not_observed,520,13676,26,last_sat_witness,14752,6513,False,,sat,elementary,2,0.786716811999213
BA_20_m2_seed2__h3_k2__r2__cadical,BA_20_m2_seed2,BA,3,2,2,0,cadical,20,36,12,,30.0,FEASIBLE,WALL_TIMEOUT,26,25,30.007800948000295,,not_observed,520,13676,26,last_sat_witness,14752,6513,False,,sat,elementary,2,0.6543247560002783
BA_20_m2_seed2__h3_k2__r2__gurobi,BA_20_m2_seed2,BA,3,2,2,1,gurobi,20,36,12,,30.0,OPT,RETURNED,26,26,1.4932992459998786,59.21484375,worker_high_water,621,15232,30,assignment_at_greedy_UB,,,False,,gurobi_incumbent,gurobi_optimal,5,1.4803356299998995
ER_40_p0.15_seed0__h1_k1__r0__gurobi,ER_40_p0.15_seed0,ER,1,1,0,0,gurobi,40,128,12,,30.0,OPT,RETURNED,13,13,12.783579949000341,65.03125,worker_high_water,721,9620,17,assignment_at_greedy_UB,,,False,,gurobi_incumbent,gurobi_optimal,5,12.770428619000086
ER_40_p0.15_seed0__h1_k1__r0__cadical,ER_40_p0.15_seed0,ER,1,1,0,1,cadical,40,128,12,,30.0,FEASIBLE,WALL_TIMEOUT,13,12,30.008624845999293,,not_observed,520,7900,13,last_sat_witness,1300,174,False,,sat,elementary,2,0.45887424200009264
ER_40_p0.15_seed0__h1_k1__r1__cadical,ER_40_p0.15_seed0,ER,1,1,1,0,cadical,40,128,12,,30.0,FEASIBLE,WALL_TIMEOUT,13,12,30.007253054000103,,not_observed,520,7900,13,last_sat_witness,1300,174,False,,sat,elementary,2,0.4905464400017081
ER_40_p0.15_seed0__h1_k1__r1__gurobi,ER_40_p0.15_seed0,ER,1,1,1,1,gurobi,40,128,12,,30.0,OPT,RETURNED,13,13,12.829604051999922,63.625,worker_high_water,721,9620,17,assignment_at_greedy_UB,,,False,,gurobi_incumbent,gurobi_optimal,5,12.816758170998583
ER_40_p0.15_seed0__h1_k1__r2__gurobi,ER_40_p0.15_seed0,ER,1,1,2,0,gurobi,40,128,12,,30.0,OPT,RETURNED,13,13,12.747723992000829,64.46875,worker_high_water,721,9620,17,assignment_at_greedy_UB,,,False,,gurobi_incumbent,gurobi_optimal,5,12.732519860001048
ER_40_p0.15_seed0__h1_k1__r2__cadical,ER_40_p0.15_seed0,ER,1,1,2,1,cadical,40,128,12,,30.0,FEASIBLE,WALL_TIMEOUT,13,12,30.0086170630002,,not_observed,520,7900,13,last_sat_witness,1300,174,False,,sat,elementary,2,0.4561418350003805
ER_40_p0.15_seed0__h2_k1__r0__gurobi,ER_40_p0.15_seed0,ER,2,1,0,0,gurobi,40,128,12,,30.0,FEASIBLE,WALL_TIMEOUT,15,13,30.00956433600004,,not_observed,881,17116,21,assignment_at_greedy_UB,,,False,,gurobi_incumbent,elementary,6,25.21458420199997
ER_40_p0.15_seed0__h2_k1__r0__cadical,ER_40_p0.15_seed0,ER,2,1,0,1,cadical,40,128,12,,30.0,FEASIBLE,WALL_TIMEOUT,14,13,30.009860606000075,,not_observed,560,12054,14,last_sat_witness,306260,156389,False,,sat,elementary,3,7.214729000999796
ER_40_p0.15_seed0__h2_k1__r1__cadical,ER_40_p0.15_seed0,ER,2,1,1,0,cadical,40,128,12,,30.0,FEASIBLE,WALL_TIMEOUT,14,13,30.007082381000146,,not_observed,560,12054,14,last_sat_witness,306260,156389,False,,sat,elementary,3,7.2744240789998
ER_40_p0.15_seed0__h2_k1__r1__gurobi,ER_40_p0.15_seed0,ER,2,1,1,1,gurobi,40,128,12,,30.0,FEASIBLE,WALL_TIMEOUT,15,13,30.00986197400016,,not_observed,881,17116,21,assignment_at_greedy_UB,,,False,,gurobi_incumbent,elementary,6,25.200398338000014
ER_40_p0.15_seed0__h2_k1__r2__gurobi,ER_40_p0.15_seed0,ER,2,1,2,0,gurobi,40,128,12,,30.0,FEASIBLE,WALL_TIMEOUT,15,13,30.00776851199953,,not_observed,881,17116,21,assignment_at_greedy_UB,,,False,,gurobi_incumbent,elementary,6,26.712769912001022
ER_40_p0.15_seed0__h2_k1__r2__cadical,ER_40_p0.15_seed0,ER,2,1,2,1,cadical,40,128,12,,30.0,FEASIBLE,WALL_TIMEOUT,14,13,30.006956069000807,,not_observed,560,12054,14,last_sat_witness,306260,156389,False,,sat,elementary,3,7.61288233400046
ER_40_p0.15_seed0__h3_k2__r0__gurobi,ER_40_p0.15_seed0,ER,3,2,0,0,gurobi,40,128,12,,30.0,FEASIBLE,WALL_TIMEOUT,34,25,30.01213978299893,,not_observed,1801,81578,44,assignment_at_greedy_UB,,,False,,gurobi_incumbent,elementary,9,16.954820031000054
ER_40_p0.15_seed0__h3_k2__r0__cadical,ER_40_p0.15_seed0,ER,3,2,0,1,cadical,40,128,12,,30.0,FEASIBLE,WALL_TIMEOUT,29,25,30.01178694599912,,not_observed,1160,54928,29,last_sat_witness,349570,150146,False,,sat,elementary,2,12.867088122000496
ER_40_p0.15_seed0__h3_k2__r1__cadical,ER_40_p0.15_seed0,ER,3,2,1,0,cadical,40,128,12,,30.0,FEASIBLE,WALL_TIMEOUT,29,25,30.01197852000041,,not_observed,1160,54928,29,last_sat_witness,349570,150146,False,,sat,elementary,2,12.537543860000369
ER_40_p0.15_seed0__h3_k2__r1__gurobi,ER_40_p0.15_seed0,ER,3,2,1,1,gurobi,40,128,12,,30.0,FEASIBLE,WALL_TIMEOUT,34,25,30.014848720998998,,not_observed,1801,81578,44,assignment_at_greedy_UB,,,False,,gurobi_incumbent,elementary,9,17.252467115999025
ER_40_p0.15_seed0__h3_k2__r2__gurobi,ER_40_p0.15_seed0,ER,3,2,2,0,gurobi,40,128,12,,30.0,FEASIBLE,WALL_TIMEOUT,34,25,30.01393106499927,,not_observed,1801,81578,44,assignment_at_greedy_UB,,,False,,gurobi_incumbent,elementary,9,17.392297291999057
ER_40_p0.15_seed0__h3_k2__r2__cadical,ER_40_p0.15_seed0,ER,3,2,2,1,cadical,40,128,12,,30.0,FEASIBLE,WALL_TIMEOUT,29,25,30.012107033000575,,not_observed,1160,54928,29,last_sat_witness,349570,150146,False,,sat,elementary,2,12.750981639999736
ER_40_p0.15_seed1__h1_k1__r0__cadical,ER_40_p0.15_seed1,ER,1,1,0,0,cadical,40,115,10,,30.0,FEASIBLE,WALL_TIMEOUT,13,12,30.007689826999922,,not_observed,520,7410,13,last_sat_witness,196169,131252,False,,sat,sat_unsat,2,3.499036393001006
ER_40_p0.15_seed1__h1_k1__r0__gurobi,ER_40_p0.15_seed1,ER,1,1,0,1,gurobi,40,115,10,,30.0,OPT,RETURNED,13,13,27.613405621999846,67.234375,worker_high_water,721,8990,17,assignment_at_greedy_UB,,,False,,gurobi_incumbent,gurobi_optimal,6,27.59570150199943
ER_40_p0.15_seed1__h1_k1__r1__gurobi,ER_40_p0.15_seed1,ER,1,1,1,0,gurobi,40,115,10,,30.0,OPT,RETURNED,13,13,26.87467395800013,67.11328125,worker_high_water,721,8990,17,assignment_at_greedy_UB,,,False,,gurobi_incumbent,gurobi_optimal,6,26.860317422000662
ER_40_p0.15_seed1__h1_k1__r1__cadical,ER_40_p0.15_seed1,ER,1,1,1,1,cadical,40,115,10,,30.0,FEASIBLE,WALL_TIMEOUT,13,12,30.01039955500164,,not_observed,520,7410,13,last_sat_witness,196169,131252,False,,sat,sat_unsat,2,5.728388752000683
ER_40_p0.15_seed1__h1_k1__r2__cadical,ER_40_p0.15_seed1,ER,1,1,2,0,cadical,40,115,10,,30.0,FEASIBLE,WALL_TIMEOUT,13,12,30.00711205299922,,not_observed,520,7410,13,last_sat_witness,196169,131252,False,,sat,sat_unsat,2,4.3144993599999
ER_40_p0.15_seed1__h1_k1__r2__gurobi,ER_40_p0.15_seed1,ER,1,1,2,1,gurobi,40,115,10,,30.0,OPT,RETURNED,13,13,26.990001967000353,66.33203125,worker_high_water,721,8990,17,assignment_at_greedy_UB,,,False,,gurobi_incumbent,gurobi_optimal,6,26.97390779899979
ER_40_p0.15_seed1__h2_k1__r0__cadical,ER_40_p0.15_seed1,ER,2,1,0,0,cadical,40,115,10,,30.0,FEASIBLE,WALL_TIMEOUT,13,11,30.00707973899989,,not_observed,520,10400,13,last_sat_witness,368797,251996,False,,sat,elementary,2,13.323078463999991
ER_40_p0.15_seed1__h2_k1__r0__gurobi,ER_40_p0.15_seed1,ER,2,1,0,1,gurobi,40,115,10,,30.0,FEASIBLE,WALL_TIMEOUT,14,12,30.00814086399987,,not_observed,841,15075,20,assignment_at_greedy_UB,,,False,,gurobi_incumbent,gurobi_dual,7,21.505013333000534
ER_40_p0.15_seed1__h2_k1__r1__gurobi,ER_40_p0.15_seed1,ER,2,1,1,0,gurobi,40,115,10,,30.0,FEASIBLE,WALL_TIMEOUT,14,12,30.010456965999765,,not_observed,841,15075,20,assignment_at_greedy_UB,,,False,,gurobi_incumbent,gurobi_dual,7,21.628989700000602
ER_40_p0.15_seed1__h2_k1__r1__cadical,ER_40_p0.15_seed1,ER,2,1,1,1,cadical,40,115,10,,30.0,FEASIBLE,WALL_TIMEOUT,13,11,30.008889393999198,,not_observed,520,10400,13,last_sat_witness,368797,251996,False,,sat,elementary,2,13.77264387499963
ER_40_p0.15_seed1__h2_k1__r2__cadical,ER_40_p0.15_seed1,ER,2,1,2,0,cadical,40,115,10,,30.0,FEASIBLE,WALL_TIMEOUT,13,11,30.00639676100036,,not_observed,520,10400,13,last_sat_witness,368797,251996,False,,sat,elementary,2,13.428195636000964
ER_40_p0.15_seed1__h2_k1__r2__gurobi,ER_40_p0.15_seed1,ER,2,1,2,1,gurobi,40,115,10,,30.0,FEASIBLE,WALL_TIMEOUT,14,12,30.011301137999908,,not_observed,841,15075,20,assignment_at_greedy_UB,,,False,,gurobi_incumbent,gurobi_dual,7,21.937775372998658
ER_40_p0.15_seed1__h3_k2__r0__cadical,ER_40_p0.15_seed1,ER,3,2,0,0,cadical,40,115,10,,30.0,FEASIBLE,WALL_TIMEOUT,32,21,30.01040831499995,,not_observed,1280,56385,32,last_sat_witness,1041,307,False,,sat,elementary,1,1.1673621160007315
ER_40_p0.15_seed1__h3_k2__r0__gurobi,ER_40_p0.15_seed1,ER,3,2,0,1,gurobi,40,115,10,,30.0,FEASIBLE,WALL_TIMEOUT,34,21,30.013091733000692,,not_observed,1761,74090,43,assignment_at_greedy_UB,,,False,,gurobi_incumbent,elementary,4,18.57677873800094
ER_40_p0.15_seed1__h3_k2__r1__gurobi,ER_40_p0.15_seed1,ER,3,2,1,0,gurobi,40,115,10,,30.0,FEASIBLE,WALL_TIMEOUT,34,21,30.012828483000703,,not_observed,1761,74090,43,assignment_at_greedy_UB,,,False,,gurobi_incumbent,elementary,4,18.579919628000425
ER_40_p0.15_seed1__h3_k2__r1__cadical,ER_40_p0.15_seed1,ER,3,2,1,1,cadical,40,115,10,,30.0,FEASIBLE,WALL_TIMEOUT,32,21,30.0088355780008,,not_observed,1280,56385,32,last_sat_witness,1041,307,False,,sat,elementary,1,0.8228757380002207
ER_40_p0.15_seed1__h3_k2__r2__cadical,ER_40_p0.15_seed1,ER,3,2,2,0,cadical,40,115,10,,30.0,FEASIBLE,WALL_TIMEOUT,32,21,30.00817881399962,,not_observed,1280,56385,32,last_sat_witness,1041,307,False,,sat,elementary,1,0.8278466470001149
ER_40_p0.15_seed1__h3_k2__r2__gurobi,ER_40_p0.15_seed1,ER,3,2,2,1,gurobi,40,115,10,,30.0,FEASIBLE,WALL_TIMEOUT,34,21,30.013553274000515,,not_observed,1761,74090,43,assignment_at_greedy_UB,,,False,,gurobi_incumbent,elementary,4,19.484493108000606
ER_40_p0.15_seed2__h1_k1__r0__gurobi,ER_40_p0.15_seed2,ER,1,1,0,0,gurobi,40,114,12,,30.0,FEASIBLE,WALL_TIMEOUT,13,12,30.006245509999644,,not_observed,681,8529,16,assignment_at_greedy_UB,,,False,,gurobi_incumbent,elementary,3,1.6023169250001956
ER_40_p0.15_seed2__h1_k1__r0__cadical,ER_40_p0.15_seed2,ER,1,1,0,1,cadical,40,114,12,,30.0,FEASIBLE,WALL_TIMEOUT,13,12,30.008437941998636,,not_observed,520,7438,13,last_sat_witness,809,95,False,,sat,elementary,2,0.4732880270003079
ER_40_p0.15_seed2__h1_k1__r1__cadical,ER_40_p0.15_seed2,ER,1,1,1,0,cadical,40,114,12,,30.0,FEASIBLE,WALL_TIMEOUT,13,12,30.007703407000008,,not_observed,520,7438,13,last_sat_witness,809,95,False,,sat,elementary,2,0.47076288100106467
ER_40_p0.15_seed2__h1_k1__r1__gurobi,ER_40_p0.15_seed2,ER,1,1,1,1,gurobi,40,114,12,,30.0,FEASIBLE,WALL_TIMEOUT,13,12,30.00714105500083,,not_observed,681,8529,16,assignment_at_greedy_UB,,,False,,gurobi_incumbent,elementary,3,1.1384974850006984
ER_40_p0.15_seed2__h1_k1__r2__gurobi,ER_40_p0.15_seed2,ER,1,1,2,0,gurobi,40,114,12,,30.0,FEASIBLE,WALL_TIMEOUT,13,12,30.009969131000616,,not_observed,681,8529,16,assignment_at_greedy_UB,,,False,,gurobi_incumbent,elementary,3,1.108622761999868
ER_40_p0.15_seed2__h1_k1__r2__cadical,ER_40_p0.15_seed2,ER,1,1,2,1,cadical,40,114,12,,30.0,FEASIBLE,WALL_TIMEOUT,13,12,30.007544227000835,,not_observed,520,7438,13,last_sat_witness,809,95,False,,sat,elementary,2,0.5477538859995548
ER_40_p0.15_seed2__h2_k1__r0__gurobi,ER_40_p0.15_seed2,ER,2,1,0,0,gurobi,40,114,12,,30.0,FEASIBLE,WALL_TIMEOUT,15,13,30.007934392999232,,not_observed,841,15077,20,assignment_at_greedy_UB,,,False,,gurobi_incumbent,elementary,5,6.240276189999349
ER_40_p0.15_seed2__h2_k1__r0__cadical,ER_40_p0.15_seed2,ER,2,1,0,1,cadical,40,114,12,,30.0,FEASIBLE,WALL_TIMEOUT,14,13,30.007479914000214,,not_observed,560,11167,14,last_sat_witness,1095,229,False,,sat,elementary,2,0.7430074229996535
ER_40_p0.15_seed2__h2_k1__r1__cadical,ER_40_p0.15_seed2,ER,2,1,1,0,cadical,40,114,12,,30.0,FEASIBLE,WALL_TIMEOUT,14,13,30.008254039999883,,not_observed,560,11167,14,last_sat_witness,1095,229,False,,sat,elementary,2,0.5473805660003563
ER_40_p0.15_seed2__h2_k1__r1__gurobi,ER_40_p0.15_seed2,ER,2,1,1,1,gurobi,40,114,12,,30.0,FEASIBLE,WALL_TIMEOUT,15,13,30.008142512999257,,not_observed,841,15077,20,assignment_at_greedy_UB,,,False,,gurobi_incumbent,elementary,5,14.282933955000772
ER_40_p0.15_seed2__h2_k1__r2__gurobi,ER_40_p0.15_seed2,ER,2,1,2,0,gurobi,40,114,12,,30.0,FEASIBLE,WALL_TIMEOUT,15,13,30.00726304700038,,not_observed,841,15077,20,assignment_at_greedy_UB,,,False,,gurobi_incumbent,elementary,5,6.292112200999327
ER_40_p0.15_seed2__h2_k1__r2__cadical,ER_40_p0.15_seed2,ER,2,1,2,1,cadical,40,114,12,,30.0,FEASIBLE,WALL_TIMEOUT,14,13,30.009460568999202,,not_observed,560,11167,14,last_sat_witness,1095,229,False,,sat,elementary,2,0.66447404399878
ER_40_p0.15_seed2__h3_k2__r0__gurobi,ER_40_p0.15_seed2,ER,3,2,0,0,gurobi,40,114,12,,30.0,FEASIBLE,WALL_TIMEOUT,32,25,30.01279243600038,,not_observed,1601,67390,39,assignment_at_greedy_UB,,,False,,gurobi_incumbent,elementary,4,17.7725099520012
ER_40_p0.15_seed2__h3_k2__r0__cadical,ER_40_p0.15_seed2,ER,3,2,0,1,cadical,40,114,12,,30.0,FEASIBLE,WALL_TIMEOUT,28,25,30.010442358001455,,not_observed,1120,49481,28,last_sat_witness,332739,138282,False,,sat,elementary,2,11.770480915000007
ER_40_p0.15_seed2__h3_k2__r1__cadical,ER_40_p0.15_seed2,ER,3,2,1,0,cadical,40,114,12,,30.0,FEASIBLE,WALL_TIMEOUT,28,25,30.012216109000292,,not_observed,1120,49481,28,last_sat_witness,332739,138282,False,,sat,elementary,2,11.306053145999613
ER_40_p0.15_seed2__h3_k2__r1__gurobi,ER_40_p0.15_seed2,ER,3,2,1,1,gurobi,40,114,12,,30.0,FEASIBLE,WALL_TIMEOUT,32,25,30.013602851999167,,not_observed,1601,67390,39,assignment_at_greedy_UB,,,False,,gurobi_incumbent,elementary,4,17.434049114999652
ER_40_p0.15_seed2__h3_k2__r2__gurobi,ER_40_p0.15_seed2,ER,3,2,2,0,gurobi,40,114,12,,30.0,FEASIBLE,WALL_TIMEOUT,32,25,30.01350960199852,,not_observed,1601,67390,39,assignment_at_greedy_UB,,,False,,gurobi_incumbent,elementary,4,18.527235572999416
ER_40_p0.15_seed2__h3_k2__r2__cadical,ER_40_p0.15_seed2,ER,3,2,2,1,cadical,40,114,12,,30.0,FEASIBLE,WALL_TIMEOUT,28,25,30.00873993099958,,not_observed,1120,49481,28,last_sat_witness,332739,138282,False,,sat,elementary,2,24.343923190999703
ER_40_p0.30_seed0__h1_k1__r0__cadical,ER_40_p0.30_seed0,ER,1,1,0,0,cadical,40,230,17,,30.0,FEASIBLE,WALL_TIMEOUT,35,17,30.010955940000713,,not_observed,,,,last_sat_witness,,,False,,greedy,elementary,0,
ER_40_p0.30_seed0__h1_k1__r0__gurobi,ER_40_p0.30_seed0,ER,1,1,0,1,gurobi,40,230,17,,30.0,OPT,RETURNED,32,32,1.8814694129996496,65.92578125,worker_high_water,1441,27728,35,assignment_at_greedy_UB,,,False,,gurobi_incumbent,gurobi_optimal,4,1.8606820939985482
ER_40_p0.30_seed0__h1_k1__r1__gurobi,ER_40_p0.30_seed0,ER,1,1,1,0,gurobi,40,230,17,,30.0,OPT,RETURNED,32,32,1.4412875449997955,62.8515625,worker_high_water,1441,27728,35,assignment_at_greedy_UB,,,False,,gurobi_incumbent,gurobi_optimal,4,1.4181749790004687
ER_40_p0.30_seed0__h1_k1__r1__cadical,ER_40_p0.30_seed0,ER,1,1,1,1,cadical,40,230,17,,30.0,FEASIBLE,WALL_TIMEOUT,35,17,30.0102686479986,,not_observed,,,,last_sat_witness,,,False,,greedy,elementary,0,
ER_40_p0.30_seed0__h1_k1__r2__cadical,ER_40_p0.30_seed0,ER,1,1,2,0,cadical,40,230,17,,30.0,FEASIBLE,WALL_TIMEOUT,35,17,30.02266348699959,,not_observed,,,,last_sat_witness,,,False,,greedy,elementary,0,
ER_40_p0.30_seed0__h1_k1__r2__gurobi,ER_40_p0.30_seed0,ER,1,1,2,1,gurobi,40,230,17,,30.0,OPT,RETURNED,32,32,2.095920161000322,62.2265625,worker_high_water,1441,27728,35,assignment_at_greedy_UB,,,False,,gurobi_incumbent,gurobi_optimal,4,2.0715918999994756
ER_40_p0.30_seed0__h2_k1__r0__cadical,ER_40_p0.30_seed0,ER,2,1,0,0,cadical,40,230,17,,30.0,FEASIBLE,WALL_TIMEOUT,36,18,30.01135572400017,,not_observed,,,,last_sat_witness,,,False,,greedy,elementary,0,
ER_40_p0.30_seed0__h2_k1__r0__gurobi,ER_40_p0.30_seed0,ER,2,1,0,1,gurobi,40,230,17,,30.0,OPT,RETURNED,32,32,6.042833223998969,74.953125,worker_high_water,1481,45056,36,assignment_at_greedy_UB,,,False,,gurobi_incumbent,gurobi_optimal,6,6.012378465000438
ER_40_p0.30_seed0__h2_k1__r1__gurobi,ER_40_p0.30_seed0,ER,2,1,1,0,gurobi,40,230,17,,30.0,OPT,RETURNED,32,32,4.08957159000056,75.4296875,worker_high_water,1481,45056,36,assignment_at_greedy_UB,,,False,,gurobi_incumbent,gurobi_optimal,6,4.061714814000879
ER_40_p0.30_seed0__h2_k1__r1__cadical,ER_40_p0.30_seed0,ER,2,1,1,1,cadical,40,230,17,,30.0,FEASIBLE,WALL_TIMEOUT,36,18,30.008944454999437,,not_observed,,,,last_sat_witness,,,False,,greedy,elementary,0,
ER_40_p0.30_seed0__h2_k1__r2__cadical,ER_40_p0.30_seed0,ER,2,1,2,0,cadical,40,230,17,,30.0,FEASIBLE,WALL_TIMEOUT,36,18,30.009582095999576,,not_observed,,,,last_sat_witness,,,False,,greedy,elementary,0,
ER_40_p0.30_seed0__h2_k1__r2__gurobi,ER_40_p0.30_seed0,ER,2,1,2,1,gurobi,40,230,17,,30.0,OPT,RETURNED,32,32,4.199817901999268,74.765625,worker_high_water,1481,45056,36,assignment_at_greedy_UB,,,False,,gurobi_incumbent,gurobi_optimal,6,4.170729688999927
ER_40_p0.30_seed0__h3_k2__r0__cadical,ER_40_p0.30_seed0,ER,3,2,0,0,cadical,40,230,17,,30.0,FEASIBLE,WALL_TIMEOUT,77,35,30.01749600900075,,not_observed,,,,last_sat_witness,,,False,,greedy,elementary,0,
ER_40_p0.30_seed0__h3_k2__r0__gurobi,ER_40_p0.30_seed0,ER,3,2,0,1,gurobi,40,230,17,,30.0,FEASIBLE,WALL_TIMEOUT,66,59,30.016773852999904,,not_observed,3121,213216,77,assignment_at_greedy_UB,,,False,,gurobi_incumbent,gurobi_dual,19,29.511835921000966
ER_40_p0.30_seed0__h3_k2__r1__gurobi,ER_40_p0.30_seed0,ER,3,2,1,0,gurobi,40,230,17,,30.0,FEASIBLE,WALL_TIMEOUT,66,59,30.018355444999543,,not_observed,3121,213216,77,assignment_at_greedy_UB,,,False,,gurobi_incumbent,gurobi_dual,19,29.720909133999157
ER_40_p0.30_seed0__h3_k2__r1__cadical,ER_40_p0.30_seed0,ER,3,2,1,1,cadical,40,230,17,,30.0,FEASIBLE,WALL_TIMEOUT,77,35,30.013505555998563,,not_observed,,,,last_sat_witness,,,False,,greedy,elementary,0,
ER_40_p0.30_seed0__h3_k2__r2__cadical,ER_40_p0.30_seed0,ER,3,2,2,0,cadical,40,230,17,,30.0,FEASIBLE,WALL_TIMEOUT,77,35,30.015713128001153,,not_observed,,,,last_sat_witness,,,False,,greedy,elementary,0,
ER_40_p0.30_seed0__h3_k2__r2__gurobi,ER_40_p0.30_seed0,ER,3,2,2,1,gurobi,40,230,17,,30.0,FEASIBLE,WALL_TIMEOUT,67,52,30.015765080001074,,not_observed,3121,213216,77,assignment_at_greedy_UB,,,False,,gurobi_incumbent,gurobi_dual,14,29.482379307000883
ER_40_p0.30_seed1__h1_k1__r0__gurobi,ER_40_p0.30_seed1,ER,1,1,0,0,gurobi,40,228,17,,30.0,OPT,RETURNED,32,32,1.7923484909988474,60.08203125,worker_high_water,1321,25193,32,assignment_at_greedy_UB,,,False,,greedy,gurobi_optimal,2,1.769631995999589
ER_40_p0.30_seed1__h1_k1__r0__cadical,ER_40_p0.30_seed1,ER,1,1,0,1,cadical,40,228,17,,30.0,FEASIBLE,WALL_TIMEOUT,32,17,30.00859281599878,,not_observed,,,,last_sat_witness,,,False,,greedy,elementary,0,
ER_40_p0.30_seed1__h1_k1__r1__cadical,ER_40_p0.30_seed1,ER,1,1,1,0,cadical,40,228,17,,30.0,FEASIBLE,WALL_TIMEOUT,32,17,30.00931127200056,,not_observed,,,,last_sat_witness,,,False,,greedy,elementary,0,
ER_40_p0.30_seed1__h1_k1__r1__gurobi,ER_40_p0.30_seed1,ER,1,1,1,1,gurobi,40,228,17,,30.0,OPT,RETURNED,32,32,1.956938845998593,59.8828125,worker_high_water,1321,25193,32,assignment_at_greedy_UB,,,False,,greedy,gurobi_optimal,2,1.9360357789992122
ER_40_p0.30_seed1__h1_k1__r2__gurobi,ER_40_p0.30_seed1,ER,1,1,2,0,gurobi,40,228,17,,30.0,OPT,RETURNED,32,32,1.4044999739999184,60.390625,worker_high_water,1321,25193,32,assignment_at_greedy_UB,,,False,,greedy,gurobi_optimal,2,1.3852054819999466
ER_40_p0.30_seed1__h1_k1__r2__cadical,ER_40_p0.30_seed1,ER,1,1,2,1,cadical,40,228,17,,30.0,FEASIBLE,WALL_TIMEOUT,32,17,30.009239988001355,,not_observed,,,,last_sat_witness,,,False,,greedy,elementary,0,
ER_40_p0.30_seed1__h2_k1__r0__gurobi,ER_40_p0.30_seed1,ER,2,1,0,0,gurobi,40,228,17,,30.0,OPT,RETURNED,32,32,5.96552379700006,74.8671875,worker_high_water,1481,44653,36,assignment_at_greedy_UB,,,False,,gurobi_incumbent,gurobi_optimal,4,5.935454438000306
ER_40_p0.30_seed1__h2_k1__r0__cadical,ER_40_p0.30_seed1,ER,2,1,0,1,cadical,40,228,17,,30.0,FEASIBLE,WALL_TIMEOUT,36,18,30.00966682500075,,not_observed,,,,last_sat_witness,,,False,,greedy,elementary,0,
ER_40_p0.30_seed1__h2_k1__r1__cadical,ER_40_p0.30_seed1,ER,2,1,1,0,cadical,40,228,17,,30.0,FEASIBLE,WALL_TIMEOUT,36,18,30.01037513400115,,not_observed,,,,last_sat_witness,,,False,,greedy,elementary,0,
ER_40_p0.30_seed1__h2_k1__r1__gurobi,ER_40_p0.30_seed1,ER,2,1,1,1,gurobi,40,228,17,,30.0,OPT,RETURNED,32,32,5.939339269998527,75.0625,worker_high_water,1481,44653,36,assignment_at_greedy_UB,,,False,,gurobi_incumbent,gurobi_optimal,4,5.910697863999303
ER_40_p0.30_seed1__h2_k1__r2__gurobi,ER_40_p0.30_seed1,ER,2,1,2,0,gurobi,40,228,17,,30.0,OPT,RETURNED,32,32,5.414458372000809,74.54296875,worker_high_water,1481,44653,36,assignment_at_greedy_UB,,,False,,gurobi_incumbent,gurobi_optimal,4,5.388145291999535
ER_40_p0.30_seed1__h2_k1__r2__cadical,ER_40_p0.30_seed1,ER,2,1,2,1,cadical,40,228,17,,30.0,FEASIBLE,WALL_TIMEOUT,36,18,30.010878432000027,,not_observed,,,,last_sat_witness,,,False,,greedy,elementary,0,
ER_40_p0.30_seed1__h3_k2__r0__gurobi,ER_40_p0.30_seed1,ER,3,2,0,0,gurobi,40,228,17,,30.0,FEASIBLE,WALL_TIMEOUT,64,53,30.02281972700075,,not_observed,3161,214027,78,assignment_at_greedy_UB,,,False,,gurobi_incumbent,gurobi_dual,11,20.412799134001034
ER_40_p0.30_seed1__h3_k2__r0__cadical,ER_40_p0.30_seed1,ER,3,2,0,1,cadical,40,228,17,,30.0,FEASIBLE,WALL_TIMEOUT,78,35,30.02242821800064,,not_observed,,,,last_sat_witness,,,False,,greedy,elementary,0,
