Graph,Instance,Family,h,k,Repeat,Position,Method,V,E,Delta,Diameter,Limit,Status,Termination,Span,LB,Wall_Time,Peak_RSS_MB,Memory_Scope,Variables,Constraints,Model_Span,Count_Scope,Decisions,Conflicts,Stats_Complete,Error,Incumbent_Source,LB_Source,Progress_Updates,Last_Progress_Seconds
tree_20_seed0__h1_k1__r0__cadical,tree_20_seed0,tree,1,1,0,0,cadical,20,19,3,11,30.0,OPT,RETURNED,3,3,0.35058015599997816,34.265625,worker_high_water,60,208,3,last_sat_witness,0,0,True,,sat,elementary,1,0.34642270200004077
tree_20_seed0__h1_k1__r0__gurobi,tree_20_seed0,tree,1,1,0,1,gurobi,20,19,3,11,30.0,OPT,RETURNED,3,3,0.8304481839999198,43.76171875,worker_high_water,101,250,4,assignment_at_greedy_UB,,,False,,gurobi_incumbent,gurobi_optimal,2,0.8241191339999432
tree_20_seed0__h1_k1__r1__gurobi,tree_20_seed0,tree,1,1,1,0,gurobi,20,19,3,11,30.0,OPT,RETURNED,3,3,0.6167569480001021,43.7890625,worker_high_water,101,250,4,assignment_at_greedy_UB,,,False,,gurobi_incumbent,gurobi_optimal,2,0.6099937210000235
tree_20_seed0__h1_k1__r1__cadical,tree_20_seed0,tree,1,1,1,1,cadical,20,19,3,11,30.0,OPT,RETURNED,3,3,0.42509824399996887,34.5703125,worker_high_water,60,208,3,last_sat_witness,0,0,True,,sat,elementary,1,0.42129487599993354
tree_20_seed0__h1_k1__r2__cadical,tree_20_seed0,tree,1,1,2,0,cadical,20,19,3,11,30.0,OPT,RETURNED,3,3,0.37562170599994715,34.3359375,worker_high_water,60,208,3,last_sat_witness,0,0,True,,sat,elementary,1,0.3712484190000396
tree_20_seed0__h1_k1__r2__gurobi,tree_20_seed0,tree,1,1,2,1,gurobi,20,19,3,11,30.0,OPT,RETURNED,3,3,0.42804968399991594,43.81640625,worker_high_water,101,250,4,assignment_at_greedy_UB,,,False,,gurobi_incumbent,gurobi_optimal,2,0.42312716300000375
tree_20_seed0__h2_k1__r0__cadical,tree_20_seed0,tree,2,1,0,0,cadical,20,19,3,11,30.0,OPT,RETURNED,5,5,0.3663464159999421,34.8984375,worker_high_water,100,522,5,last_sat_witness,56,48,True,,sat,sat_unsat,2,0.3606669769999371
tree_20_seed0__h2_k1__r0__gurobi,tree_20_seed0,tree,2,1,0,1,gurobi,20,19,3,11,30.0,OPT,RETURNED,5,5,0.42271680900000774,44.30078125,worker_high_water,141,562,6,assignment_at_greedy_UB,,,False,,gurobi_incumbent,gurobi_optimal,3,0.41725770900006864
tree_20_seed0__h2_k1__r1__gurobi,tree_20_seed0,tree,2,1,1,0,gurobi,20,19,3,11,30.0,OPT,RETURNED,5,5,0.4301743810000289,44.1171875,worker_high_water,141,562,6,assignment_at_greedy_UB,,,False,,gurobi_incumbent,gurobi_optimal,3,0.42378042199993615
tree_20_seed0__h2_k1__r1__cadical,tree_20_seed0,tree,2,1,1,1,cadical,20,19,3,11,30.0,OPT,RETURNED,5,5,0.3591576259999556,34.73828125,worker_high_water,100,522,5,last_sat_witness,56,48,True,,sat,sat_unsat,2,0.3552462430000105
tree_20_seed0__h2_k1__r2__cadical,tree_20_seed0,tree,2,1,2,0,cadical,20,19,3,11,30.0,OPT,RETURNED,5,5,0.34980344299992794,34.88671875,worker_high_water,100,522,5,last_sat_witness,56,48,True,,sat,sat_unsat,2,0.34589421599991965
tree_20_seed0__h2_k1__r2__gurobi,tree_20_seed0,tree,2,1,2,1,gurobi,20,19,3,11,30.0,OPT,RETURNED,5,5,0.4266776960000698,44.5546875,worker_high_water,141,562,6,assignment_at_greedy_UB,,,False,,gurobi_incumbent,gurobi_optimal,3,0.4213951620000671
tree_20_seed0__h3_k2__r0__cadical,tree_20_seed0,tree,3,2,0,0,cadical,20,19,3,11,30.0,OPT,RETURNED,8,8,0.3703324020000309,35.66796875,worker_high_water,160,1456,8,last_sat_witness,267,172,True,,sat,sat_unsat,2,0.3650468880000517
tree_20_seed0__h3_k2__r0__gurobi,tree_20_seed0,tree,3,2,0,1,gurobi,20,19,3,11,30.0,OPT,RETURNED,8,8,0.4852821210000684,46.76171875,worker_high_water,221,1684,10,assignment_at_greedy_UB,,,False,,gurobi_incumbent,gurobi_optimal,4,0.47927704400001403
tree_20_seed0__h3_k2__r1__gurobi,tree_20_seed0,tree,3,2,1,0,gurobi,20,19,3,11,30.0,OPT,RETURNED,8,8,0.47618538899996565,46.05859375,worker_high_water,221,1684,10,assignment_at_greedy_UB,,,False,,gurobi_incumbent,gurobi_optimal,4,0.4705934869999737
tree_20_seed0__h3_k2__r1__cadical,tree_20_seed0,tree,3,2,1,1,cadical,20,19,3,11,30.0,OPT,RETURNED,8,8,0.36834888600003524,35.8359375,worker_high_water,160,1456,8,last_sat_witness,267,172,True,,sat,sat_unsat,2,0.3641894739999998
tree_20_seed0__h3_k2__r2__cadical,tree_20_seed0,tree,3,2,2,0,cadical,20,19,3,11,30.0,OPT,RETURNED,8,8,0.3808454580000671,35.90234375,worker_high_water,160,1456,8,last_sat_witness,267,172,True,,sat,sat_unsat,2,0.3766981940000278
tree_20_seed0__h3_k2__r2__gurobi,tree_20_seed0,tree,3,2,2,1,gurobi,20,19,3,11,30.0,OPT,RETURNED,8,8,0.47532432200000585,46.01953125,worker_high_water,221,1684,10,assignment_at_greedy_UB,,,False,,gurobi_incumbent,gurobi_optimal,4,0.4683889510000654
tree_20_seed1__h1_k1__r0__gurobi,tree_20_seed1,tree,1,1,0,0,gurobi,20,19,4,9,30.0,OPT,RETURNED,4,4,0.4070578519999799,42.57421875,worker_high_water,101,260,4,assignment_at_greedy_UB,,,False,,greedy,gurobi_optimal,2,0.4004673939999748
tree_20_seed1__h1_k1__r0__cadical,tree_20_seed1,tree,1,1,0,1,cadical,20,19,4,9,30.0,OPT,RETURNED,4,4,0.3409385460000749,33.83203125,worker_high_water,,,,last_sat_witness,0,0,True,,greedy,elementary,0,
tree_20_seed1__h1_k1__r1__cadical,tree_20_seed1,tree,1,1,1,0,cadical,20,19,4,9,30.0,OPT,RETURNED,4,4,0.49248462000002746,33.92578125,worker_high_water,,,,last_sat_witness,0,0,True,,greedy,elementary,0,
tree_20_seed1__h1_k1__r1__gurobi,tree_20_seed1,tree,1,1,1,1,gurobi,20,19,4,9,30.0,OPT,RETURNED,4,4,0.4021591760000547,42.83203125,worker_high_water,101,260,4,assignment_at_greedy_UB,,,False,,greedy,gurobi_optimal,2,0.39402911199999835
tree_20_seed1__h1_k1__r2__gurobi,tree_20_seed1,tree,1,1,2,0,gurobi,20,19,4,9,30.0,OPT,RETURNED,4,4,0.3949762910000345,42.45703125,worker_high_water,101,260,4,assignment_at_greedy_UB,,,False,,greedy,gurobi_optimal,2,0.38836368299996593
tree_20_seed1__h1_k1__r2__cadical,tree_20_seed1,tree,1,1,2,1,cadical,20,19,4,9,30.0,OPT,RETURNED,4,4,0.3454672520000486,34.609375,worker_high_water,,,,last_sat_witness,0,0,True,,greedy,elementary,0,
tree_20_seed1__h2_k1__r0__gurobi,tree_20_seed1,tree,2,1,0,0,gurobi,20,19,4,9,30.0,OPT,RETURNED,5,5,0.42596833200002493,44.37890625,worker_high_water,141,576,6,assignment_at_greedy_UB,,,False,,gurobi_incumbent,gurobi_optimal,2,0.41876779100005024
tree_20_seed1__h2_k1__r0__cadical,tree_20_seed1,tree,2,1,0,1,cadical,20,19,4,9,30.0,OPT,RETURNED,5,5,0.35489365400007955,35.3671875,worker_high_water,100,534,5,last_sat_witness,51,13,True,,sat,elementary,1,0.3509121419999701
tree_20_seed1__h2_k1__r1__cadical,tree_20_seed1,tree,2,1,1,0,cadical,20,19,4,9,30.0,OPT,RETURNED,5,5,0.34766712299995106,34.75390625,worker_high_water,100,534,5,last_sat_witness,51,13,True,,sat,elementary,1,0.3438046489999351
tree_20_seed1__h2_k1__r1__gurobi,tree_20_seed1,tree,2,1,1,1,gurobi,20,19,4,9,30.0,OPT,RETURNED,5,5,0.41992788900006417,44.21484375,worker_high_water,141,576,6,assignment_at_greedy_UB,,,False,,gurobi_incumbent,gurobi_optimal,2,0.41486085600001843
tree_20_seed1__h2_k1__r2__gurobi,tree_20_seed1,tree,2,1,2,0,gurobi,20,19,4,9,30.0,OPT,RETURNED,5,5,0.4251685780000116,44.07421875,worker_high_water,141,576,6,assignment_at_greedy_UB,,,False,,gurobi_incumbent,gurobi_optimal,2,0.4189960679999558
tree_20_seed1__h2_k1__r2__cadical,tree_20_seed1,tree,2,1,2,1,cadical,20,19,4,9,30.0,OPT,RETURNED,5,5,0.3479359379999778,34.77734375,worker_high_water,100,534,5,last_sat_witness,51,13,True,,sat,elementary,1,0.3439598869999827
tree_20_seed1__h3_k2__r0__gurobi,tree_20_seed1,tree,3,2,0,0,gurobi,20,19,4,9,30.0,OPT,RETURNED,9,9,0.4771172990000423,45.87109375,worker_high_water,241,1916,11,assignment_at_greedy_UB,,,False,,gurobi_incumbent,gurobi_optimal,3,0.47132055000008677
tree_20_seed1__h3_k2__r0__cadical,tree_20_seed1,tree,3,2,0,1,cadical,20,19,4,9,30.0,OPT,RETURNED,9,9,0.36821913300002507,36.4765625,worker_high_water,180,1696,9,last_sat_witness,292,88,True,,sat,elementary,2,0.36428793200002474
tree_20_seed1__h3_k2__r1__cadical,tree_20_seed1,tree,3,2,1,0,cadical,20,19,4,9,30.0,OPT,RETURNED,9,9,0.3655234279999604,36.48046875,worker_high_water,180,1696,9,last_sat_witness,292,88,True,,sat,elementary,2,0.36146739599996636
tree_20_seed1__h3_k2__r1__gurobi,tree_20_seed1,tree,3,2,1,1,gurobi,20,19,4,9,30.0,OPT,RETURNED,9,9,0.4674050389999138,45.98046875,worker_high_water,241,1916,11,assignment_at_greedy_UB,,,False,,gurobi_incumbent,gurobi_optimal,3,0.4576666479999858
tree_20_seed1__h3_k2__r2__gurobi,tree_20_seed1,tree,3,2,2,0,gurobi,20,19,4,9,30.0,OPT,RETURNED,9,9,0.48766301000000567,46.0078125,worker_high_water,241,1916,11,assignment_at_greedy_UB,,,False,,gurobi_incumbent,gurobi_optimal,3,0.480826363999995
tree_20_seed1__h3_k2__r2__cadical,tree_20_seed1,tree,3,2,2,1,cadical,20,19,4,9,30.0,OPT,RETURNED,9,9,0.37222588199995243,36.5234375,worker_high_water,180,1696,9,last_sat_witness,292,88,True,,sat,elementary,2,0.368170890999977
tree_20_seed2__h1_k1__r0__cadical,tree_20_seed2,tree,1,1,0,0,cadical,20,19,3,12,30.0,OPT,RETURNED,3,3,0.3562437019999152,34.25,worker_high_water,60,208,3,last_sat_witness,0,0,True,,sat,elementary,1,0.3524402299999565
tree_20_seed2__h1_k1__r0__gurobi,tree_20_seed2,tree,1,1,0,1,gurobi,20,19,3,12,30.0,OPT,RETURNED,3,3,0.40006196699994234,43.92578125,worker_high_water,101,250,4,assignment_at_greedy_UB,,,False,,gurobi_incumbent,gurobi_optimal,2,0.3948305409999193
tree_20_seed2__h1_k1__r1__gurobi,tree_20_seed2,tree,1,1,1,0,gurobi,20,19,3,12,30.0,OPT,RETURNED,3,3,0.41167232299994794,43.80078125,worker_high_water,101,250,4,assignment_at_greedy_UB,,,False,,gurobi_incumbent,gurobi_optimal,2,0.4064290039999605
tree_20_seed2__h1_k1__r1__cadical,tree_20_seed2,tree,1,1,1,1,cadical,20,19,3,12,30.0,OPT,RETURNED,3,3,0.34884050200003003,34.3984375,worker_high_water,60,208,3,last_sat_witness,0,0,True,,sat,elementary,1,0.34480867900003886
tree_20_seed2__h1_k1__r2__cadical,tree_20_seed2,tree,1,1,2,0,cadical,20,19,3,12,30.0,OPT,RETURNED,3,3,0.34353870400002506,34.30859375,worker_high_water,60,208,3,last_sat_witness,0,0,True,,sat,elementary,1,0.3396748049999587
tree_20_seed2__h1_k1__r2__gurobi,tree_20_seed2,tree,1,1,2,1,gurobi,20,19,3,12,30.0,OPT,RETURNED,3,3,0.570782758000064,43.85546875,worker_high_water,101,250,4,assignment_at_greedy_UB,,,False,,gurobi_incumbent,gurobi_optimal,2,0.5645725819999825
tree_20_seed2__h2_k1__r0__cadical,tree_20_seed2,tree,2,1,0,0,cadical,20,19,3,12,30.0,OPT,RETURNED,4,4,0.3665696460000163,35.21875,worker_high_water,80,422,4,last_sat_witness,26,9,True,,sat,elementary,2,0.3622247519999746
tree_20_seed2__h2_k1__r0__gurobi,tree_20_seed2,tree,2,1,0,1,gurobi,20,19,3,12,30.0,OPT,RETURNED,4,4,0.5410370409999814,44.0625,worker_high_water,141,562,6,assignment_at_greedy_UB,,,False,,gurobi_incumbent,gurobi_optimal,3,0.5360573119999117
tree_20_seed2__h2_k1__r1__gurobi,tree_20_seed2,tree,2,1,1,0,gurobi,20,19,3,12,30.0,OPT,RETURNED,4,4,0.4301028550000865,44.7578125,worker_high_water,141,562,6,assignment_at_greedy_UB,,,False,,gurobi_incumbent,gurobi_optimal,3,0.4244806400000698
tree_20_seed2__h2_k1__r1__cadical,tree_20_seed2,tree,2,1,1,1,cadical,20,19,3,12,30.0,OPT,RETURNED,4,4,0.35125017200005004,34.80078125,worker_high_water,80,422,4,last_sat_witness,26,9,True,,sat,elementary,2,0.3474456520000331
tree_20_seed2__h2_k1__r2__cadical,tree_20_seed2,tree,2,1,2,0,cadical,20,19,3,12,30.0,OPT,RETURNED,4,4,0.3406533730000092,34.65625,worker_high_water,80,422,4,last_sat_witness,26,9,True,,sat,elementary,2,0.33681920599997284
tree_20_seed2__h2_k1__r2__gurobi,tree_20_seed2,tree,2,1,2,1,gurobi,20,19,3,12,30.0,OPT,RETURNED,4,4,0.413442893000024,44.26953125,worker_high_water,141,562,6,assignment_at_greedy_UB,,,False,,gurobi_incumbent,gurobi_optimal,3,0.40810130500005926
tree_20_seed2__h3_k2__r0__cadical,tree_20_seed2,tree,3,2,0,0,cadical,20,19,3,12,30.0,OPT,RETURNED,8,8,0.375271094000027,36.41796875,worker_high_water,160,1456,8,last_sat_witness,215,118,True,,sat,sat_unsat,2,0.37135668300004454
tree_20_seed2__h3_k2__r0__gurobi,tree_20_seed2,tree,3,2,0,1,gurobi,20,19,3,12,30.0,OPT,RETURNED,8,8,0.48379332399997566,46.203125,worker_high_water,221,1684,10,assignment_at_greedy_UB,,,False,,gurobi_incumbent,gurobi_optimal,4,0.47782274799999414
tree_20_seed2__h3_k2__r1__gurobi,tree_20_seed2,tree,3,2,1,0,gurobi,20,19,3,12,30.0,OPT,RETURNED,8,8,0.4786722670000927,46.14453125,worker_high_water,221,1684,10,assignment_at_greedy_UB,,,False,,gurobi_incumbent,gurobi_optimal,4,0.47279774100002214
tree_20_seed2__h3_k2__r1__cadical,tree_20_seed2,tree,3,2,1,1,cadical,20,19,3,12,30.0,OPT,RETURNED,8,8,0.3693178529999841,36.07421875,worker_high_water,160,1456,8,last_sat_witness,215,118,True,,sat,sat_unsat,2,0.36544471799993516
tree_20_seed2__h3_k2__r2__cadical,tree_20_seed2,tree,3,2,2,0,cadical,20,19,3,12,30.0,OPT,RETURNED,8,8,0.49494551399993725,36.42578125,worker_high_water,160,1456,8,last_sat_witness,215,118,True,,sat,sat_unsat,2,0.4911232189999737
tree_20_seed2__h3_k2__r2__gurobi,tree_20_seed2,tree,3,2,2,1,gurobi,20,19,3,12,30.0,OPT,RETURNED,8,8,0.47148732499999824,45.94140625,worker_high_water,221,1684,10,assignment_at_greedy_UB,,,False,,gurobi_incumbent,gurobi_optimal,4,0.46550282099997276
tree_40_seed0__h1_k1__r0__gurobi,tree_40_seed0,tree,1,1,0,0,gurobi,40,39,4,17,30.0,OPT,RETURNED,4,4,0.4354704799999354,44.35546875,worker_high_water,241,626,5,assignment_at_greedy_UB,,,False,,gurobi_incumbent,gurobi_optimal,2,0.42895652799995787
tree_40_seed0__h1_k1__r0__cadical,tree_40_seed0,tree,1,1,0,1,cadical,40,39,4,17,30.0,OPT,RETURNED,4,4,0.3453965239999661,34.76171875,worker_high_water,160,575,4,last_sat_witness,0,0,True,,sat,elementary,1,0.34120592900001157
tree_40_seed0__h1_k1__r1__cadical,tree_40_seed0,tree,1,1,1,0,cadical,40,39,4,17,30.0,OPT,RETURNED,4,4,0.3448497279999856,34.78515625,worker_high_water,160,575,4,last_sat_witness,0,0,True,,sat,elementary,1,0.3405975240000316
tree_40_seed0__h1_k1__r1__gurobi,tree_40_seed0,tree,1,1,1,1,gurobi,40,39,4,17,30.0,OPT,RETURNED,4,4,0.4165543340000113,44.34375,worker_high_water,241,626,5,assignment_at_greedy_UB,,,False,,gurobi_incumbent,gurobi_optimal,2,0.40914988800000174
tree_40_seed0__h1_k1__r2__gurobi,tree_40_seed0,tree,1,1,2,0,gurobi,40,39,4,17,30.0,OPT,RETURNED,4,4,0.43377800099995056,44.32421875,worker_high_water,241,626,5,assignment_at_greedy_UB,,,False,,gurobi_incumbent,gurobi_optimal,2,0.4261633329999768
tree_40_seed0__h1_k1__r2__cadical,tree_40_seed0,tree,1,1,2,1,cadical,40,39,4,17,30.0,OPT,RETURNED,4,4,0.3528106039999557,34.875,worker_high_water,160,575,4,last_sat_witness,0,0,True,,sat,elementary,1,0.34873930100002326
tree_40_seed0__h2_k1__r0__gurobi,tree_40_seed0,tree,2,1,0,0,gurobi,40,39,4,17,30.0,OPT,RETURNED,5,5,0.5745607029999746,45.171875,worker_high_water,281,1185,6,assignment_at_greedy_UB,,,False,,gurobi_incumbent,gurobi_optimal,2,0.5604340229999707
tree_40_seed0__h2_k1__r0__cadical,tree_40_seed0,tree,2,1,0,1,cadical,40,39,4,17,30.0,OPT,RETURNED,5,5,0.35234888200000114,35.328125,worker_high_water,200,1096,5,last_sat_witness,92,8,True,,sat,elementary,1,0.3481127730000253
tree_40_seed0__h2_k1__r1__cadical,tree_40_seed0,tree,2,1,1,0,cadical,40,39,4,17,30.0,OPT,RETURNED,5,5,0.350142591000008,35.375,worker_high_water,200,1096,5,last_sat_witness,92,8,True,,sat,elementary,1,0.34572462799997083
tree_40_seed0__h2_k1__r1__gurobi,tree_40_seed0,tree,2,1,1,1,gurobi,40,39,4,17,30.0,OPT,RETURNED,5,5,0.45933612099997845,45.46875,worker_high_water,281,1185,6,assignment_at_greedy_UB,,,False,,gurobi_incumbent,gurobi_optimal,2,0.4532697219999591
tree_40_seed0__h2_k1__r2__gurobi,tree_40_seed0,tree,2,1,2,0,gurobi,40,39,4,17,30.0,OPT,RETURNED,5,5,0.44561758399993323,45.19921875,worker_high_water,281,1185,6,assignment_at_greedy_UB,,,False,,gurobi_incumbent,gurobi_optimal,2,0.43972492199998214
tree_40_seed0__h2_k1__r2__cadical,tree_40_seed0,tree,2,1,2,1,cadical,40,39,4,17,30.0,OPT,RETURNED,5,5,0.34618402299997797,35.4140625,worker_high_water,200,1096,5,last_sat_witness,92,8,True,,sat,elementary,1,0.34221322899998086
tree_40_seed0__h3_k2__r0__gurobi,tree_40_seed0,tree,3,2,0,0,gurobi,40,39,4,17,30.0,OPT,RETURNED,9,9,0.6766577449999431,51.01953125,worker_high_water,561,4656,13,assignment_at_greedy_UB,,,False,,gurobi_incumbent,gurobi_optimal,5,0.6690161219999027
tree_40_seed0__h3_k2__r0__cadical,tree_40_seed0,tree,3,2,0,1,cadical,40,39,4,17,30.0,OPT,RETURNED,9,9,0.4218149790000325,39.56640625,worker_high_water,360,3492,9,last_sat_witness,423,32,True,,sat,elementary,3,0.41758464800000183
tree_40_seed0__h3_k2__r1__cadical,tree_40_seed0,tree,3,2,1,0,cadical,40,39,4,17,30.0,OPT,RETURNED,9,9,0.42246490800005176,40.515625,worker_high_water,360,3492,9,last_sat_witness,423,32,True,,sat,elementary,3,0.417543003999981
tree_40_seed0__h3_k2__r1__gurobi,tree_40_seed0,tree,3,2,1,1,gurobi,40,39,4,17,30.0,OPT,RETURNED,9,9,0.6641039539999838,50.74609375,worker_high_water,561,4656,13,assignment_at_greedy_UB,,,False,,gurobi_incumbent,gurobi_optimal,5,0.656368724999993
tree_40_seed0__h3_k2__r2__gurobi,tree_40_seed0,tree,3,2,2,0,gurobi,40,39,4,17,30.0,OPT,RETURNED,9,9,0.7675455590000411,51.09765625,worker_high_water,561,4656,13,assignment_at_greedy_UB,,,False,,gurobi_incumbent,gurobi_optimal,5,0.759592972000064
tree_40_seed0__h3_k2__r2__cadical,tree_40_seed0,tree,3,2,2,1,cadical,40,39,4,17,30.0,OPT,RETURNED,9,9,0.429746807000015,40.578125,worker_high_water,360,3492,9,last_sat_witness,423,32,True,,sat,elementary,3,0.4250873960000945
tree_40_seed1__h1_k1__r0__cadical,tree_40_seed1,tree,1,1,0,0,cadical,40,39,6,14,30.0,OPT,RETURNED,6,6,0.34164717800001654,33.875,worker_high_water,,,,last_sat_witness,0,0,True,,greedy,elementary,0,
tree_40_seed1__h1_k1__r0__gurobi,tree_40_seed1,tree,1,1,0,1,gurobi,40,39,6,14,30.0,OPT,RETURNED,6,6,0.4150397299999895,43.0234375,worker_high_water,281,801,6,assignment_at_greedy_UB,,,False,,greedy,gurobi_optimal,2,0.40835179500004415
tree_40_seed1__h1_k1__r1__gurobi,tree_40_seed1,tree,1,1,1,0,gurobi,40,39,6,14,30.0,OPT,RETURNED,6,6,0.4246869839998908,43.40625,worker_high_water,281,801,6,assignment_at_greedy_UB,,,False,,greedy,gurobi_optimal,2,0.41740610699991976
tree_40_seed1__h1_k1__r1__cadical,tree_40_seed1,tree,1,1,1,1,cadical,40,39,6,14,30.0,OPT,RETURNED,6,6,0.34692268899993906,33.91796875,worker_high_water,,,,last_sat_witness,0,0,True,,greedy,elementary,0,
tree_40_seed1__h1_k1__r2__cadical,tree_40_seed1,tree,1,1,2,0,cadical,40,39,6,14,30.0,OPT,RETURNED,6,6,0.3443442139999888,33.90234375,worker_high_water,,,,last_sat_witness,0,0,True,,greedy,elementary,0,
tree_40_seed1__h1_k1__r2__gurobi,tree_40_seed1,tree,1,1,2,1,gurobi,40,39,6,14,30.0,OPT,RETURNED,6,6,0.4154461169999877,43.05859375,worker_high_water,281,801,6,assignment_at_greedy_UB,,,False,,greedy,gurobi_optimal,2,0.40998358499996357
tree_40_seed1__h2_k1__r0__cadical,tree_40_seed1,tree,2,1,0,0,cadical,40,39,6,14,30.0,OPT,RETURNED,7,7,0.35625562400002764,36.234375,worker_high_water,280,1610,7,last_sat_witness,0,0,True,,sat,elementary,1,0.3517197959999976
tree_40_seed1__h2_k1__r0__gurobi,tree_40_seed1,tree,2,1,0,1,gurobi,40,39,6,14,30.0,OPT,RETURNED,7,7,0.4462708390000216,46.26953125,worker_high_water,361,1631,8,assignment_at_greedy_UB,,,False,,gurobi_incumbent,gurobi_optimal,2,0.4401636080000344
tree_40_seed1__h2_k1__r1__gurobi,tree_40_seed1,tree,2,1,1,0,gurobi,40,39,6,14,30.0,OPT,RETURNED,7,7,0.6251834439999584,46.30078125,worker_high_water,361,1631,8,assignment_at_greedy_UB,,,False,,gurobi_incumbent,gurobi_optimal,2,0.6193622849999656
tree_40_seed1__h2_k1__r1__cadical,tree_40_seed1,tree,2,1,1,1,cadical,40,39,6,14,30.0,OPT,RETURNED,7,7,0.353351062999991,35.96875,worker_high_water,280,1610,7,last_sat_witness,0,0,True,,sat,elementary,1,0.3490115419999711
tree_40_seed1__h2_k1__r2__cadical,tree_40_seed1,tree,2,1,2,0,cadical,40,39,6,14,30.0,OPT,RETURNED,7,7,0.3516865139999936,35.88671875,worker_high_water,280,1610,7,last_sat_witness,0,0,True,,sat,elementary,1,0.3477092159999984
tree_40_seed1__h2_k1__r2__gurobi,tree_40_seed1,tree,2,1,2,1,gurobi,40,39,6,14,30.0,OPT,RETURNED,7,7,0.4555701060000956,45.921875,worker_high_water,361,1631,8,assignment_at_greedy_UB,,,False,,gurobi_incumbent,gurobi_optimal,2,0.4497493960000156
tree_40_seed1__h3_k2__r0__cadical,tree_40_seed1,tree,3,2,0,0,cadical,40,39,6,14,30.0,OPT,RETURNED,13,13,0.3402426629999127,34.765625,worker_high_water,,,,last_sat_witness,0,0,True,,greedy,elementary,0,
tree_40_seed1__h3_k2__r0__gurobi,tree_40_seed1,tree,3,2,0,1,gurobi,40,39,6,14,30.0,OPT,RETURNED,13,13,0.5262648599999693,46.5703125,worker_high_water,561,5136,13,assignment_at_greedy_UB,,,False,,greedy,gurobi_optimal,2,0.5188554419999036
tree_40_seed1__h3_k2__r1__gurobi,tree_40_seed1,tree,3,2,1,0,gurobi,40,39,6,14,30.0,OPT,RETURNED,13,13,0.5289579820000654,46.5625,worker_high_water,561,5136,13,assignment_at_greedy_UB,,,False,,greedy,gurobi_optimal,2,0.5215312130000029
tree_40_seed1__h3_k2__r1__cadical,tree_40_seed1,tree,3,2,1,1,cadical,40,39,6,14,30.0,OPT,RETURNED,13,13,0.3418266510000194,33.8671875,worker_high_water,,,,last_sat_witness,0,0,True,,greedy,elementary,0,
tree_40_seed1__h3_k2__r2__cadical,tree_40_seed1,tree,3,2,2,0,cadical,40,39,6,14,30.0,OPT,RETURNED,13,13,0.34498047299996415,34.16796875,worker_high_water,,,,last_sat_witness,0,0,True,,greedy,elementary,0,
tree_40_seed1__h3_k2__r2__gurobi,tree_40_seed1,tree,3,2,2,1,gurobi,40,39,6,14,30.0,OPT,RETURNED,13,13,0.6842881249999664,46.71875,worker_high_water,561,5136,13,assignment_at_greedy_UB,,,False,,greedy,gurobi_optimal,2,0.6767006449999826
tree_40_seed2__h1_k1__r0__gurobi,tree_40_seed2,tree,1,1,0,0,gurobi,40,39,4,12,30.0,OPT,RETURNED,4,4,0.40095966799992766,42.8359375,worker_high_water,201,545,4,assignment_at_greedy_UB,,,False,,greedy,gurobi_optimal,2,0.39529787199990096
tree_40_seed2__h1_k1__r0__cadical,tree_40_seed2,tree,1,1,0,1,cadical,40,39,4,12,30.0,OPT,RETURNED,4,4,0.34002122499998677,33.83984375,worker_high_water,,,,last_sat_witness,0,0,True,,greedy,elementary,0,
tree_40_seed2__h1_k1__r1__cadical,tree_40_seed2,tree,1,1,1,0,cadical,40,39,4,12,30.0,OPT,RETURNED,4,4,0.34132856799999445,33.99609375,worker_high_water,,,,last_sat_witness,0,0,True,,greedy,elementary,0,
tree_40_seed2__h1_k1__r1__gurobi,tree_40_seed2,tree,1,1,1,1,gurobi,40,39,4,12,30.0,OPT,RETURNED,4,4,0.4124743690000514,42.75390625,worker_high_water,201,545,4,assignment_at_greedy_UB,,,False,,greedy,gurobi_optimal,2,0.40669119599999703
tree_40_seed2__h1_k1__r2__gurobi,tree_40_seed2,tree,1,1,2,0,gurobi,40,39,4,12,30.0,OPT,RETURNED,4,4,0.40322463099994366,42.70703125,worker_high_water,201,545,4,assignment_at_greedy_UB,,,False,,greedy,gurobi_optimal,2,0.3975123939999321
tree_40_seed2__h1_k1__r2__cadical,tree_40_seed2,tree,1,1,2,1,cadical,40,39,4,12,30.0,OPT,RETURNED,4,4,0.34169341999995595,34.32421875,worker_high_water,,,,last_sat_witness,0,0,True,,greedy,elementary,0,
tree_40_seed2__h2_k1__r0__gurobi,tree_40_seed2,tree,2,1,0,0,gurobi,40,39,4,12,30.0,OPT,RETURNED,5,5,0.47209741900007884,46.078125,worker_high_water,361,1541,8,assignment_at_greedy_UB,,,False,,gurobi_incumbent,gurobi_optimal,4,0.46587400099997467
tree_40_seed2__h2_k1__r0__cadical,tree_40_seed2,tree,2,1,0,1,cadical,40,39,4,12,30.0,OPT,RETURNED,5,5,0.3626375360000793,35.91015625,worker_high_water,200,1108,5,last_sat_witness,260,34,True,,sat,elementary,2,0.3585826300000008
tree_40_seed2__h2_k1__r1__cadical,tree_40_seed2,tree,2,1,1,0,cadical,40,39,4,12,30.0,OPT,RETURNED,5,5,0.3800817270000607,36.28515625,worker_high_water,200,1108,5,last_sat_witness,260,34,True,,sat,elementary,2,0.3755667430000358
tree_40_seed2__h2_k1__r1__gurobi,tree_40_seed2,tree,2,1,1,1,gurobi,40,39,4,12,30.0,OPT,RETURNED,5,5,0.6002522549999867,45.9453125,worker_high_water,361,1541,8,assignment_at_greedy_UB,,,False,,gurobi_incumbent,gurobi_optimal,4,0.59418162999998
tree_40_seed2__h2_k1__r2__gurobi,tree_40_seed2,tree,2,1,2,0,gurobi,40,39,4,12,30.0,OPT,RETURNED,5,5,0.4788115650000009,46.640625,worker_high_water,361,1541,8,assignment_at_greedy_UB,,,False,,gurobi_incumbent,gurobi_optimal,4,0.4726829710000402
tree_40_seed2__h2_k1__r2__cadical,tree_40_seed2,tree,2,1,2,1,cadical,40,39,4,12,30.0,OPT,RETURNED,5,5,0.36329488199999105,36.01953125,worker_high_water,200,1108,5,last_sat_witness,260,34,True,,sat,elementary,2,0.359086982000008
tree_40_seed2__h3_k2__r0__gurobi,tree_40_seed2,tree,3,2,0,0,gurobi,40,39,4,12,30.0,OPT,RETURNED,10,10,0.7974622670000144,51.6875,worker_high_water,481,4022,11,assignment_at_greedy_UB,,,False,,gurobi_incumbent,gurobi_optimal,3,0.7888743590000331
tree_40_seed2__h3_k2__r0__cadical,tree_40_seed2,tree,3,2,0,1,cadical,40,39,4,12,30.0,OPT,RETURNED,10,10,0.41373421399998733,39.14453125,worker_high_water,400,3945,10,last_sat_witness,849,409,True,,sat,sat_unsat,2,0.40906858699997883
tree_40_seed2__h3_k2__r1__cadical,tree_40_seed2,tree,3,2,1,0,cadical,40,39,4,12,30.0,OPT,RETURNED,10,10,0.40170238600001085,39.1953125,worker_high_water,400,3945,10,last_sat_witness,849,409,True,,sat,sat_unsat,2,0.3973357309999983
tree_40_seed2__h3_k2__r1__gurobi,tree_40_seed2,tree,3,2,1,1,gurobi,40,39,4,12,30.0,OPT,RETURNED,10,10,0.7926887400000169,51.12109375,worker_high_water,481,4022,11,assignment_at_greedy_UB,,,False,,gurobi_incumbent,gurobi_optimal,3,0.7849686629999724
tree_40_seed2__h3_k2__r2__gurobi,tree_40_seed2,tree,3,2,2,0,gurobi,40,39,4,12,30.0,OPT,RETURNED,10,10,0.7848360010000306,51.49609375,worker_high_water,481,4022,11,assignment_at_greedy_UB,,,False,,gurobi_incumbent,gurobi_optimal,3,0.7770529740000711
tree_40_seed2__h3_k2__r2__cadical,tree_40_seed2,tree,3,2,2,1,cadical,40,39,4,12,30.0,OPT,RETURNED,10,10,0.40452948600000127,39.34765625,worker_high_water,400,3945,10,last_sat_witness,849,409,True,,sat,sat_unsat,2,0.39993410800002493
tree_60_seed0__h1_k1__r0__cadical,tree_60_seed0,tree,1,1,0,0,cadical,60,59,5,20,30.0,OPT,RETURNED,5,5,0.34349460999999337,33.89453125,worker_high_water,,,,last_sat_witness,0,0,True,,greedy,elementary,0,
tree_60_seed0__h1_k1__r0__gurobi,tree_60_seed0,tree,1,1,0,1,gurobi,60,59,5,20,30.0,OPT,RETURNED,5,5,0.5424927710000702,43.36328125,worker_high_water,361,978,5,assignment_at_greedy_UB,,,False,,greedy,gurobi_optimal,2,0.5366396570000234
tree_60_seed0__h1_k1__r1__gurobi,tree_60_seed0,tree,1,1,1,0,gurobi,60,59,5,20,30.0,OPT,RETURNED,5,5,0.4313059720000183,43.82421875,worker_high_water,361,978,5,assignment_at_greedy_UB,,,False,,greedy,gurobi_optimal,2,0.4252979760000244
tree_60_seed0__h1_k1__r1__cadical,tree_60_seed0,tree,1,1,1,1,cadical,60,59,5,20,30.0,OPT,RETURNED,5,5,0.34119502000010016,33.89453125,worker_high_water,,,,last_sat_witness,0,0,True,,greedy,elementary,0,
tree_60_seed0__h1_k1__r2__cadical,tree_60_seed0,tree,1,1,2,0,cadical,60,59,5,20,30.0,OPT,RETURNED,5,5,0.3429262760000711,33.84765625,worker_high_water,,,,last_sat_witness,0,0,True,,greedy,elementary,0,
tree_60_seed0__h1_k1__r2__gurobi,tree_60_seed0,tree,1,1,2,1,gurobi,60,59,5,20,30.0,OPT,RETURNED,5,5,0.41368773399995007,44.19140625,worker_high_water,361,978,5,assignment_at_greedy_UB,,,False,,greedy,gurobi_optimal,2,0.4071042559999114
tree_60_seed0__h2_k1__r0__cadical,tree_60_seed0,tree,2,1,0,0,cadical,60,59,5,20,30.0,OPT,RETURNED,6,6,0.3924119050000172,36.84375,worker_high_water,360,2009,6,last_sat_witness,0,0,True,,sat,elementary,1,0.38797086099998523
tree_60_seed0__h2_k1__r0__gurobi,tree_60_seed0,tree,2,1,0,1,gurobi,60,59,5,20,30.0,OPT,RETURNED,6,6,0.48220859700006713,47.078125,worker_high_water,481,2090,7,assignment_at_greedy_UB,,,False,,gurobi_incumbent,gurobi_optimal,2,0.47561956200001987
tree_60_seed0__h2_k1__r1__gurobi,tree_60_seed0,tree,2,1,1,0,gurobi,60,59,5,20,30.0,OPT,RETURNED,6,6,0.4981596460000901,47.46484375,worker_high_water,481,2090,7,assignment_at_greedy_UB,,,False,,gurobi_incumbent,gurobi_optimal,2,0.4915137740000546
tree_60_seed0__h2_k1__r1__cadical,tree_60_seed0,tree,2,1,1,1,cadical,60,59,5,20,30.0,OPT,RETURNED,6,6,0.3548717469999474,36.3203125,worker_high_water,360,2009,6,last_sat_witness,0,0,True,,sat,elementary,1,0.35030109599995285
tree_60_seed0__h2_k1__r2__cadical,tree_60_seed0,tree,2,1,2,0,cadical,60,59,5,20,30.0,OPT,RETURNED,6,6,0.36060797200002526,37.171875,worker_high_water,360,2009,6,last_sat_witness,0,0,True,,sat,elementary,1,0.3560950950000006
tree_60_seed0__h2_k1__r2__gurobi,tree_60_seed0,tree,2,1,2,1,gurobi,60,59,5,20,30.0,OPT,RETURNED,6,6,0.6209539939999331,46.73828125,worker_high_water,481,2090,7,assignment_at_greedy_UB,,,False,,gurobi_incumbent,gurobi_optimal,2,0.6142341139999417
tree_60_seed0__h3_k2__r0__cadical,tree_60_seed0,tree,3,2,0,0,cadical,60,59,5,20,30.0,OPT,RETURNED,11,11,0.44475572199996805,43.296875,worker_high_water,660,6642,11,last_sat_witness,405,6,True,,sat,elementary,2,0.43962260800003605
tree_60_seed0__h3_k2__r0__gurobi,tree_60_seed0,tree,3,2,0,1,gurobi,60,59,5,20,30.0,OPT,RETURNED,11,11,0.6944561190000513,52.02734375,worker_high_water,841,7256,13,assignment_at_greedy_UB,,,False,,gurobi_incumbent,gurobi_optimal,3,0.685197914000014
tree_60_seed0__h3_k2__r1__gurobi,tree_60_seed0,tree,3,2,1,0,gurobi,60,59,5,20,30.0,OPT,RETURNED,11,11,0.6930256929999814,52.4765625,worker_high_water,841,7256,13,assignment_at_greedy_UB,,,False,,gurobi_incumbent,gurobi_optimal,3,0.6834951889999274
tree_60_seed0__h3_k2__r1__cadical,tree_60_seed0,tree,3,2,1,1,cadical,60,59,5,20,30.0,OPT,RETURNED,11,11,0.4541613949999146,43.4375,worker_high_water,660,6642,11,last_sat_witness,405,6,True,,sat,elementary,2,0.4489142659999743
tree_60_seed0__h3_k2__r2__cadical,tree_60_seed0,tree,3,2,2,0,cadical,60,59,5,20,30.0,OPT,RETURNED,11,11,0.446694817999969,43.4140625,worker_high_water,660,6642,11,last_sat_witness,405,6,True,,sat,elementary,2,0.4421123219999572
tree_60_seed0__h3_k2__r2__gurobi,tree_60_seed0,tree,3,2,2,1,gurobi,60,59,5,20,30.0,OPT,RETURNED,11,11,0.6873472969999739,52.6015625,worker_high_water,841,7256,13,assignment_at_greedy_UB,,,False,,gurobi_incumbent,gurobi_optimal,3,0.6774847230000205
tree_60_seed1__h1_k1__r0__gurobi,tree_60_seed1,tree,1,1,0,0,gurobi,60,59,6,22,30.0,OPT,RETURNED,6,6,0.43347433399992497,43.50390625,worker_high_water,421,1191,6,assignment_at_greedy_UB,,,False,,greedy,gurobi_optimal,2,0.425939648999929
tree_60_seed1__h1_k1__r0__cadical,tree_60_seed1,tree,1,1,0,1,cadical,60,59,6,22,30.0,OPT,RETURNED,6,6,0.5500065109999923,33.90625,worker_high_water,,,,last_sat_witness,0,0,True,,greedy,elementary,0,
tree_60_seed1__h1_k1__r1__cadical,tree_60_seed1,tree,1,1,1,0,cadical,60,59,6,22,30.0,OPT,RETURNED,6,6,0.35428994299991245,33.98828125,worker_high_water,,,,last_sat_witness,0,0,True,,greedy,elementary,0,
tree_60_seed1__h1_k1__r1__gurobi,tree_60_seed1,tree,1,1,1,1,gurobi,60,59,6,22,30.0,OPT,RETURNED,6,6,0.4246395739999116,43.66015625,worker_high_water,421,1191,6,assignment_at_greedy_UB,,,False,,greedy,gurobi_optimal,2,0.4185877080000182
tree_60_seed1__h1_k1__r2__gurobi,tree_60_seed1,tree,1,1,2,0,gurobi,60,59,6,22,30.0,OPT,RETURNED,6,6,0.4298655869999948,43.39453125,worker_high_water,421,1191,6,assignment_at_greedy_UB,,,False,,greedy,gurobi_optimal,2,0.4235106449999648
tree_60_seed1__h1_k1__r2__cadical,tree_60_seed1,tree,1,1,2,1,cadical,60,59,6,22,30.0,OPT,RETURNED,6,6,0.3427664010000626,34.75,worker_high_water,,,,last_sat_witness,0,0,True,,greedy,elementary,0,
tree_60_seed1__h2_k1__r0__gurobi,tree_60_seed1,tree,2,1,0,0,gurobi,60,59,6,22,30.0,OPT,RETURNED,7,7,0.4384983690000581,44.73046875,worker_high_water,481,2170,7,assignment_at_greedy_UB,,,False,,greedy,gurobi_optimal,2,0.4316838420000977
tree_60_seed1__h2_k1__r0__cadical,tree_60_seed1,tree,2,1,0,1,cadical,60,59,6,22,30.0,OPT,RETURNED,7,7,0.33719003099997735,33.90625,worker_high_water,,,,last_sat_witness,0,0,True,,greedy,elementary,0,
tree_60_seed1__h2_k1__r1__cadical,tree_60_seed1,tree,2,1,1,0,cadical,60,59,6,22,30.0,OPT,RETURNED,7,7,0.33654402399997707,33.90234375,worker_high_water,,,,last_sat_witness,0,0,True,,greedy,elementary,0,
tree_60_seed1__h2_k1__r1__gurobi,tree_60_seed1,tree,2,1,1,1,gurobi,60,59,6,22,30.0,OPT,RETURNED,7,7,0.44925790900003904,45.72265625,worker_high_water,481,2170,7,assignment_at_greedy_UB,,,False,,greedy,gurobi_optimal,2,0.44270836900000177
tree_60_seed1__h2_k1__r2__gurobi,tree_60_seed1,tree,2,1,2,0,gurobi,60,59,6,22,30.0,OPT,RETURNED,7,7,0.5793310020000035,45.0625,worker_high_water,481,2170,7,assignment_at_greedy_UB,,,False,,greedy,gurobi_optimal,2,0.5727962239999442
tree_60_seed1__h2_k1__r2__cadical,tree_60_seed1,tree,2,1,2,1,cadical,60,59,6,22,30.0,OPT,RETURNED,7,7,0.34328093099998114,34.6484375,worker_high_water,,,,last_sat_witness,0,0,True,,greedy,elementary,0,
tree_60_seed1__h3_k2__r0__gurobi,tree_60_seed1,tree,3,2,0,0,gurobi,60,59,6,22,30.0,OPT,RETURNED,13,13,0.6905046929999799,52.6953125,worker_high_water,901,8233,14,assignment_at_greedy_UB,,,False,,gurobi_incumbent,gurobi_optimal,2,0.6811074449999523
tree_60_seed1__h3_k2__r0__cadical,tree_60_seed1,tree,3,2,0,1,cadical,60,59,6,22,30.0,OPT,RETURNED,13,13,0.4083088070000258,43.375,worker_high_water,780,8256,13,last_sat_witness,0,0,True,,sat,elementary,1,0.4034633449999774
tree_60_seed1__h3_k2__r1__cadical,tree_60_seed1,tree,3,2,1,0,cadical,60,59,6,22,30.0,OPT,RETURNED,13,13,0.40906135000000177,43.3359375,worker_high_water,780,8256,13,last_sat_witness,0,0,True,,sat,elementary,1,0.40405473700002403
tree_60_seed1__h3_k2__r1__gurobi,tree_60_seed1,tree,3,2,1,1,gurobi,60,59,6,22,30.0,OPT,RETURNED,13,13,0.6858679729999722,52.6171875,worker_high_water,901,8233,14,assignment_at_greedy_UB,,,False,,gurobi_incumbent,gurobi_optimal,2,0.6762306360000139
tree_60_seed1__h3_k2__r2__gurobi,tree_60_seed1,tree,3,2,2,0,gurobi,60,59,6,22,30.0,OPT,RETURNED,13,13,0.6800497919999771,53.08984375,worker_high_water,901,8233,14,assignment_at_greedy_UB,,,False,,gurobi_incumbent,gurobi_optimal,2,0.6703676579999183
tree_60_seed1__h3_k2__r2__cadical,tree_60_seed1,tree,3,2,2,1,cadical,60,59,6,22,30.0,OPT,RETURNED,13,13,0.4033800390000124,43.41015625,worker_high_water,780,8256,13,last_sat_witness,0,0,True,,sat,elementary,1,0.39855619300010403
tree_60_seed2__h1_k1__r0__cadical,tree_60_seed2,tree,1,1,0,0,cadical,60,59,4,19,30.0,OPT,RETURNED,4,4,0.35156091600003947,36.1171875,worker_high_water,240,880,4,last_sat_witness,0,0,True,,sat,elementary,1,0.34743327900002896
tree_60_seed2__h1_k1__r0__gurobi,tree_60_seed2,tree,1,1,0,1,gurobi,60,59,4,19,30.0,OPT,RETURNED,4,4,0.5982326749999629,45.390625,worker_high_water,361,960,5,assignment_at_greedy_UB,,,False,,gurobi_incumbent,gurobi_optimal,2,0.5923660119999568
tree_60_seed2__h1_k1__r1__gurobi,tree_60_seed2,tree,1,1,1,0,gurobi,60,59,4,19,30.0,OPT,RETURNED,4,4,0.43810505899989494,45.51953125,worker_high_water,361,960,5,assignment_at_greedy_UB,,,False,,gurobi_incumbent,gurobi_optimal,2,0.4314287389998981
tree_60_seed2__h1_k1__r1__cadical,tree_60_seed2,tree,1,1,1,1,cadical,60,59,4,19,30.0,OPT,RETURNED,4,4,0.34450790800008235,35.19921875,worker_high_water,240,880,4,last_sat_witness,0,0,True,,sat,elementary,1,0.3401197510000884
tree_60_seed2__h1_k1__r2__cadical,tree_60_seed2,tree,1,1,2,0,cadical,60,59,4,19,30.0,OPT,RETURNED,4,4,0.34525485200003914,35.19921875,worker_high_water,240,880,4,last_sat_witness,0,0,True,,sat,elementary,1,0.3401650170000039
tree_60_seed2__h1_k1__r2__gurobi,tree_60_seed2,tree,1,1,2,1,gurobi,60,59,4,19,30.0,OPT,RETURNED,4,4,0.4303455820000863,45.37890625,worker_high_water,361,960,5,assignment_at_greedy_UB,,,False,,gurobi_incumbent,gurobi_optimal,2,0.42332872500003305
tree_60_seed2__h2_k1__r0__cadical,tree_60_seed2,tree,2,1,0,0,cadical,60,59,4,19,30.0,OPT,RETURNED,5,5,0.3765617519999296,37.28515625,worker_high_water,300,1670,5,last_sat_witness,553,118,True,,sat,elementary,2,0.3720641479999358
tree_60_seed2__h2_k1__r0__gurobi,tree_60_seed2,tree,2,1,0,1,gurobi,60,59,4,19,30.0,OPT,RETURNED,5,5,0.49217325200004325,47.46484375,worker_high_water,481,2066,7,assignment_at_greedy_UB,,,False,,gurobi_incumbent,gurobi_optimal,3,0.48394204700002774
tree_60_seed2__h2_k1__r1__gurobi,tree_60_seed2,tree,2,1,1,0,gurobi,60,59,4,19,30.0,OPT,RETURNED,5,5,0.5015117510000664,47.08984375,worker_high_water,481,2066,7,assignment_at_greedy_UB,,,False,,gurobi_incumbent,gurobi_optimal,3,0.4945369519999758
tree_60_seed2__h2_k1__r1__cadical,tree_60_seed2,tree,2,1,1,1,cadical,60,59,4,19,30.0,OPT,RETURNED,5,5,0.36888002000000597,37.3671875,worker_high_water,300,1670,5,last_sat_witness,553,118,True,,sat,elementary,2,0.36440586600008373
tree_60_seed2__h2_k1__r2__cadical,tree_60_seed2,tree,2,1,2,0,cadical,60,59,4,19,30.0,OPT,RETURNED,5,5,0.5099185729999363,37.3125,worker_high_water,300,1670,5,last_sat_witness,553,118,True,,sat,elementary,2,0.5050178269999606
tree_60_seed2__h2_k1__r2__gurobi,tree_60_seed2,tree,2,1,2,1,gurobi,60,59,4,19,30.0,OPT,RETURNED,5,5,0.5143801960000474,47.2578125,worker_high_water,481,2066,7,assignment_at_greedy_UB,,,False,,gurobi_incumbent,gurobi_optimal,3,0.5075131190000093
tree_60_seed2__h3_k2__r0__cadical,tree_60_seed2,tree,3,2,0,0,cadical,60,59,4,19,30.0,OPT,RETURNED,10,10,0.47656654500008244,43.03515625,worker_high_water,600,5942,10,last_sat_witness,1865,722,True,,sat,sat_unsat,3,0.47141283200005546
tree_60_seed2__h3_k2__r0__gurobi,tree_60_seed2,tree,3,2,0,1,gurobi,60,59,4,19,30.0,OPT,RETURNED,10,10,0.7555728329999738,53.52734375,worker_high_water,841,7136,13,assignment_at_greedy_UB,,,False,,gurobi_incumbent,gurobi_optimal,5,0.7464723049999975
tree_60_seed2__h3_k2__r1__gurobi,tree_60_seed2,tree,3,2,1,0,gurobi,60,59,4,19,30.0,OPT,RETURNED,10,10,0.7547210159999622,53.28515625,worker_high_water,841,7136,13,assignment_at_greedy_UB,,,False,,gurobi_incumbent,gurobi_optimal,5,0.7452955249999604
tree_60_seed2__h3_k2__r1__cadical,tree_60_seed2,tree,3,2,1,1,cadical,60,59,4,19,30.0,OPT,RETURNED,10,10,0.48316213999999036,44.03125,worker_high_water,600,5942,10,last_sat_witness,1865,722,True,,sat,sat_unsat,3,0.478354473999957
tree_60_seed2__h3_k2__r2__cadical,tree_60_seed2,tree,3,2,2,0,cadical,60,59,4,19,30.0,OPT,RETURNED,10,10,0.48066898800004765,44.12890625,worker_high_water,600,5942,10,last_sat_witness,1865,722,True,,sat,sat_unsat,3,0.4758113750000348
tree_60_seed2__h3_k2__r2__gurobi,tree_60_seed2,tree,3,2,2,1,gurobi,60,59,4,19,30.0,OPT,RETURNED,10,10,0.7611423480000212,53.43359375,worker_high_water,841,7136,13,assignment_at_greedy_UB,,,False,,gurobi_incumbent,gurobi_optimal,5,0.752202355999998
P_4xP_5__h1_k1__r0__gurobi,P_4xP_5,PxP,1,1,0,0,gurobi,20,31,4,,30.0,OPT,RETURNED,4,4,0.41899524000007204,44.40234375,worker_high_water,141,579,6,assignment_at_greedy_UB,,,False,,gurobi_incumbent,gurobi_optimal,3,0.4135046600000578
P_4xP_5__h1_k1__r0__cadical,P_4xP_5,PxP,1,1,0,1,cadical,20,31,4,,30.0,OPT,RETURNED,4,4,0.4588833870000144,34.8671875,worker_high_water,80,445,4,last_sat_witness,19,4,True,,sat,elementary,2,0.4551220360000343
P_4xP_5__h1_k1__r1__cadical,P_4xP_5,PxP,1,1,1,0,cadical,20,31,4,,30.0,OPT,RETURNED,4,4,0.3608306169999196,34.82421875,worker_high_water,80,445,4,last_sat_witness,19,4,True,,sat,elementary,2,0.35657539299995733
P_4xP_5__h1_k1__r1__gurobi,P_4xP_5,PxP,1,1,1,1,gurobi,20,31,4,,30.0,OPT,RETURNED,4,4,0.4281936710000309,44.25390625,worker_high_water,141,579,6,assignment_at_greedy_UB,,,False,,gurobi_incumbent,gurobi_optimal,3,0.4232158500000196
P_4xP_5__h1_k1__r2__gurobi,P_4xP_5,PxP,1,1,2,0,gurobi,20,31,4,,30.0,OPT,RETURNED,4,4,0.4168709799999988,44.125,worker_high_water,141,579,6,assignment_at_greedy_UB,,,False,,gurobi_incumbent,gurobi_optimal,3,0.41169451899997966
P_4xP_5__h1_k1__r2__cadical,P_4xP_5,PxP,1,1,2,1,cadical,20,31,4,,30.0,OPT,RETURNED,4,4,0.3528557979999505,34.796875,worker_high_water,80,445,4,last_sat_witness,19,4,True,,sat,elementary,2,0.3487665710000556
P_4xP_5__h2_k1__r0__gurobi,P_4xP_5,PxP,2,1,0,0,gurobi,20,31,4,,30.0,OPT,RETURNED,6,6,0.584374071999946,46.98828125,worker_high_water,201,1368,9,assignment_at_greedy_UB,,,False,,gurobi_incumbent,gurobi_optimal,5,0.5779031590000159
P_4xP_5__h2_k1__r0__cadical,P_4xP_5,PxP,2,1,0,1,cadical,20,31,4,,30.0,OPT,RETURNED,6,6,0.3673707440000271,35.6796875,worker_high_water,120,1011,6,last_sat_witness,153,94,True,,sat,sat_unsat,3,0.3633902270000817
P_4xP_5__h2_k1__r1__cadical,P_4xP_5,PxP,2,1,1,0,cadical,20,31,4,,30.0,OPT,RETURNED,6,6,0.3686500180000394,35.61328125,worker_high_water,120,1011,6,last_sat_witness,153,94,True,,sat,sat_unsat,3,0.36472467800001596
P_4xP_5__h2_k1__r1__gurobi,P_4xP_5,PxP,2,1,1,1,gurobi,20,31,4,,30.0,OPT,RETURNED,6,6,0.739397398000051,47.19140625,worker_high_water,201,1368,9,assignment_at_greedy_UB,,,False,,gurobi_incumbent,gurobi_optimal,5,0.733576992000053
P_4xP_5__h2_k1__r2__gurobi,P_4xP_5,PxP,2,1,2,0,gurobi,20,31,4,,30.0,OPT,RETURNED,6,6,0.5710986120000143,47.140625,worker_high_water,201,1368,9,assignment_at_greedy_UB,,,False,,gurobi_incumbent,gurobi_optimal,5,0.5650429969999777
P_4xP_5__h2_k1__r2__cadical,P_4xP_5,PxP,2,1,2,1,cadical,20,31,4,,30.0,OPT,RETURNED,6,6,0.3600265229999877,35.66015625,worker_high_water,120,1011,6,last_sat_witness,153,94,True,,sat,sat_unsat,3,0.35600156099997093
P_4xP_5__h3_k2__r0__gurobi,P_4xP_5,PxP,3,2,0,0,gurobi,20,31,4,,30.0,OPT,RETURNED,11,11,1.9873067390000188,54.3515625,worker_high_water,301,4157,14,assignment_at_greedy_UB,,,False,,gurobi_incumbent,gurobi_optimal,4,1.979637255000057
P_4xP_5__h3_k2__r0__cadical,P_4xP_5,PxP,3,2,0,1,cadical,20,31,4,,30.0,OPT,RETURNED,11,11,0.42063775399992664,39.671875,worker_high_water,220,3438,11,last_sat_witness,1739,1233,True,,sat,sat_unsat,2,0.41627561099994637
P_4xP_5__h3_k2__r1__cadical,P_4xP_5,PxP,3,2,1,0,cadical,20,31,4,,30.0,OPT,RETURNED,11,11,0.40089292099992235,39.2890625,worker_high_water,220,3438,11,last_sat_witness,1739,1233,True,,sat,sat_unsat,2,0.3966592709999759
P_4xP_5__h3_k2__r1__gurobi,P_4xP_5,PxP,3,2,1,1,gurobi,20,31,4,,30.0,OPT,RETURNED,11,11,2.0977736379999214,55.24609375,worker_high_water,301,4157,14,assignment_at_greedy_UB,,,False,,gurobi_incumbent,gurobi_optimal,4,2.090117042999964
P_4xP_5__h3_k2__r2__gurobi,P_4xP_5,PxP,3,2,2,0,gurobi,20,31,4,,30.0,OPT,RETURNED,11,11,1.9832104580000305,54.40625,worker_high_water,301,4157,14,assignment_at_greedy_UB,,,False,,gurobi_incumbent,gurobi_optimal,4,1.9754338459999872
P_4xP_5__h3_k2__r2__cadical,P_4xP_5,PxP,3,2,2,1,cadical,20,31,4,,30.0,OPT,RETURNED,11,11,0.4570476399999279,39.04296875,worker_high_water,220,3438,11,last_sat_witness,1739,1233,True,,sat,sat_unsat,2,0.4527724469999157
P_5xP_8__h1_k1__r0__cadical,P_5xP_8,PxP,1,1,0,0,cadical,40,67,4,,30.0,OPT,RETURNED,4,4,0.3920994300000302,35.87890625,worker_high_water,160,1005,4,last_sat_witness,25,4,True,,sat,elementary,2,0.3864708560000736
P_5xP_8__h1_k1__r0__gurobi,P_5xP_8,PxP,1,1,0,1,gurobi,40,67,4,,30.0,OPT,RETURNED,4,4,0.6246903699999393,48.69921875,worker_high_water,281,1319,6,assignment_at_greedy_UB,,,False,,gurobi_incumbent,gurobi_optimal,3,0.6170508889999837
P_5xP_8__h1_k1__r1__gurobi,P_5xP_8,PxP,1,1,1,0,gurobi,40,67,4,,30.0,OPT,RETURNED,4,4,0.7380038420000119,48.7109375,worker_high_water,281,1319,6,assignment_at_greedy_UB,,,False,,gurobi_incumbent,gurobi_optimal,3,0.731311183999992
P_5xP_8__h1_k1__r1__cadical,P_5xP_8,PxP,1,1,1,1,cadical,40,67,4,,30.0,OPT,RETURNED,4,4,0.36674569700005577,36.3046875,worker_high_water,160,1005,4,last_sat_witness,25,4,True,,sat,elementary,2,0.3615921589999971
P_5xP_8__h1_k1__r2__cadical,P_5xP_8,PxP,1,1,2,0,cadical,40,67,4,,30.0,OPT,RETURNED,4,4,0.3631592210000463,35.546875,worker_high_water,160,1005,4,last_sat_witness,25,4,True,,sat,elementary,2,0.35877625400007673
P_5xP_8__h1_k1__r2__gurobi,P_5xP_8,PxP,1,1,2,1,gurobi,40,67,4,,30.0,OPT,RETURNED,4,4,0.589767586999983,48.78515625,worker_high_water,281,1319,6,assignment_at_greedy_UB,,,False,,gurobi_incumbent,gurobi_optimal,3,0.5829769439999382
P_5xP_8__h2_k1__r0__cadical,P_5xP_8,PxP,2,1,0,0,cadical,40,67,4,,30.0,OPT,RETURNED,6,6,0.3971808509999164,38.41796875,worker_high_water,240,2243,6,last_sat_witness,224,122,True,,sat,sat_unsat,3,0.39257516699990447
P_5xP_8__h2_k1__r0__gurobi,P_5xP_8,PxP,2,1,0,1,gurobi,40,67,4,,30.0,OPT,RETURNED,6,6,2.062718110999981,55.21875,worker_high_water,401,3056,9,assignment_at_greedy_UB,,,False,,gurobi_incumbent,gurobi_optimal,5,2.0550580509999463
P_5xP_8__h2_k1__r1__gurobi,P_5xP_8,PxP,2,1,1,0,gurobi,40,67,4,,30.0,OPT,RETURNED,6,6,2.2014605900000106,54.8125,worker_high_water,401,3056,9,assignment_at_greedy_UB,,,False,,gurobi_incumbent,gurobi_optimal,5,2.1936994589999586
P_5xP_8__h2_k1__r1__cadical,P_5xP_8,PxP,2,1,1,1,cadical,40,67,4,,30.0,OPT,RETURNED,6,6,0.40975632000004225,37.83984375,worker_high_water,240,2243,6,last_sat_witness,224,122,True,,sat,sat_unsat,3,0.4052483730000631
P_5xP_8__h2_k1__r2__cadical,P_5xP_8,PxP,2,1,2,0,cadical,40,67,4,,30.0,OPT,RETURNED,6,6,0.3889348229999996,37.96484375,worker_high_water,240,2243,6,last_sat_witness,224,122,True,,sat,sat_unsat,3,0.38439149499993164
P_5xP_8__h2_k1__r2__gurobi,P_5xP_8,PxP,2,1,2,1,gurobi,40,67,4,,30.0,OPT,RETURNED,6,6,2.0316020750000234,55.05078125,worker_high_water,401,3056,9,assignment_at_greedy_UB,,,False,,gurobi_incumbent,gurobi_optimal,5,2.0238091749999967
P_5xP_8__h3_k2__r0__cadical,P_5xP_8,PxP,3,2,0,0,cadical,40,67,4,,30.0,OPT,RETURNED,11,11,0.5777885909999441,44.91015625,worker_high_water,440,7758,11,last_sat_witness,3619,2690,True,,sat,sat_unsat,3,0.5724462649999396
P_5xP_8__h3_k2__r0__gurobi,P_5xP_8,PxP,3,2,0,1,gurobi,40,67,4,,30.0,OPT,RETURNED,11,11,9.465318467999964,85.83984375,worker_high_water,681,10763,16,assignment_at_greedy_UB,,,False,,gurobi_incumbent,gurobi_optimal,5,9.453901748000021
P_5xP_8__h3_k2__r1__gurobi,P_5xP_8,PxP,3,2,1,0,gurobi,40,67,4,,30.0,OPT,RETURNED,11,11,9.650679375999971,83.703125,worker_high_water,681,10763,16,assignment_at_greedy_UB,,,False,,gurobi_incumbent,gurobi_optimal,5,9.638756358000023
P_5xP_8__h3_k2__r1__cadical,P_5xP_8,PxP,3,2,1,1,cadical,40,67,4,,30.0,OPT,RETURNED,11,11,0.5861744690000705,46.1875,worker_high_water,440,7758,11,last_sat_witness,3619,2690,True,,sat,sat_unsat,3,0.5805662559999973
P_5xP_8__h3_k2__r2__cadical,P_5xP_8,PxP,3,2,2,0,cadical,40,67,4,,30.0,OPT,RETURNED,11,11,0.5761143519999905,45.01953125,worker_high_water,440,7758,11,last_sat_witness,3619,2690,True,,sat,sat_unsat,3,0.5676641280000467
P_5xP_8__h3_k2__r2__gurobi,P_5xP_8,PxP,3,2,2,1,gurobi,40,67,4,,30.0,OPT,RETURNED,11,11,9.385944016999929,84.453125,worker_high_water,681,10763,16,assignment_at_greedy_UB,,,False,,gurobi_incumbent,gurobi_optimal,5,9.374429333999956
P_6xP_10__h1_k1__r0__gurobi,P_6xP_10,PxP,1,1,0,0,gurobi,60,104,4,,30.0,OPT,RETURNED,4,4,0.6146467710000252,47.765625,worker_high_water,421,2094,6,assignment_at_greedy_UB,,,False,,gurobi_incumbent,gurobi_optimal,3,0.6074249220000638
P_6xP_10__h1_k1__r0__cadical,P_6xP_10,PxP,1,1,0,1,cadical,60,104,4,,30.0,OPT,RETURNED,4,4,0.5426089899999624,37.40625,worker_high_water,240,1590,4,last_sat_witness,29,4,True,,sat,elementary,2,0.5310720229999788
P_6xP_10__h1_k1__r1__cadical,P_6xP_10,PxP,1,1,1,0,cadical,60,104,4,,30.0,OPT,RETURNED,4,4,0.38601434899999276,36.43359375,worker_high_water,240,1590,4,last_sat_witness,29,4,True,,sat,elementary,2,0.3812476699999934
P_6xP_10__h1_k1__r1__gurobi,P_6xP_10,PxP,1,1,1,1,gurobi,60,104,4,,30.0,OPT,RETURNED,4,4,0.5897735500000181,47.89453125,worker_high_water,421,2094,6,assignment_at_greedy_UB,,,False,,gurobi_incumbent,gurobi_optimal,3,0.5823731600000883
P_6xP_10__h1_k1__r2__gurobi,P_6xP_10,PxP,1,1,2,0,gurobi,60,104,4,,30.0,OPT,RETURNED,4,4,0.5903656970000384,47.6015625,worker_high_water,421,2094,6,assignment_at_greedy_UB,,,False,,gurobi_incumbent,gurobi_optimal,3,0.5833232190000217
P_6xP_10__h1_k1__r2__cadical,P_6xP_10,PxP,1,1,2,1,cadical,60,104,4,,30.0,OPT,RETURNED,4,4,0.37189050299991777,37.20703125,worker_high_water,240,1590,4,last_sat_witness,29,4,True,,sat,elementary,2,0.3671893979999368
P_6xP_10__h2_k1__r0__gurobi,P_6xP_10,PxP,2,1,0,0,gurobi,60,104,4,,30.0,OPT,RETURNED,6,6,8.265631707000011,65.45703125,worker_high_water,601,4812,9,assignment_at_greedy_UB,,,False,,gurobi_incumbent,gurobi_optimal,5,8.253638685000055
P_6xP_10__h2_k1__r0__cadical,P_6xP_10,PxP,2,1,0,1,cadical,60,104,4,,30.0,OPT,RETURNED,6,6,0.5802978589999839,40.16015625,worker_high_water,360,3522,6,last_sat_witness,261,128,True,,sat,sat_unsat,3,0.574537294000038
P_6xP_10__h2_k1__r1__cadical,P_6xP_10,PxP,2,1,1,0,cadical,60,104,4,,30.0,OPT,RETURNED,6,6,0.4482982429999538,39.89453125,worker_high_water,360,3522,6,last_sat_witness,261,128,True,,sat,sat_unsat,3,0.44059292800000094
P_6xP_10__h2_k1__r1__gurobi,P_6xP_10,PxP,2,1,1,1,gurobi,60,104,4,,30.0,OPT,RETURNED,6,6,8.23744552800008,65.37109375,worker_high_water,601,4812,9,assignment_at_greedy_UB,,,False,,gurobi_incumbent,gurobi_optimal,5,8.227778357000034
P_6xP_10__h2_k1__r2__gurobi,P_6xP_10,PxP,2,1,2,0,gurobi,60,104,4,,30.0,OPT,RETURNED,6,6,8.389256244999956,65.31640625,worker_high_water,601,4812,9,assignment_at_greedy_UB,,,False,,gurobi_incumbent,gurobi_optimal,5,8.379326096
P_6xP_10__h2_k1__r2__cadical,P_6xP_10,PxP,2,1,2,1,cadical,60,104,4,,30.0,OPT,RETURNED,6,6,0.45096690200000467,40.37109375,worker_high_water,360,3522,6,last_sat_witness,261,128,True,,sat,sat_unsat,3,0.4454257800000505
P_6xP_10__h3_k2__r0__gurobi,P_6xP_10,PxP,3,2,0,0,gurobi,60,104,4,,30.0,FEASIBLE,WALL_TIMEOUT,13,10,30.00770072299997,,not_observed,1141,19166,18,assignment_at_greedy_UB,,,False,,gurobi_incumbent,gurobi_dual,6,27.427172234999944
P_6xP_10__h3_k2__r0__cadical,P_6xP_10,PxP,3,2,0,1,cadical,60,104,4,,30.0,OPT,RETURNED,11,11,0.7016917590000276,51.37109375,worker_high_water,660,12268,11,last_sat_witness,3702,2549,True,,sat,sat_unsat,3,0.6949815829999579
P_6xP_10__h3_k2__r1__cadical,P_6xP_10,PxP,3,2,1,0,cadical,60,104,4,,30.0,OPT,RETURNED,11,11,0.7056834329999901,51.30859375,worker_high_water,660,12268,11,last_sat_witness,3702,2549,True,,sat,sat_unsat,3,0.6997656629999938
P_6xP_10__h3_k2__r1__gurobi,P_6xP_10,PxP,3,2,1,1,gurobi,60,104,4,,30.0,FEASIBLE,WALL_TIMEOUT,13,10,30.007912256000054,,not_observed,1141,19166,18,assignment_at_greedy_UB,,,False,,gurobi_incumbent,gurobi_dual,6,27.31428900000003
P_6xP_10__h3_k2__r2__gurobi,P_6xP_10,PxP,3,2,2,0,gurobi,60,104,4,,30.0,FEASIBLE,WALL_TIMEOUT,13,10,30.00701513299998,,not_observed,1141,19166,18,assignment_at_greedy_UB,,,False,,gurobi_incumbent,gurobi_dual,6,27.453230363999978
P_6xP_10__h3_k2__r2__cadical,P_6xP_10,PxP,3,2,2,1,cadical,60,104,4,,30.0,OPT,RETURNED,11,11,0.7073408589999417,50.484375,worker_high_water,660,12268,11,last_sat_witness,3702,2549,True,,sat,sat_unsat,3,0.692830210000011
ER_20_p0.15_seed0__h1_k1__r0__cadical,ER_20_p0.15_seed0,ER,1,1,0,0,cadical,20,23,7,,30.0,OPT,RETURNED,7,7,0.36147756900004424,33.87109375,worker_high_water,,,,last_sat_witness,0,0,True,,greedy,elementary,0,
ER_20_p0.15_seed0__h1_k1__r0__gurobi,ER_20_p0.15_seed0,ER,1,1,0,1,gurobi,20,23,7,,30.0,OPT,RETURNED,7,7,0.40593517799993606,42.8515625,worker_high_water,161,592,7,assignment_at_greedy_UB,,,False,,greedy,gurobi_optimal,2,0.39994809699999223
ER_20_p0.15_seed0__h1_k1__r1__gurobi,ER_20_p0.15_seed0,ER,1,1,1,0,gurobi,20,23,7,,30.0,OPT,RETURNED,7,7,0.5419358200000488,42.61328125,worker_high_water,161,592,7,assignment_at_greedy_UB,,,False,,greedy,gurobi_optimal,2,0.5354324580000593
ER_20_p0.15_seed0__h1_k1__r1__cadical,ER_20_p0.15_seed0,ER,1,1,1,1,cadical,20,23,7,,30.0,OPT,RETURNED,7,7,0.34298488699994323,33.890625,worker_high_water,,,,last_sat_witness,0,0,True,,greedy,elementary,0,
ER_20_p0.15_seed0__h1_k1__r2__cadical,ER_20_p0.15_seed0,ER,1,1,2,0,cadical,20,23,7,,30.0,OPT,RETURNED,7,7,0.3364285719999316,33.84765625,worker_high_water,,,,last_sat_witness,0,0,True,,greedy,elementary,0,
ER_20_p0.15_seed0__h1_k1__r2__gurobi,ER_20_p0.15_seed0,ER,1,1,2,1,gurobi,20,23,7,,30.0,OPT,RETURNED,7,7,0.40214200599996275,42.71875,worker_high_water,161,592,7,assignment_at_greedy_UB,,,False,,greedy,gurobi_optimal,2,0.39628192999998646
ER_20_p0.15_seed0__h2_k1__r0__cadical,ER_20_p0.15_seed0,ER,2,1,0,0,cadical,20,23,7,,30.0,OPT,RETURNED,8,8,0.3484592720000137,35.4921875,worker_high_water,160,1129,8,last_sat_witness,93,2,True,,sat,elementary,1,0.3444919050000408
ER_20_p0.15_seed0__h2_k1__r0__gurobi,ER_20_p0.15_seed0,ER,2,1,0,1,gurobi,20,23,7,,30.0,OPT,RETURNED,8,8,0.4320483169999534,44.3671875,worker_high_water,201,1144,9,assignment_at_greedy_UB,,,False,,gurobi_incumbent,gurobi_optimal,2,0.42657554699997036
ER_20_p0.15_seed0__h2_k1__r1__gurobi,ER_20_p0.15_seed0,ER,2,1,1,0,gurobi,20,23,7,,30.0,OPT,RETURNED,8,8,0.4300973630000726,45.3515625,worker_high_water,201,1144,9,assignment_at_greedy_UB,,,False,,gurobi_incumbent,gurobi_optimal,2,0.42321154800004024
ER_20_p0.15_seed0__h2_k1__r1__cadical,ER_20_p0.15_seed0,ER,2,1,1,1,cadical,20,23,7,,30.0,OPT,RETURNED,8,8,0.34938808000003974,35.42578125,worker_high_water,160,1129,8,last_sat_witness,93,2,True,,sat,elementary,1,0.34534768200001054
ER_20_p0.15_seed0__h2_k1__r2__cadical,ER_20_p0.15_seed0,ER,2,1,2,0,cadical,20,23,7,,30.0,OPT,RETURNED,8,8,0.34559990599996127,35.484375,worker_high_water,160,1129,8,last_sat_witness,93,2,True,,sat,elementary,1,0.3415884469999355
ER_20_p0.15_seed0__h2_k1__r2__gurobi,ER_20_p0.15_seed0,ER,2,1,2,1,gurobi,20,23,7,,30.0,OPT,RETURNED,8,8,0.42862108599990734,44.3828125,worker_high_water,201,1144,9,assignment_at_greedy_UB,,,False,,gurobi_incumbent,gurobi_optimal,2,0.42232037099995523
ER_20_p0.15_seed0__h3_k2__r0__cadical,ER_20_p0.15_seed0,ER,3,2,0,0,cadical,20,23,7,,30.0,OPT,RETURNED,15,15,0.5364040049998948,39.05078125,worker_high_water,300,4098,15,last_sat_witness,445,68,True,,sat,elementary,2,0.5287310159999379
ER_20_p0.15_seed0__h3_k2__r0__gurobi,ER_20_p0.15_seed0,ER,3,2,0,1,gurobi,20,23,7,,30.0,OPT,RETURNED,15,15,0.6442689659999132,48.9609375,worker_high_water,381,4617,18,assignment_at_greedy_UB,,,False,,gurobi_incumbent,gurobi_optimal,4,0.6363601009999229
ER_20_p0.15_seed0__h3_k2__r1__gurobi,ER_20_p0.15_seed0,ER,3,2,1,0,gurobi,20,23,7,,30.0,OPT,RETURNED,15,15,0.6184287570000606,48.73046875,worker_high_water,381,4617,18,assignment_at_greedy_UB,,,False,,gurobi_incumbent,gurobi_optimal,4,0.6108374880000156
ER_20_p0.15_seed0__h3_k2__r1__cadical,ER_20_p0.15_seed0,ER,3,2,1,1,cadical,20,23,7,,30.0,OPT,RETURNED,15,15,0.3999877969999943,40.42578125,worker_high_water,300,4098,15,last_sat_witness,445,68,True,,sat,elementary,2,0.3954800899999782
ER_20_p0.15_seed0__h3_k2__r2__cadical,ER_20_p0.15_seed0,ER,3,2,2,0,cadical,20,23,7,,30.0,OPT,RETURNED,15,15,0.4031394090000049,39.8359375,worker_high_water,300,4098,15,last_sat_witness,445,68,True,,sat,elementary,2,0.3988798330000236
ER_20_p0.15_seed0__h3_k2__r2__gurobi,ER_20_p0.15_seed0,ER,3,2,2,1,gurobi,20,23,7,,30.0,OPT,RETURNED,15,15,0.6208678279999731,48.91015625,worker_high_water,381,4617,18,assignment_at_greedy_UB,,,False,,gurobi_incumbent,gurobi_optimal,4,0.6133588120000013
ER_20_p0.15_seed1__h1_k1__r0__gurobi,ER_20_p0.15_seed1,ER,1,1,0,0,gurobi,20,28,7,,30.0,OPT,RETURNED,7,7,0.4085759810000127,42.828125,worker_high_water,161,744,7,assignment_at_greedy_UB,,,False,,greedy,gurobi_optimal,2,0.4033412829999179
ER_20_p0.15_seed1__h1_k1__r0__cadical,ER_20_p0.15_seed1,ER,1,1,0,1,cadical,20,28,7,,30.0,OPT,RETURNED,7,7,0.34122624899998755,33.9921875,worker_high_water,,,,last_sat_witness,0,0,True,,greedy,elementary,0,
ER_20_p0.15_seed1__h1_k1__r1__cadical,ER_20_p0.15_seed1,ER,1,1,1,0,cadical,20,28,7,,30.0,OPT,RETURNED,7,7,0.3425902750000205,33.86328125,worker_high_water,,,,last_sat_witness,0,0,True,,greedy,elementary,0,
ER_20_p0.15_seed1__h1_k1__r1__gurobi,ER_20_p0.15_seed1,ER,1,1,1,1,gurobi,20,28,7,,30.0,OPT,RETURNED,7,7,0.582955527000081,42.76953125,worker_high_water,161,744,7,assignment_at_greedy_UB,,,False,,greedy,gurobi_optimal,2,0.577461023000069
ER_20_p0.15_seed1__h1_k1__r2__gurobi,ER_20_p0.15_seed1,ER,1,1,2,0,gurobi,20,28,7,,30.0,OPT,RETURNED,7,7,0.4061241009999321,42.86328125,worker_high_water,161,744,7,assignment_at_greedy_UB,,,False,,greedy,gurobi_optimal,2,0.4006025429999909
ER_20_p0.15_seed1__h1_k1__r2__cadical,ER_20_p0.15_seed1,ER,1,1,2,1,cadical,20,28,7,,30.0,OPT,RETURNED,7,7,0.3570930710000084,34.78515625,worker_high_water,,,,last_sat_witness,0,0,True,,greedy,elementary,0,
ER_20_p0.15_seed1__h2_k1__r0__gurobi,ER_20_p0.15_seed1,ER,2,1,0,0,gurobi,20,28,7,,30.0,OPT,RETURNED,8,8,0.4491246020000972,45.44921875,worker_high_water,221,1568,10,assignment_at_greedy_UB,,,False,,gurobi_incumbent,gurobi_optimal,3,0.4430093930000112
ER_20_p0.15_seed1__h2_k1__r0__cadical,ER_20_p0.15_seed1,ER,2,1,0,1,cadical,20,28,7,,30.0,OPT,RETURNED,8,8,0.3629997100000537,35.9296875,worker_high_water,160,1380,8,last_sat_witness,140,75,True,,sat,elementary,2,0.3588712560000431
ER_20_p0.15_seed1__h2_k1__r1__cadical,ER_20_p0.15_seed1,ER,2,1,1,0,cadical,20,28,7,,30.0,OPT,RETURNED,8,8,0.37055443100007324,36.26171875,worker_high_water,160,1380,8,last_sat_witness,140,75,True,,sat,elementary,2,0.3656164679999847
ER_20_p0.15_seed1__h2_k1__r1__gurobi,ER_20_p0.15_seed1,ER,2,1,1,1,gurobi,20,28,7,,30.0,OPT,RETURNED,8,8,0.4570834930000274,45.45703125,worker_high_water,221,1568,10,assignment_at_greedy_UB,,,False,,gurobi_incumbent,gurobi_optimal,3,0.4512093220000679
ER_20_p0.15_seed1__h2_k1__r2__gurobi,ER_20_p0.15_seed1,ER,2,1,2,0,gurobi,20,28,7,,30.0,OPT,RETURNED,8,8,0.44826571399994464,45.74609375,worker_high_water,221,1568,10,assignment_at_greedy_UB,,,False,,gurobi_incumbent,gurobi_optimal,3,0.44159830799992505
ER_20_p0.15_seed1__h2_k1__r2__cadical,ER_20_p0.15_seed1,ER,2,1,2,1,cadical,20,28,7,,30.0,OPT,RETURNED,8,8,0.36553919600009976,35.859375,worker_high_water,160,1380,8,last_sat_witness,140,75,True,,sat,elementary,2,0.36138714800006255
ER_20_p0.15_seed1__h3_k2__r0__gurobi,ER_20_p0.15_seed1,ER,3,2,0,0,gurobi,20,28,7,,30.0,OPT,RETURNED,15,15,1.044168433999971,54.4921875,worker_high_water,421,6472,20,assignment_at_greedy_UB,,,False,,gurobi_incumbent,gurobi_optimal,4,1.0328957609999634
ER_20_p0.15_seed1__h3_k2__r0__cadical,ER_20_p0.15_seed1,ER,3,2,0,1,cadical,20,28,7,,30.0,OPT,RETURNED,15,15,0.4735794040000201,42.9921875,worker_high_water,300,5112,15,last_sat_witness,849,283,True,,sat,elementary,3,0.4689578890000803
ER_20_p0.15_seed1__h3_k2__r1__cadical,ER_20_p0.15_seed1,ER,3,2,1,0,cadical,20,28,7,,30.0,OPT,RETURNED,15,15,0.45377192499995544,41.7890625,worker_high_water,300,5112,15,last_sat_witness,849,283,True,,sat,elementary,3,0.4491502619999892
ER_20_p0.15_seed1__h3_k2__r1__gurobi,ER_20_p0.15_seed1,ER,3,2,1,1,gurobi,20,28,7,,30.0,OPT,RETURNED,15,15,0.9281768869999496,53.80859375,worker_high_water,421,6472,20,assignment_at_greedy_UB,,,False,,gurobi_incumbent,gurobi_optimal,4,0.9191343889999644
ER_20_p0.15_seed1__h3_k2__r2__gurobi,ER_20_p0.15_seed1,ER,3,2,2,0,gurobi,20,28,7,,30.0,OPT,RETURNED,15,15,0.9282596449999119,54.38671875,worker_high_water,421,6472,20,assignment_at_greedy_UB,,,False,,gurobi_incumbent,gurobi_optimal,4,0.9174378110000134
ER_20_p0.15_seed1__h3_k2__r2__cadical,ER_20_p0.15_seed1,ER,3,2,2,1,cadical,20,28,7,,30.0,OPT,RETURNED,15,15,0.47422679700002845,42.3359375,worker_high_water,300,5112,15,last_sat_witness,849,283,True,,sat,elementary,3,0.46935111200002666
ER_20_p0.15_seed2__h1_k1__r0__cadical,ER_20_p0.15_seed2,ER,1,1,0,0,cadical,20,29,6,,30.0,OPT,RETURNED,6,6,0.3476233129999855,34.96484375,worker_high_water,120,681,6,last_sat_witness,63,19,True,,sat,elementary,1,0.343178648999924
ER_20_p0.15_seed2__h1_k1__r0__gurobi,ER_20_p0.15_seed2,ER,1,1,0,1,gurobi,20,29,6,,30.0,OPT,RETURNED,6,6,0.42223218800006634,44.6953125,worker_high_water,161,704,7,assignment_at_greedy_UB,,,False,,gurobi_incumbent,gurobi_optimal,2,0.41632220799999686
ER_20_p0.15_seed2__h1_k1__r1__gurobi,ER_20_p0.15_seed2,ER,1,1,1,0,gurobi,20,29,6,,30.0,OPT,RETURNED,6,6,0.42974515900004917,44.578125,worker_high_water,161,704,7,assignment_at_greedy_UB,,,False,,gurobi_incumbent,gurobi_optimal,2,0.42293672000005245
ER_20_p0.15_seed2__h1_k1__r1__cadical,ER_20_p0.15_seed2,ER,1,1,1,1,cadical,20,29,6,,30.0,OPT,RETURNED,6,6,0.4697332580000193,34.859375,worker_high_water,120,681,6,last_sat_witness,63,19,True,,sat,elementary,1,0.46571025599996574
ER_20_p0.15_seed2__h1_k1__r2__cadical,ER_20_p0.15_seed2,ER,1,1,2,0,cadical,20,29,6,,30.0,OPT,RETURNED,6,6,0.3435727160000397,34.96875,worker_high_water,120,681,6,last_sat_witness,63,19,True,,sat,elementary,1,0.33966907800004265
ER_20_p0.15_seed2__h1_k1__r2__gurobi,ER_20_p0.15_seed2,ER,1,1,2,1,gurobi,20,29,6,,30.0,OPT,RETURNED,6,6,0.4248000669999783,44.48046875,worker_high_water,161,704,7,assignment_at_greedy_UB,,,False,,gurobi_incumbent,gurobi_optimal,2,0.41815280900004836
ER_20_p0.15_seed2__h2_k1__r0__cadical,ER_20_p0.15_seed2,ER,2,1,0,0,cadical,20,29,6,,30.0,OPT,RETURNED,7,7,0.37631292899993696,35.83984375,worker_high_water,140,1190,7,last_sat_witness,333,154,True,,sat,elementary,2,0.372291718999918
ER_20_p0.15_seed2__h2_k1__r0__gurobi,ER_20_p0.15_seed2,ER,2,1,0,1,gurobi,20,29,6,,30.0,OPT,RETURNED,7,7,0.5748875250000083,47.8203125,worker_high_water,221,1533,10,assignment_at_greedy_UB,,,False,,gurobi_incumbent,gurobi_optimal,4,0.5685556509999969
ER_20_p0.15_seed2__h2_k1__r1__gurobi,ER_20_p0.15_seed2,ER,2,1,1,0,gurobi,20,29,6,,30.0,OPT,RETURNED,7,7,1.5462365329999557,51.35546875,worker_high_water,221,1533,10,assignment_at_greedy_UB,,,False,,gurobi_incumbent,gurobi_optimal,4,1.5386774769999647
ER_20_p0.15_seed2__h2_k1__r1__cadical,ER_20_p0.15_seed2,ER,2,1,1,1,cadical,20,29,6,,30.0,OPT,RETURNED,7,7,0.3877838660000634,35.875,worker_high_water,140,1190,7,last_sat_witness,333,154,True,,sat,elementary,2,0.38361931800000093
ER_20_p0.15_seed2__h2_k1__r2__cadical,ER_20_p0.15_seed2,ER,2,1,2,0,cadical,20,29,6,,30.0,OPT,RETURNED,7,7,0.3585389910000458,35.9765625,worker_high_water,140,1190,7,last_sat_witness,333,154,True,,sat,elementary,2,0.35444503300004726
ER_20_p0.15_seed2__h2_k1__r2__gurobi,ER_20_p0.15_seed2,ER,2,1,2,1,gurobi,20,29,6,,30.0,OPT,RETURNED,7,7,0.5767410990000599,48.04296875,worker_high_water,221,1533,10,assignment_at_greedy_UB,,,False,,gurobi_incumbent,gurobi_optimal,4,0.5702338920000329
ER_20_p0.15_seed2__h3_k2__r0__cadical,ER_20_p0.15_seed2,ER,3,2,0,0,cadical,20,29,6,,30.0,OPT,RETURNED,14,14,0.5362017549999791,41.765625,worker_high_water,280,4583,14,last_sat_witness,8048,5240,True,,sat,sat_unsat,3,0.5282309680000026
ER_20_p0.15_seed2__h3_k2__r0__gurobi,ER_20_p0.15_seed2,ER,3,2,0,1,gurobi,20,29,6,,30.0,OPT,RETURNED,14,14,2.7234228790000543,57.515625,worker_high_water,441,6512,21,assignment_at_greedy_UB,,,False,,gurobi_incumbent,gurobi_optimal,3,2.713885299000026
ER_20_p0.15_seed2__h3_k2__r1__gurobi,ER_20_p0.15_seed2,ER,3,2,1,0,gurobi,20,29,6,,30.0,OPT,RETURNED,14,14,2.9008960879999677,57.984375,worker_high_water,441,6512,21,assignment_at_greedy_UB,,,False,,gurobi_incumbent,gurobi_optimal,3,2.891213439000012
ER_20_p0.15_seed2__h3_k2__r1__cadical,ER_20_p0.15_seed2,ER,3,2,1,1,cadical,20,29,6,,30.0,OPT,RETURNED,14,14,0.5566757280000729,41.98828125,worker_high_water,280,4583,14,last_sat_witness,8048,5240,True,,sat,sat_unsat,3,0.5519229000000223
ER_20_p0.15_seed2__h3_k2__r2__cadical,ER_20_p0.15_seed2,ER,3,2,2,0,cadical,20,29,6,,30.0,OPT,RETURNED,14,14,0.5660806070000035,41.63671875,worker_high_water,280,4583,14,last_sat_witness,8048,5240,True,,sat,sat_unsat,3,0.5588931150000462
ER_20_p0.15_seed2__h3_k2__r2__gurobi,ER_20_p0.15_seed2,ER,3,2,2,1,gurobi,20,29,6,,30.0,OPT,RETURNED,14,14,2.7819185360000347,57.6171875,worker_high_water,441,6512,21,assignment_at_greedy_UB,,,False,,gurobi_incumbent,gurobi_optimal,3,2.771994921999976
ER_20_p0.30_seed0__h1_k1__r0__gurobi,ER_20_p0.30_seed0,ER,1,1,0,0,gurobi,20,51,9,,30.0,OPT,RETURNED,11,11,0.46572162400002526,44.2265625,worker_high_water,241,1840,11,assignment_at_greedy_UB,,,False,,greedy,gurobi_optimal,2,0.45941824700003053
ER_20_p0.30_seed0__h1_k1__r0__cadical,ER_20_p0.30_seed0,ER,1,1,0,1,cadical,20,51,9,,30.0,OPT,RETURNED,11,11,1.2664050959999713,43.92578125,worker_high_water,,,,last_sat_witness,75657,48291,True,,greedy,sat_unsat,1,1.2612240949999887
ER_20_p0.30_seed0__h1_k1__r1__cadical,ER_20_p0.30_seed0,ER,1,1,1,0,cadical,20,51,9,,30.0,OPT,RETURNED,11,11,1.451332574999924,43.87109375,worker_high_water,,,,last_sat_witness,75657,48291,True,,greedy,sat_unsat,1,1.4465829419999636
ER_20_p0.30_seed0__h1_k1__r1__gurobi,ER_20_p0.30_seed0,ER,1,1,1,1,gurobi,20,51,9,,30.0,OPT,RETURNED,11,11,0.495410960000072,44.30078125,worker_high_water,241,1840,11,assignment_at_greedy_UB,,,False,,greedy,gurobi_optimal,2,0.48939562000009573
ER_20_p0.30_seed0__h1_k1__r2__gurobi,ER_20_p0.30_seed0,ER,1,1,2,0,gurobi,20,51,9,,30.0,OPT,RETURNED,11,11,0.4547140419999778,44.4140625,worker_high_water,241,1840,11,assignment_at_greedy_UB,,,False,,greedy,gurobi_optimal,2,0.44836246799991386
ER_20_p0.30_seed0__h1_k1__r2__cadical,ER_20_p0.30_seed0,ER,1,1,2,1,cadical,20,51,9,,30.0,OPT,RETURNED,11,11,1.2613395969999601,43.52734375,worker_high_water,,,,last_sat_witness,75657,48291,True,,greedy,sat_unsat,1,1.2559558099999322
ER_20_p0.30_seed0__h2_k1__r0__gurobi,ER_20_p0.30_seed0,ER,2,1,0,0,gurobi,20,51,9,,30.0,OPT,RETURNED,11,11,0.8967494219999708,52.75,worker_high_water,341,4222,16,assignment_at_greedy_UB,,,False,,gurobi_incumbent,gurobi_optimal,6,0.8879073560000279
ER_20_p0.30_seed0__h2_k1__r0__cadical,ER_20_p0.30_seed0,ER,2,1,0,1,cadical,20,51,9,,30.0,OPT,RETURNED,11,11,0.9030826729999717,42.60546875,worker_high_water,220,3122,11,last_sat_witness,30429,20601,True,,sat,sat_unsat,3,0.8976447649999955
ER_20_p0.30_seed0__h2_k1__r1__cadical,ER_20_p0.30_seed0,ER,2,1,1,0,cadical,20,51,9,,30.0,OPT,RETURNED,11,11,0.9996377710000388,42.35546875,worker_high_water,220,3122,11,last_sat_witness,30429,20601,True,,sat,sat_unsat,3,0.994867566000039
ER_20_p0.30_seed0__h2_k1__r1__gurobi,ER_20_p0.30_seed0,ER,2,1,1,1,gurobi,20,51,9,,30.0,OPT,RETURNED,11,11,0.9421619010000768,52.43359375,worker_high_water,341,4222,16,assignment_at_greedy_UB,,,False,,gurobi_incumbent,gurobi_optimal,6,0.9315393660000382
ER_20_p0.30_seed0__h2_k1__r2__gurobi,ER_20_p0.30_seed0,ER,2,1,2,0,gurobi,20,51,9,,30.0,OPT,RETURNED,11,11,0.8945784910000611,52.49609375,worker_high_water,341,4222,16,assignment_at_greedy_UB,,,False,,gurobi_incumbent,gurobi_optimal,6,0.8864633740000727
ER_20_p0.30_seed0__h2_k1__r2__cadical,ER_20_p0.30_seed0,ER,2,1,2,1,cadical,20,51,9,,30.0,OPT,RETURNED,11,11,0.8825091449999718,42.3203125,worker_high_water,220,3122,11,last_sat_witness,30429,20601,True,,sat,sat_unsat,3,0.8773707130000048
ER_20_p0.30_seed0__h3_k2__r0__gurobi,ER_20_p0.30_seed0,ER,3,2,0,0,gurobi,20,51,9,,30.0,OPT,RETURNED,22,22,7.672383777999926,73.78125,worker_high_water,641,17200,31,assignment_at_greedy_UB,,,False,,gurobi_incumbent,gurobi_optimal,10,7.656172985000012
ER_20_p0.30_seed0__h3_k2__r0__cadical,ER_20_p0.30_seed0,ER,3,2,0,1,cadical,20,51,9,,30.0,OPT,RETURNED,22,22,15.340358610000067,66.515625,worker_high_water,440,12612,22,last_sat_witness,466320,272025,True,,sat,sat_unsat,4,15.333948985999996
ER_20_p0.30_seed0__h3_k2__r1__cadical,ER_20_p0.30_seed0,ER,3,2,1,0,cadical,20,51,9,,30.0,OPT,RETURNED,22,22,16.10904667500006,67.1484375,worker_high_water,440,12612,22,last_sat_witness,466320,272025,True,,sat,sat_unsat,4,16.102667877000044
ER_20_p0.30_seed0__h3_k2__r1__gurobi,ER_20_p0.30_seed0,ER,3,2,1,1,gurobi,20,51,9,,30.0,FEASIBLE,RETURNED,26,19,4.223082016000035,75.41015625,worker_high_water,641,17200,31,assignment_at_greedy_UB,,,False,,gurobi_incumbent,elementary,2,1.6410198459999492
ER_20_p0.30_seed0__h3_k2__r2__gurobi,ER_20_p0.30_seed0,ER,3,2,2,0,gurobi,20,51,9,,30.0,OPT,RETURNED,22,22,12.848832714999958,74.96875,worker_high_water,641,17200,31,assignment_at_greedy_UB,,,False,,gurobi_incumbent,gurobi_optimal,10,12.833788929999969
ER_20_p0.30_seed0__h3_k2__r2__cadical,ER_20_p0.30_seed0,ER,3,2,2,1,cadical,20,51,9,,30.0,OPT,RETURNED,22,22,21.617098870000063,66.46484375,worker_high_water,440,12612,22,last_sat_witness,466320,272025,True,,sat,sat_unsat,4,21.60340140599999
ER_20_p0.30_seed1__h1_k1__r0__cadical,ER_20_p0.30_seed1,ER,1,1,0,0,cadical,20,58,11,,30.0,FEASIBLE,WALL_TIMEOUT,14,11,30.008621523999977,,not_observed,,,,last_sat_witness,,,False,,greedy,elementary,0,
ER_20_p0.30_seed1__h1_k1__r0__gurobi,ER_20_p0.30_seed1,ER,1,1,0,1,gurobi,20,58,11,,30.0,OPT,RETURNED,13,13,0.9895191919999888,46.76953125,worker_high_water,301,2605,14,assignment_at_greedy_UB,,,False,,gurobi_incumbent,gurobi_optimal,3,0.9785813469998175
ER_20_p0.30_seed1__h1_k1__r1__gurobi,ER_20_p0.30_seed1,ER,1,1,1,0,gurobi,20,58,11,,30.0,OPT,RETURNED,13,13,0.5826602619999903,46.8671875,worker_high_water,301,2605,14,assignment_at_greedy_UB,,,False,,gurobi_incumbent,gurobi_optimal,3,0.5757042770001135
ER_20_p0.30_seed1__h1_k1__r1__cadical,ER_20_p0.30_seed1,ER,1,1,1,1,cadical,20,58,11,,30.0,FEASIBLE,WALL_TIMEOUT,14,11,30.005895920000057,,not_observed,,,,last_sat_witness,,,False,,greedy,elementary,0,
ER_20_p0.30_seed1__h1_k1__r2__cadical,ER_20_p0.30_seed1,ER,1,1,2,0,cadical,20,58,11,,30.0,OPT,RETURNED,13,13,28.42402985600006,61.171875,worker_high_water,260,2634,13,last_sat_witness,1123843,852224,True,,sat,sat_unsat,2,28.409823461000087
ER_20_p0.30_seed1__h1_k1__r2__gurobi,ER_20_p0.30_seed1,ER,1,1,2,1,gurobi,20,58,11,,30.0,FEASIBLE,WALL_TIMEOUT,14,11,30.0060263339999,,not_observed,,,,assignment_at_greedy_UB,,,False,,greedy,elementary,0,
ER_20_p0.30_seed1__h2_k1__r0__cadical,ER_20_p0.30_seed1,ER,2,1,0,0,cadical,20,58,11,,30.0,OPT,RETURNED,13,13,7.004180447999943,54.62109375,worker_high_water,260,4142,13,last_sat_witness,218013,146081,True,,sat,sat_unsat,3,6.997451317000014
ER_20_p0.30_seed1__h2_k1__r0__gurobi,ER_20_p0.30_seed1,ER,2,1,0,1,gurobi,20,58,11,,30.0,FEASIBLE,WALL_TIMEOUT,18,12,30.00553012799992,,not_observed,,,,assignment_at_greedy_UB,,,False,,greedy,elementary,0,
ER_20_p0.30_seed1__h2_k1__r1__gurobi,ER_20_p0.30_seed1,ER,2,1,1,0,gurobi,20,58,11,,30.0,OPT,RETURNED,13,13,12.365077461000055,57.390625,worker_high_water,381,5377,18,assignment_at_greedy_UB,,,False,,gurobi_incumbent,gurobi_optimal,4,12.355805111000109
ER_20_p0.30_seed1__h2_k1__r1__cadical,ER_20_p0.30_seed1,ER,2,1,1,1,cadical,20,58,11,,30.0,OPT,RETURNED,13,13,6.81774276200008,53.3359375,worker_high_water,260,4142,13,last_sat_witness,218013,146081,True,,sat,sat_unsat,3,6.8115598890001365
ER_20_p0.30_seed1__h2_k1__r2__cadical,ER_20_p0.30_seed1,ER,2,1,2,0,cadical,20,58,11,,30.0,OPT,RETURNED,13,13,6.6717927009999585,54.52734375,worker_high_water,260,4142,13,last_sat_witness,218013,146081,True,,sat,sat_unsat,3,6.665617381999937
ER_20_p0.30_seed1__h2_k1__r2__gurobi,ER_20_p0.30_seed1,ER,2,1,2,1,gurobi,20,58,11,,30.0,OPT,RETURNED,13,13,1.0377515889999813,53.890625,worker_high_water,381,5377,18,assignment_at_greedy_UB,,,False,,gurobi_incumbent,gurobi_optimal,4,1.0284744420000607
ER_20_p0.30_seed1__h3_k2__r0__cadical,ER_20_p0.30_seed1,ER,3,2,0,0,cadical,20,58,11,,30.0,FEASIBLE,WALL_TIMEOUT,26,23,30.005915647999927,,not_observed,520,16909,26,last_sat_witness,66444,29844,False,,sat,elementary,2,1.8847358969999277
ER_20_p0.30_seed1__h3_k2__r0__gurobi,ER_20_p0.30_seed1,ER,3,2,0,1,gurobi,20,58,11,,30.0,OPT,RETURNED,26,26,8.730623549000029,78.34375,worker_high_water,721,22110,35,assignment_at_greedy_UB,,,False,,gurobi_incumbent,gurobi_optimal,12,8.714538047000133
ER_20_p0.30_seed1__h3_k2__r1__gurobi,ER_20_p0.30_seed1,ER,3,2,1,0,gurobi,20,58,11,,30.0,OPT,RETURNED,26,26,8.579391120999844,78.44140625,worker_high_water,721,22110,35,assignment_at_greedy_UB,,,False,,gurobi_incumbent,gurobi_optimal,12,8.56170013399992
ER_20_p0.30_seed1__h3_k2__r1__cadical,ER_20_p0.30_seed1,ER,3,2,1,1,cadical,20,58,11,,30.0,FEASIBLE,WALL_TIMEOUT,26,23,30.007618755000067,,not_observed,520,16909,26,last_sat_witness,66444,29844,False,,sat,elementary,2,1.939190986000085
ER_20_p0.30_seed1__h3_k2__r2__cadical,ER_20_p0.30_seed1,ER,3,2,2,0,cadical,20,58,11,,30.0,FEASIBLE,WALL_TIMEOUT,26,23,30.00735141999985,,not_observed,520,16909,26,last_sat_witness,66444,29844,False,,sat,elementary,2,1.7099254810000275
ER_20_p0.30_seed1__h3_k2__r2__gurobi,ER_20_p0.30_seed1,ER,3,2,2,1,gurobi,20,58,11,,30.0,OPT,RETURNED,26,26,8.658130004999975,82.23828125,worker_high_water,721,22110,35,assignment_at_greedy_UB,,,False,,gurobi_incumbent,gurobi_optimal,12,8.640828843999998
ER_20_p0.30_seed2__h1_k1__r0__gurobi,ER_20_p0.30_seed2,ER,1,1,0,0,gurobi,20,59,10,,30.0,OPT,RETURNED,13,13,0.4706632239999635,44.375,worker_high_water,281,2322,13,assignment_at_greedy_UB,,,False,,greedy,gurobi_optimal,2,0.46462810999992143
ER_20_p0.30_seed2__h1_k1__r0__cadical,ER_20_p0.30_seed2,ER,1,1,0,1,cadical,20,59,10,,30.0,OPT,RETURNED,13,13,13.090410124000073,52.05078125,worker_high_water,,,,last_sat_witness,746750,523252,True,,greedy,sat_unsat,2,13.085549058000197
ER_20_p0.30_seed2__h1_k1__r1__cadical,ER_20_p0.30_seed2,ER,1,1,1,0,cadical,20,59,10,,30.0,OPT,RETURNED,13,13,13.125473376999935,52.8359375,worker_high_water,,,,last_sat_witness,746750,523252,True,,greedy,sat_unsat,2,13.120272286000045
ER_20_p0.30_seed2__h1_k1__r1__gurobi,ER_20_p0.30_seed2,ER,1,1,1,1,gurobi,20,59,10,,30.0,OPT,RETURNED,13,13,0.47451361599996744,44.859375,worker_high_water,281,2322,13,assignment_at_greedy_UB,,,False,,greedy,gurobi_optimal,2,0.4684710029998769
ER_20_p0.30_seed2__h1_k1__r2__gurobi,ER_20_p0.30_seed2,ER,1,1,2,0,gurobi,20,59,10,,30.0,OPT,RETURNED,13,13,0.5749405950000437,44.80859375,worker_high_water,281,2322,13,assignment_at_greedy_UB,,,False,,greedy,gurobi_optimal,2,0.5682349910000539
ER_20_p0.30_seed2__h1_k1__r2__cadical,ER_20_p0.30_seed2,ER,1,1,2,1,cadical,20,59,10,,30.0,OPT,RETURNED,13,13,13.141342889000043,53.29296875,worker_high_water,,,,last_sat_witness,746750,523252,True,,greedy,sat_unsat,2,13.136027301000013
ER_20_p0.30_seed2__h2_k1__r0__gurobi,ER_20_p0.30_seed2,ER,2,1,0,0,gurobi,20,59,10,,30.0,OPT,RETURNED,13,13,0.7246096750000106,49.19921875,worker_high_water,321,4418,15,assignment_at_greedy_UB,,,False,,gurobi_incumbent,gurobi_optimal,4,0.7169184070000938
ER_20_p0.30_seed2__h2_k1__r0__cadical,ER_20_p0.30_seed2,ER,2,1,0,1,cadical,20,59,10,,30.0,OPT,RETURNED,13,13,7.20622410399983,52.9765625,worker_high_water,260,4056,13,last_sat_witness,247774,158737,True,,sat,sat_unsat,2,7.2010863159998735
ER_20_p0.30_seed2__h2_k1__r1__cadical,ER_20_p0.30_seed2,ER,2,1,1,0,cadical,20,59,10,,30.0,OPT,RETURNED,13,13,7.314397711000083,52.91796875,worker_high_water,260,4056,13,last_sat_witness,247774,158737,True,,sat,sat_unsat,2,7.309294450000152
ER_20_p0.30_seed2__h2_k1__r1__gurobi,ER_20_p0.30_seed2,ER,2,1,1,1,gurobi,20,59,10,,30.0,OPT,RETURNED,13,13,0.7404212589999588,49.16015625,worker_high_water,321,4418,15,assignment_at_greedy_UB,,,False,,gurobi_incumbent,gurobi_optimal,4,0.7327732670000842
ER_20_p0.30_seed2__h2_k1__r2__gurobi,ER_20_p0.30_seed2,ER,2,1,2,0,gurobi,20,59,10,,30.0,OPT,RETURNED,13,13,0.7182899580000139,48.88671875,worker_high_water,321,4418,15,assignment_at_greedy_UB,,,False,,gurobi_incumbent,gurobi_optimal,4,0.7109608130001561
ER_20_p0.30_seed2__h2_k1__r2__cadical,ER_20_p0.30_seed2,ER,2,1,2,1,cadical,20,59,10,,30.0,OPT,RETURNED,13,13,7.007237735999979,52.12890625,worker_high_water,260,4056,13,last_sat_witness,247774,158737,True,,sat,sat_unsat,2,7.0019807040000615
ER_20_p0.30_seed2__h3_k2__r0__gurobi,ER_20_p0.30_seed2,ER,3,2,0,0,gurobi,20,59,10,,30.0,OPT,RETURNED,26,26,3.923515562000148,68.30859375,worker_high_water,701,20723,34,assignment_at_greedy_UB,,,False,,gurobi_incumbent,gurobi_optimal,8,3.9084806560001653
ER_20_p0.30_seed2__h3_k2__r0__cadical,ER_20_p0.30_seed2,ER,3,2,0,1,cadical,20,59,10,,30.0,FEASIBLE,WALL_TIMEOUT,27,21,30.007892929000036,,not_observed,540,16954,27,last_sat_witness,7400,3514,False,,sat,elementary,1,0.5580729400001019
ER_20_p0.30_seed2__h3_k2__r1__cadical,ER_20_p0.30_seed2,ER,3,2,1,0,cadical,20,59,10,,30.0,FEASIBLE,WALL_TIMEOUT,27,21,30.006200498999988,,not_observed,540,16954,27,last_sat_witness,7400,3514,False,,sat,elementary,1,0.5678960600000664
ER_20_p0.30_seed2__h3_k2__r1__gurobi,ER_20_p0.30_seed2,ER,3,2,1,1,gurobi,20,59,10,,30.0,OPT,RETURNED,26,26,3.940717374000087,67.671875,worker_high_water,701,20723,34,assignment_at_greedy_UB,,,False,,gurobi_incumbent,gurobi_optimal,8,3.925666278000108
ER_20_p0.30_seed2__h3_k2__r2__gurobi,ER_20_p0.30_seed2,ER,3,2,2,0,gurobi,20,59,10,,30.0,OPT,RETURNED,26,26,3.966572102999862,67.6328125,worker_high_water,701,20723,34,assignment_at_greedy_UB,,,False,,gurobi_incumbent,gurobi_optimal,8,3.952021043999821
ER_20_p0.30_seed2__h3_k2__r2__cadical,ER_20_p0.30_seed2,ER,3,2,2,1,cadical,20,59,10,,30.0,FEASIBLE,WALL_TIMEOUT,27,21,30.008367376000024,,not_observed,540,16954,27,last_sat_witness,7400,3514,False,,sat,elementary,1,0.5859778770000048
BA_20_m2_seed0__h1_k1__r0__cadical,BA_20_m2_seed0,BA,1,1,0,0,cadical,20,36,12,,30.0,OPT,RETURNED,12,12,0.3702225909999015,34.04296875,worker_high_water,,,,last_sat_witness,0,0,True,,greedy,elementary,0,
BA_20_m2_seed0__h1_k1__r0__gurobi,BA_20_m2_seed0,BA,1,1,0,1,gurobi,20,36,12,,30.0,OPT,RETURNED,12,12,1.1862814080000135,47.72265625,worker_high_water,261,1782,12,assignment_at_greedy_UB,,,False,,greedy,gurobi_optimal,2,1.177979872999913
BA_20_m2_seed0__h1_k1__r1__gurobi,BA_20_m2_seed0,BA,1,1,1,0,gurobi,20,36,12,,30.0,OPT,RETURNED,12,12,0.658632617999956,44.20703125,worker_high_water,261,1782,12,assignment_at_greedy_UB,,,False,,greedy,gurobi_optimal,2,0.6521064589999241
BA_20_m2_seed0__h1_k1__r1__cadical,BA_20_m2_seed0,BA,1,1,1,1,cadical,20,36,12,,30.0,OPT,RETURNED,12,12,0.36762901400015835,33.80859375,worker_high_water,,,,last_sat_witness,0,0,True,,greedy,elementary,0,
BA_20_m2_seed0__h1_k1__r2__cadical,BA_20_m2_seed0,BA,1,1,2,0,cadical,20,36,12,,30.0,OPT,RETURNED,12,12,0.3490595360001407,34.00390625,worker_high_water,,,,last_sat_witness,0,0,True,,greedy,elementary,0,
BA_20_m2_seed0__h1_k1__r2__gurobi,BA_20_m2_seed0,BA,1,1,2,1,gurobi,20,36,12,,30.0,OPT,RETURNED,12,12,0.4374048629999834,44.33984375,worker_high_water,261,1782,12,assignment_at_greedy_UB,,,False,,greedy,gurobi_optimal,2,0.4312459999998737
BA_20_m2_seed0__h2_k1__r0__cadical,BA_20_m2_seed0,BA,2,1,0,0,cadical,20,36,12,,30.0,OPT,RETURNED,13,13,0.3694047840001531,37.06640625,worker_high_water,260,3052,13,last_sat_witness,182,44,True,,sat,elementary,1,0.36461175800013734
BA_20_m2_seed0__h2_k1__r0__gurobi,BA_20_m2_seed0,BA,2,1,0,1,gurobi,20,36,12,,30.0,OPT,RETURNED,13,13,0.5224437009999292,47.58203125,worker_high_water,301,3058,14,assignment_at_greedy_UB,,,False,,gurobi_incumbent,gurobi_optimal,2,0.5157224879999376
BA_20_m2_seed0__h2_k1__r1__gurobi,BA_20_m2_seed0,BA,2,1,1,0,gurobi,20,36,12,,30.0,OPT,RETURNED,13,13,0.6613732130001608,47.0546875,worker_high_water,301,3058,14,assignment_at_greedy_UB,,,False,,gurobi_incumbent,gurobi_optimal,2,0.6531581830001869
BA_20_m2_seed0__h2_k1__r1__cadical,BA_20_m2_seed0,BA,2,1,1,1,cadical,20,36,12,,30.0,OPT,RETURNED,13,13,0.3735502029999225,37.74609375,worker_high_water,260,3052,13,last_sat_witness,182,44,True,,sat,elementary,1,0.3693398809998598
BA_20_m2_seed0__h2_k1__r2__cadical,BA_20_m2_seed0,BA,2,1,2,0,cadical,20,36,12,,30.0,OPT,RETURNED,13,13,0.3666202599999906,37.84375,worker_high_water,260,3052,13,last_sat_witness,182,44,True,,sat,elementary,1,0.3624966490001498
BA_20_m2_seed0__h2_k1__r2__gurobi,BA_20_m2_seed0,BA,2,1,2,1,gurobi,20,36,12,,30.0,OPT,RETURNED,13,13,0.521350099999836,47.1484375,worker_high_water,301,3058,14,assignment_at_greedy_UB,,,False,,gurobi_incumbent,gurobi_optimal,2,0.5145307529999172
BA_20_m2_seed0__h3_k2__r0__cadical,BA_20_m2_seed0,BA,3,2,0,0,cadical,20,36,12,,30.0,OPT,RETURNED,25,25,0.6677279279999766,51.25390625,worker_high_water,500,12392,25,last_sat_witness,12817,6932,True,,sat,elementary,2,0.662746542999912
BA_20_m2_seed0__h3_k2__r0__gurobi,BA_20_m2_seed0,BA,3,2,0,1,gurobi,20,36,12,,30.0,OPT,RETURNED,25,25,1.1343953580001198,56.51953125,worker_high_water,581,13374,28,assignment_at_greedy_UB,,,False,,gurobi_incumbent,gurobi_optimal,3,1.1156685880000623
BA_20_m2_seed0__h3_k2__r1__gurobi,BA_20_m2_seed0,BA,3,2,1,0,gurobi,20,36,12,,30.0,OPT,RETURNED,25,25,1.2195478370001638,56.33203125,worker_high_water,581,13374,28,assignment_at_greedy_UB,,,False,,gurobi_incumbent,gurobi_optimal,3,1.2086142440000458
BA_20_m2_seed0__h3_k2__r1__cadical,BA_20_m2_seed0,BA,3,2,1,1,cadical,20,36,12,,30.0,OPT,RETURNED,25,25,0.6471761790000983,51.26171875,worker_high_water,500,12392,25,last_sat_witness,12817,6932,True,,sat,elementary,2,0.6422523070000352
BA_20_m2_seed0__h3_k2__r2__cadical,BA_20_m2_seed0,BA,3,2,2,0,cadical,20,36,12,,30.0,OPT,RETURNED,25,25,0.6482519229998616,50.4296875,worker_high_water,500,12392,25,last_sat_witness,12817,6932,True,,sat,elementary,2,0.643313863000003
BA_20_m2_seed0__h3_k2__r2__gurobi,BA_20_m2_seed0,BA,3,2,2,1,gurobi,20,36,12,,30.0,OPT,RETURNED,25,25,1.0485499469998558,56.3125,worker_high_water,581,13374,28,assignment_at_greedy_UB,,,False,,gurobi_incumbent,gurobi_optimal,3,1.0375344300000506
BA_20_m2_seed1__h1_k1__r0__gurobi,BA_20_m2_seed1,BA,1,1,0,0,gurobi,20,36,12,,30.0,OPT,RETURNED,12,12,0.44486175099996217,44.1875,worker_high_water,261,1808,12,assignment_at_greedy_UB,,,False,,greedy,gurobi_optimal,2,0.43699382299996614
BA_20_m2_seed1__h1_k1__r0__cadical,BA_20_m2_seed1,BA,1,1,0,1,cadical,20,36,12,,30.0,OPT,RETURNED,12,12,0.3403299930000685,33.82421875,worker_high_water,,,,last_sat_witness,0,0,True,,greedy,elementary,0,
BA_20_m2_seed1__h1_k1__r1__cadical,BA_20_m2_seed1,BA,1,1,1,0,cadical,20,36,12,,30.0,OPT,RETURNED,12,12,0.34433281399992666,34.0546875,worker_high_water,,,,last_sat_witness,0,0,True,,greedy,elementary,0,
BA_20_m2_seed1__h1_k1__r1__gurobi,BA_20_m2_seed1,BA,1,1,1,1,gurobi,20,36,12,,30.0,OPT,RETURNED,12,12,0.6056599890000598,43.82421875,worker_high_water,261,1808,12,assignment_at_greedy_UB,,,False,,greedy,gurobi_optimal,2,0.5902314229999774
BA_20_m2_seed1__h1_k1__r2__gurobi,BA_20_m2_seed1,BA,1,1,2,0,gurobi,20,36,12,,30.0,OPT,RETURNED,12,12,0.45327841399989666,44.515625,worker_high_water,261,1808,12,assignment_at_greedy_UB,,,False,,greedy,gurobi_optimal,2,0.44627559299988206
BA_20_m2_seed1__h1_k1__r2__cadical,BA_20_m2_seed1,BA,1,1,2,1,cadical,20,36,12,,30.0,OPT,RETURNED,12,12,0.34853539499999897,34.671875,worker_high_water,,,,last_sat_witness,0,0,True,,greedy,elementary,0,
BA_20_m2_seed1__h2_k1__r0__gurobi,BA_20_m2_seed1,BA,2,1,0,0,gurobi,20,36,12,,30.0,OPT,RETURNED,13,13,0.4910904099999698,46.875,worker_high_water,301,3088,14,assignment_at_greedy_UB,,,False,,gurobi_incumbent,gurobi_optimal,2,0.4837906259999727
BA_20_m2_seed1__h2_k1__r0__cadical,BA_20_m2_seed1,BA,2,1,0,1,cadical,20,36,12,,30.0,OPT,RETURNED,13,13,0.3700793660000272,37.96875,worker_high_water,260,3080,13,last_sat_witness,154,11,True,,sat,elementary,1,0.36570320900000297
BA_20_m2_seed1__h2_k1__r1__cadical,BA_20_m2_seed1,BA,2,1,1,0,cadical,20,36,12,,30.0,OPT,RETURNED,13,13,0.37010158699990825,38.03515625,worker_high_water,260,3080,13,last_sat_witness,154,11,True,,sat,elementary,1,0.3657195219998357
BA_20_m2_seed1__h2_k1__r1__gurobi,BA_20_m2_seed1,BA,2,1,1,1,gurobi,20,36,12,,30.0,OPT,RETURNED,13,13,0.4971826460000557,46.78515625,worker_high_water,301,3088,14,assignment_at_greedy_UB,,,False,,gurobi_incumbent,gurobi_optimal,2,0.4904140170001483
BA_20_m2_seed1__h2_k1__r2__gurobi,BA_20_m2_seed1,BA,2,1,2,0,gurobi,20,36,12,,30.0,OPT,RETURNED,13,13,0.5115728789999139,46.71484375,worker_high_water,301,3088,14,assignment_at_greedy_UB,,,False,,gurobi_incumbent,gurobi_optimal,2,0.5050209599999107
BA_20_m2_seed1__h2_k1__r2__cadical,BA_20_m2_seed1,BA,2,1,2,1,cadical,20,36,12,,30.0,OPT,RETURNED,13,13,0.36950635700009116,38.2421875,worker_high_water,260,3080,13,last_sat_witness,154,11,True,,sat,elementary,1,0.36514231400019526
BA_20_m2_seed1__h3_k2__r0__gurobi,BA_20_m2_seed1,BA,3,2,0,0,gurobi,20,36,12,,30.0,OPT,RETURNED,25,25,1.22818886999994,57.08203125,worker_high_water,621,14504,30,assignment_at_greedy_UB,,,False,,gurobi_incumbent,gurobi_optimal,4,1.216492161999895
BA_20_m2_seed1__h3_k2__r0__cadical,BA_20_m2_seed1,BA,3,2,0,1,cadical,20,36,12,,30.0,OPT,RETURNED,25,25,0.6627475520001553,52.08984375,worker_high_water,500,12544,25,last_sat_witness,928,52,True,,sat,elementary,3,0.6574843750001946
BA_20_m2_seed1__h3_k2__r1__cadical,BA_20_m2_seed1,BA,3,2,1,0,cadical,20,36,12,,30.0,OPT,RETURNED,25,25,0.6404596419999962,50.5703125,worker_high_water,500,12544,25,last_sat_witness,928,52,True,,sat,elementary,3,0.6354379379999955
BA_20_m2_seed1__h3_k2__r1__gurobi,BA_20_m2_seed1,BA,3,2,1,1,gurobi,20,36,12,,30.0,OPT,RETURNED,25,25,1.0810171249997893,56.8046875,worker_high_water,621,14504,30,assignment_at_greedy_UB,,,False,,gurobi_incumbent,gurobi_optimal,4,1.0692390009999144
BA_20_m2_seed1__h3_k2__r2__gurobi,BA_20_m2_seed1,BA,3,2,2,0,gurobi,20,36,12,,30.0,OPT,RETURNED,25,25,1.084715468000013,56.51171875,worker_high_water,621,14504,30,assignment_at_greedy_UB,,,False,,gurobi_incumbent,gurobi_optimal,4,1.0730444369999077
BA_20_m2_seed1__h3_k2__r2__cadical,BA_20_m2_seed1,BA,3,2,2,1,cadical,20,36,12,,30.0,OPT,RETURNED,25,25,0.6305131140002231,51.40234375,worker_high_water,500,12544,25,last_sat_witness,928,52,True,,sat,elementary,3,0.6255074000000604
BA_20_m2_seed2__h1_k1__r0__cadical,BA_20_m2_seed2,BA,1,1,0,0,cadical,20,36,12,,30.0,OPT,RETURNED,13,13,6.634814246000133,51.61328125,worker_high_water,,,,last_sat_witness,402430,274872,True,,greedy,sat_unsat,1,6.629486774000043
BA_20_m2_seed2__h1_k1__r0__gurobi,BA_20_m2_seed2,BA,1,1,0,1,gurobi,20,36,12,,30.0,OPT,RETURNED,13,13,0.4400911579998592,44.8203125,worker_high_water,281,2056,13,assignment_at_greedy_UB,,,False,,greedy,gurobi_optimal,2,0.4336667889999717
BA_20_m2_seed2__h1_k1__r1__gurobi,BA_20_m2_seed2,BA,1,1,1,0,gurobi,20,36,12,,30.0,OPT,RETURNED,13,13,0.43775982700003624,44.46875,worker_high_water,281,2056,13,assignment_at_greedy_UB,,,False,,greedy,gurobi_optimal,2,0.43157980199998747
BA_20_m2_seed2__h1_k1__r1__cadical,BA_20_m2_seed2,BA,1,1,1,1,cadical,20,36,12,,30.0,OPT,RETURNED,13,13,6.7653554070000155,52.27734375,worker_high_water,,,,last_sat_witness,402430,274872,True,,greedy,sat_unsat,1,6.760155839999925
BA_20_m2_seed2__h1_k1__r2__cadical,BA_20_m2_seed2,BA,1,1,2,0,cadical,20,36,12,,30.0,OPT,RETURNED,13,13,6.536237179999944,51.9296875,worker_high_water,,,,last_sat_witness,402430,274872,True,,greedy,sat_unsat,1,6.531220936999944
BA_20_m2_seed2__h1_k1__r2__gurobi,BA_20_m2_seed2,BA,1,1,2,1,gurobi,20,36,12,,30.0,OPT,RETURNED,13,13,0.4365691230000266,44.37109375,worker_high_water,281,2056,13,assignment_at_greedy_UB,,,False,,greedy,gurobi_optimal,2,0.42903542800013383
BA_20_m2_seed2__h2_k1__r0__cadical,BA_20_m2_seed2,BA,2,1,0,0,cadical,20,36,12,,30.0,OPT,RETURNED,13,13,0.394132061999926,39.0390625,worker_high_water,260,3192,13,last_sat_witness,800,276,True,,sat,elementary,2,0.38966774999994414
BA_20_m2_seed2__h2_k1__r0__gurobi,BA_20_m2_seed2,BA,2,1,0,1,gurobi,20,36,12,,30.0,OPT,RETURNED,13,13,0.5158169659998748,47.1796875,worker_high_water,321,3424,15,assignment_at_greedy_UB,,,False,,gurobi_incumbent,gurobi_optimal,2,0.5084871189999376
BA_20_m2_seed2__h2_k1__r1__gurobi,BA_20_m2_seed2,BA,2,1,1,0,gurobi,20,36,12,,30.0,OPT,RETURNED,13,13,0.5033320520001325,48.72265625,worker_high_water,321,3424,15,assignment_at_greedy_UB,,,False,,gurobi_incumbent,gurobi_optimal,2,0.4963440390001779
BA_20_m2_seed2__h2_k1__r1__cadical,BA_20_m2_seed2,BA,2,1,1,1,cadical,20,36,12,,30.0,OPT,RETURNED,13,13,0.39961415600009786,39.59765625,worker_high_water,260,3192,13,last_sat_witness,800,276,True,,sat,elementary,2,0.3951410039999246
BA_20_m2_seed2__h2_k1__r2__cadical,BA_20_m2_seed2,BA,2,1,2,0,cadical,20,36,12,,30.0,OPT,RETURNED,13,13,0.5564149020001423,40.47265625,worker_high_water,260,3192,13,last_sat_witness,800,276,True,,sat,elementary,2,0.5511594820000028
BA_20_m2_seed2__h2_k1__r2__gurobi,BA_20_m2_seed2,BA,2,1,2,1,gurobi,20,36,12,,30.0,OPT,RETURNED,13,13,0.5101630099998147,47.40234375,worker_high_water,321,3424,15,assignment_at_greedy_UB,,,False,,gurobi_incumbent,gurobi_optimal,2,0.5028294769999775
BA_20_m2_seed2__h3_k2__r0__cadical,BA_20_m2_seed2,BA,3,2,0,0,cadical,20,36,12,,30.0,FEASIBLE,WALL_TIMEOUT,26,25,30.007711957000083,,not_observed,520,13676,26,last_sat_witness,14752,6513,False,,sat,elementary,2,0.6531797729999198
BA_20_m2_seed2__h3_k2__r0__gurobi,BA_20_m2_seed2,BA,3,2,0,1,gurobi,20,36,12,,30.0,OPT,RETURNED,26,26,1.9026753620000818,59.0390625,worker_high_water,621,15232,30,assignment_at_greedy_UB,,,False,,gurobi_incumbent,gurobi_optimal,5,1.889977429000055
BA_20_m2_seed2__h3_k2__r1__gurobi,BA_20_m2_seed2,BA,3,2,1,0,gurobi,20,36,12,,30.0,OPT,RETURNED,26,26,1.515806221000048,60.15234375,worker_high_water,621,15232,30,assignment_at_greedy_UB,,,False,,gurobi_incumbent,gurobi_optimal,5,1.5034362569999757
BA_20_m2_seed2__h3_k2__r1__cadical,BA_20_m2_seed2,BA,3,2,1,1,cadical,20,36,12,,30.0,FEASIBLE,WALL_TIMEOUT,26,25,30.008144291000008,,not_observed,520,13676,26,last_sat_witness,14752,6513,False,,sat,elementary,2,0.6621889400000782
BA_20_m2_seed2__h3_k2__r2__cadical,BA_20_m2_seed2,BA,3,2,2,0,cadical,20,36,12,,30.0,FEASIBLE,WALL_TIMEOUT,26,25,30.009183753999878,,not_observed,520,13676,26,last_sat_witness,14752,6513,False,,sat,elementary,2,0.6645441589998882
BA_20_m2_seed2__h3_k2__r2__gurobi,BA_20_m2_seed2,BA,3,2,2,1,gurobi,20,36,12,,30.0,OPT,RETURNED,26,26,1.7563996619999216,59.33203125,worker_high_water,621,15232,30,assignment_at_greedy_UB,,,False,,gurobi_incumbent,gurobi_optimal,5,1.5914739969998664
ER_40_p0.15_seed0__h1_k1__r0__gurobi,ER_40_p0.15_seed0,ER,1,1,0,0,gurobi,40,128,12,,30.0,OPT,RETURNED,13,13,13.100107219999927,63.73828125,worker_high_water,721,9620,17,assignment_at_greedy_UB,,,False,,gurobi_incumbent,gurobi_optimal,5,13.087988542999938
ER_40_p0.15_seed0__h1_k1__r0__cadical,ER_40_p0.15_seed0,ER,1,1,0,1,cadical,40,128,12,,30.0,FEASIBLE,WALL_TIMEOUT,13,12,30.00670094200018,,not_observed,520,7900,13,last_sat_witness,1300,174,False,,sat,elementary,2,0.47262112500015974
ER_40_p0.15_seed0__h1_k1__r1__cadical,ER_40_p0.15_seed0,ER,1,1,1,0,cadical,40,128,12,,30.0,FEASIBLE,WALL_TIMEOUT,13,12,30.013321399000006,,not_observed,520,7900,13,last_sat_witness,1300,174,False,,sat,elementary,2,0.4766266399999495
ER_40_p0.15_seed0__h1_k1__r1__gurobi,ER_40_p0.15_seed0,ER,1,1,1,1,gurobi,40,128,12,,30.0,OPT,RETURNED,13,13,28.486074764000023,63.69921875,worker_high_water,721,9620,17,assignment_at_greedy_UB,,,False,,gurobi_incumbent,gurobi_optimal,5,28.46481999599996
ER_40_p0.15_seed0__h1_k1__r2__gurobi,ER_40_p0.15_seed0,ER,1,1,2,0,gurobi,40,128,12,,30.0,OPT,RETURNED,13,13,17.01982067300014,64.1484375,worker_high_water,721,9620,17,assignment_at_greedy_UB,,,False,,gurobi_incumbent,gurobi_optimal,5,16.999767261999978
ER_40_p0.15_seed0__h1_k1__r2__cadical,ER_40_p0.15_seed0,ER,1,1,2,1,cadical,40,128,12,,30.0,FEASIBLE,WALL_TIMEOUT,13,12,30.006507550999913,,not_observed,520,7900,13,last_sat_witness,1300,174,False,,sat,elementary,2,0.7868636549999337
ER_40_p0.15_seed0__h2_k1__r0__gurobi,ER_40_p0.15_seed0,ER,2,1,0,0,gurobi,40,128,12,,30.0,FEASIBLE,WALL_TIMEOUT,16,13,30.017802958000175,,not_observed,881,17116,21,assignment_at_greedy_UB,,,False,,gurobi_incumbent,elementary,5,12.034036462000131
ER_40_p0.15_seed0__h2_k1__r0__cadical,ER_40_p0.15_seed0,ER,2,1,0,1,cadical,40,128,12,,30.0,FEASIBLE,WALL_TIMEOUT,14,13,30.00733672199999,,not_observed,560,12054,14,last_sat_witness,306260,156389,False,,sat,elementary,3,11.140326975000107
ER_40_p0.15_seed0__h2_k1__r1__cadical,ER_40_p0.15_seed0,ER,2,1,1,0,cadical,40,128,12,,30.0,FEASIBLE,WALL_TIMEOUT,14,13,30.007100648000005,,not_observed,560,12054,14,last_sat_witness,306260,156389,False,,sat,elementary,3,8.840917125000033
ER_40_p0.15_seed0__h2_k1__r1__gurobi,ER_40_p0.15_seed0,ER,2,1,1,1,gurobi,40,128,12,,30.0,FEASIBLE,WALL_TIMEOUT,15,13,30.008451595999986,,not_observed,881,17116,21,assignment_at_greedy_UB,,,False,,gurobi_incumbent,elementary,6,27.90136355599998
ER_40_p0.15_seed0__h2_k1__r2__gurobi,ER_40_p0.15_seed0,ER,2,1,2,0,gurobi,40,128,12,,30.0,FEASIBLE,WALL_TIMEOUT,15,13,30.009143347999952,,not_observed,881,17116,21,assignment_at_greedy_UB,,,False,,gurobi_incumbent,elementary,6,27.360144764000097
ER_40_p0.15_seed0__h2_k1__r2__cadical,ER_40_p0.15_seed0,ER,2,1,2,1,cadical,40,128,12,,30.0,FEASIBLE,WALL_TIMEOUT,14,13,30.008187808000002,,not_observed,560,12054,14,last_sat_witness,306260,156389,False,,sat,elementary,3,8.142036989999951
ER_40_p0.15_seed0__h3_k2__r0__gurobi,ER_40_p0.15_seed0,ER,3,2,0,0,gurobi,40,128,12,,30.0,FEASIBLE,WALL_TIMEOUT,34,25,30.022089585000003,,not_observed,1801,81578,44,assignment_at_greedy_UB,,,False,,gurobi_incumbent,elementary,9,19.45334150099984
ER_40_p0.15_seed0__h3_k2__r0__cadical,ER_40_p0.15_seed0,ER,3,2,0,1,cadical,40,128,12,,30.0,FEASIBLE,WALL_TIMEOUT,29,25,30.010448363000023,,not_observed,1160,54928,29,last_sat_witness,349570,150146,False,,sat,elementary,2,17.765732078000156
ER_40_p0.15_seed0__h3_k2__r1__cadical,ER_40_p0.15_seed0,ER,3,2,1,0,cadical,40,128,12,,30.0,FEASIBLE,WALL_TIMEOUT,29,25,30.010476428999937,,not_observed,1160,54928,29,last_sat_witness,349570,150146,False,,sat,elementary,2,13.51402635699992
ER_40_p0.15_seed0__h3_k2__r1__gurobi,ER_40_p0.15_seed0,ER,3,2,1,1,gurobi,40,128,12,,30.0,FEASIBLE,WALL_TIMEOUT,34,25,30.012824302000126,,not_observed,1801,81578,44,assignment_at_greedy_UB,,,False,,gurobi_incumbent,elementary,9,19.12219253299986
ER_40_p0.15_seed0__h3_k2__r2__gurobi,ER_40_p0.15_seed0,ER,3,2,2,0,gurobi,40,128,12,,30.0,FEASIBLE,WALL_TIMEOUT,34,25,30.014843972000108,,not_observed,1801,81578,44,assignment_at_greedy_UB,,,False,,gurobi_incumbent,elementary,9,17.39169128399999
ER_40_p0.15_seed0__h3_k2__r2__cadical,ER_40_p0.15_seed0,ER,3,2,2,1,cadical,40,128,12,,30.0,FEASIBLE,WALL_TIMEOUT,29,25,30.0120725390002,,not_observed,1160,54928,29,last_sat_witness,349570,150146,False,,sat,elementary,2,15.710815324000123
ER_40_p0.15_seed1__h1_k1__r0__cadical,ER_40_p0.15_seed1,ER,1,1,0,0,cadical,40,115,10,,30.0,FEASIBLE,WALL_TIMEOUT,13,12,30.006559798000126,,not_observed,520,7410,13,last_sat_witness,196169,131252,False,,sat,sat_unsat,2,4.132953528000144
ER_40_p0.15_seed1__h1_k1__r0__gurobi,ER_40_p0.15_seed1,ER,1,1,0,1,gurobi,40,115,10,,30.0,OPT,RETURNED,13,13,27.67909755699975,66.6328125,worker_high_water,721,8990,17,assignment_at_greedy_UB,,,False,,gurobi_incumbent,gurobi_optimal,6,27.663504676999764
ER_40_p0.15_seed1__h1_k1__r1__gurobi,ER_40_p0.15_seed1,ER,1,1,1,0,gurobi,40,115,10,,30.0,OPT,RETURNED,13,13,28.127886740000122,66.5859375,worker_high_water,721,8990,17,assignment_at_greedy_UB,,,False,,gurobi_incumbent,gurobi_optimal,6,28.11422131299969
ER_40_p0.15_seed1__h1_k1__r1__cadical,ER_40_p0.15_seed1,ER,1,1,1,1,cadical,40,115,10,,30.0,FEASIBLE,WALL_TIMEOUT,13,12,30.007903905999683,,not_observed,520,7410,13,last_sat_witness,196169,131252,False,,sat,sat_unsat,2,3.3633405709997533
ER_40_p0.15_seed1__h1_k1__r2__cadical,ER_40_p0.15_seed1,ER,1,1,2,0,cadical,40,115,10,,30.0,FEASIBLE,WALL_TIMEOUT,13,12,30.007966983000188,,not_observed,520,7410,13,last_sat_witness,196169,131252,False,,sat,sat_unsat,2,3.5703256300002977
ER_40_p0.15_seed1__h1_k1__r2__gurobi,ER_40_p0.15_seed1,ER,1,1,2,1,gurobi,40,115,10,,30.0,FEASIBLE,WALL_TIMEOUT,13,12,30.008673833000103,,not_observed,721,8990,17,assignment_at_greedy_UB,,,False,,gurobi_incumbent,gurobi_dual,5,2.8072145030000684
ER_40_p0.15_seed1__h2_k1__r0__cadical,ER_40_p0.15_seed1,ER,2,1,0,0,cadical,40,115,10,,30.0,FEASIBLE,WALL_TIMEOUT,13,11,30.006440609000038,,not_observed,520,10400,13,last_sat_witness,368797,251996,False,,sat,elementary,2,16.379812700000002
ER_40_p0.15_seed1__h2_k1__r0__gurobi,ER_40_p0.15_seed1,ER,2,1,0,1,gurobi,40,115,10,,30.0,FEASIBLE,WALL_TIMEOUT,14,11,30.014510277000227,,not_observed,841,15075,20,assignment_at_greedy_UB,,,False,,gurobi_incumbent,elementary,6,22.773969964000116
ER_40_p0.15_seed1__h2_k1__r1__gurobi,ER_40_p0.15_seed1,ER,2,1,1,0,gurobi,40,115,10,,30.0,FEASIBLE,WALL_TIMEOUT,14,12,30.008962282000084,,not_observed,841,15075,20,assignment_at_greedy_UB,,,False,,gurobi_incumbent,gurobi_dual,7,29.789829943000314
ER_40_p0.15_seed1__h2_k1__r1__cadical,ER_40_p0.15_seed1,ER,2,1,1,1,cadical,40,115,10,,30.0,FEASIBLE,WALL_TIMEOUT,13,11,30.00794205000011,,not_observed,520,10400,13,last_sat_witness,368797,251996,False,,sat,elementary,2,16.133931658000165
ER_40_p0.15_seed1__h2_k1__r2__cadical,ER_40_p0.15_seed1,ER,2,1,2,0,cadical,40,115,10,,30.0,FEASIBLE,WALL_TIMEOUT,13,11,30.010052060999897,,not_observed,520,10400,13,last_sat_witness,368797,251996,False,,sat,elementary,2,26.10093506999965
ER_40_p0.15_seed1__h2_k1__r2__gurobi,ER_40_p0.15_seed1,ER,2,1,2,1,gurobi,40,115,10,,30.0,FEASIBLE,WALL_TIMEOUT,14,11,30.010482088000117,,not_observed,841,15075,20,assignment_at_greedy_UB,,,False,,gurobi_incumbent,elementary,6,19.1641012340001
ER_40_p0.15_seed1__h3_k2__r0__cadical,ER_40_p0.15_seed1,ER,3,2,0,0,cadical,40,115,10,,30.0,FEASIBLE,WALL_TIMEOUT,32,21,30.008380149000004,,not_observed,1280,56385,32,last_sat_witness,1041,307,False,,sat,elementary,1,1.6300446059999558
ER_40_p0.15_seed1__h3_k2__r0__gurobi,ER_40_p0.15_seed1,ER,3,2,0,1,gurobi,40,115,10,,30.0,FEASIBLE,WALL_TIMEOUT,35,21,30.012371636000353,,not_observed,1761,74090,43,assignment_at_greedy_UB,,,False,,gurobi_incumbent,elementary,3,23.127787947000343
ER_40_p0.15_seed1__h3_k2__r1__gurobi,ER_40_p0.15_seed1,ER,3,2,1,0,gurobi,40,115,10,,30.0,FEASIBLE,WALL_TIMEOUT,34,21,30.01282600200011,,not_observed,1761,74090,43,assignment_at_greedy_UB,,,False,,gurobi_incumbent,elementary,4,25.675580962000367
ER_40_p0.15_seed1__h3_k2__r1__cadical,ER_40_p0.15_seed1,ER,3,2,1,1,cadical,40,115,10,,30.0,FEASIBLE,WALL_TIMEOUT,32,21,30.008593263999956,,not_observed,1280,56385,32,last_sat_witness,1041,307,False,,sat,elementary,1,1.4379221839999445
ER_40_p0.15_seed1__h3_k2__r2__cadical,ER_40_p0.15_seed1,ER,3,2,2,0,cadical,40,115,10,,30.0,FEASIBLE,WALL_TIMEOUT,32,21,30.01101193600016,,not_observed,1280,56385,32,last_sat_witness,1041,307,False,,sat,elementary,1,1.3203189650002969
ER_40_p0.15_seed1__h3_k2__r2__gurobi,ER_40_p0.15_seed1,ER,3,2,2,1,gurobi,40,115,10,,30.0,FEASIBLE,WALL_TIMEOUT,35,21,30.03297651899993,,not_observed,1761,74090,43,assignment_at_greedy_UB,,,False,,gurobi_incumbent,elementary,3,15.143129645000045
ER_40_p0.15_seed2__h1_k1__r0__gurobi,ER_40_p0.15_seed2,ER,1,1,0,0,gurobi,40,114,12,,30.0,FEASIBLE,WALL_TIMEOUT,13,12,30.013415456000075,,not_observed,681,8529,16,assignment_at_greedy_UB,,,False,,gurobi_incumbent,elementary,3,2.998845880999852
ER_40_p0.15_seed2__h1_k1__r0__cadical,ER_40_p0.15_seed2,ER,1,1,0,1,cadical,40,114,12,,30.0,FEASIBLE,WALL_TIMEOUT,13,12,30.01033031599991,,not_observed,520,7438,13,last_sat_witness,809,95,False,,sat,elementary,2,0.8505103259999487
ER_40_p0.15_seed2__h1_k1__r1__cadical,ER_40_p0.15_seed2,ER,1,1,1,0,cadical,40,114,12,,30.0,FEASIBLE,WALL_TIMEOUT,13,12,30.02611740800012,,not_observed,520,7438,13,last_sat_witness,809,95,False,,sat,elementary,2,1.1488214480000352
ER_40_p0.15_seed2__h1_k1__r1__gurobi,ER_40_p0.15_seed2,ER,1,1,1,1,gurobi,40,114,12,,30.0,FEASIBLE,WALL_TIMEOUT,13,12,30.020492724999713,,not_observed,681,8529,16,assignment_at_greedy_UB,,,False,,gurobi_incumbent,elementary,3,2.07054428299989
ER_40_p0.15_seed2__h1_k1__r2__gurobi,ER_40_p0.15_seed2,ER,1,1,2,0,gurobi,40,114,12,,30.0,FEASIBLE,WALL_TIMEOUT,13,12,30.00730491000013,,not_observed,681,8529,16,assignment_at_greedy_UB,,,False,,gurobi_incumbent,elementary,3,1.764717402000315
ER_40_p0.15_seed2__h1_k1__r2__cadical,ER_40_p0.15_seed2,ER,1,1,2,1,cadical,40,114,12,,30.0,FEASIBLE,WALL_TIMEOUT,13,12,30.034641401000044,,not_observed,520,7438,13,last_sat_witness,809,95,False,,sat,elementary,2,0.5561624749998373
ER_40_p0.15_seed2__h2_k1__r0__gurobi,ER_40_p0.15_seed2,ER,2,1,0,0,gurobi,40,114,12,,30.0,FEASIBLE,WALL_TIMEOUT,15,13,30.0082081380001,,not_observed,841,15077,20,assignment_at_greedy_UB,,,False,,gurobi_incumbent,elementary,5,7.185531801000252
ER_40_p0.15_seed2__h2_k1__r0__cadical,ER_40_p0.15_seed2,ER,2,1,0,1,cadical,40,114,12,,30.0,FEASIBLE,WALL_TIMEOUT,14,13,30.005647414999657,,not_observed,560,11167,14,last_sat_witness,1095,229,False,,sat,elementary,2,0.5443013189997146
ER_40_p0.15_seed2__h2_k1__r1__cadical,ER_40_p0.15_seed2,ER,2,1,1,0,cadical,40,114,12,,30.0,FEASIBLE,WALL_TIMEOUT,14,13,30.008239417999903,,not_observed,560,11167,14,last_sat_witness,1095,229,False,,sat,elementary,2,0.549843337999846
ER_40_p0.15_seed2__h2_k1__r1__gurobi,ER_40_p0.15_seed2,ER,2,1,1,1,gurobi,40,114,12,,30.0,FEASIBLE,WALL_TIMEOUT,15,13,30.00663445200007,,not_observed,841,15077,20,assignment_at_greedy_UB,,,False,,gurobi_incumbent,elementary,5,22.320383659000072
ER_40_p0.15_seed2__h2_k1__r2__gurobi,ER_40_p0.15_seed2,ER,2,1,2,0,gurobi,40,114,12,,30.0,FEASIBLE,WALL_TIMEOUT,15,13,30.006040891999874,,not_observed,841,15077,20,assignment_at_greedy_UB,,,False,,gurobi_incumbent,elementary,5,6.367516386999796
ER_40_p0.15_seed2__h2_k1__r2__cadical,ER_40_p0.15_seed2,ER,2,1,2,1,cadical,40,114,12,,30.0,FEASIBLE,WALL_TIMEOUT,14,13,30.006205873,,not_observed,560,11167,14,last_sat_witness,1095,229,False,,sat,elementary,2,0.5424947569999858
ER_40_p0.15_seed2__h3_k2__r0__gurobi,ER_40_p0.15_seed2,ER,3,2,0,0,gurobi,40,114,12,,30.0,FEASIBLE,WALL_TIMEOUT,32,25,30.00891174599974,,not_observed,1601,67390,39,assignment_at_greedy_UB,,,False,,gurobi_incumbent,elementary,4,16.088579277000008
ER_40_p0.15_seed2__h3_k2__r0__cadical,ER_40_p0.15_seed2,ER,3,2,0,1,cadical,40,114,12,,30.0,FEASIBLE,WALL_TIMEOUT,28,25,30.009400194000136,,not_observed,1120,49481,28,last_sat_witness,332739,138282,False,,sat,elementary,2,11.859551939000085
ER_40_p0.15_seed2__h3_k2__r1__cadical,ER_40_p0.15_seed2,ER,3,2,1,0,cadical,40,114,12,,30.0,FEASIBLE,WALL_TIMEOUT,28,25,30.00876151400007,,not_observed,1120,49481,28,last_sat_witness,332739,138282,False,,sat,elementary,2,11.513532872999804
ER_40_p0.15_seed2__h3_k2__r1__gurobi,ER_40_p0.15_seed2,ER,3,2,1,1,gurobi,40,114,12,,30.0,FEASIBLE,WALL_TIMEOUT,32,25,30.009190621000016,,not_observed,1601,67390,39,assignment_at_greedy_UB,,,False,,gurobi_incumbent,elementary,4,16.319860834999872
ER_40_p0.15_seed2__h3_k2__r2__gurobi,ER_40_p0.15_seed2,ER,3,2,2,0,gurobi,40,114,12,,30.0,FEASIBLE,WALL_TIMEOUT,32,25,30.009240729999874,,not_observed,1601,67390,39,assignment_at_greedy_UB,,,False,,gurobi_incumbent,elementary,4,16.123553229999743
ER_40_p0.15_seed2__h3_k2__r2__cadical,ER_40_p0.15_seed2,ER,3,2,2,1,cadical,40,114,12,,30.0,FEASIBLE,WALL_TIMEOUT,28,25,30.010300575999736,,not_observed,1120,49481,28,last_sat_witness,332739,138282,False,,sat,elementary,2,11.58755733199996
ER_40_p0.30_seed0__h1_k1__r0__cadical,ER_40_p0.30_seed0,ER,1,1,0,0,cadical,40,230,17,,30.0,FEASIBLE,WALL_TIMEOUT,35,17,30.008454033000362,,not_observed,,,,last_sat_witness,,,False,,greedy,elementary,0,
ER_40_p0.30_seed0__h1_k1__r0__gurobi,ER_40_p0.30_seed0,ER,1,1,0,1,gurobi,40,230,17,,30.0,OPT,RETURNED,32,32,1.6866096030003064,66.0546875,worker_high_water,1441,27728,35,assignment_at_greedy_UB,,,False,,gurobi_incumbent,gurobi_optimal,4,1.66584216199999
ER_40_p0.30_seed0__h1_k1__r1__gurobi,ER_40_p0.30_seed0,ER,1,1,1,0,gurobi,40,230,17,,30.0,OPT,RETURNED,32,32,1.2537099260002833,62.60546875,worker_high_water,1441,27728,35,assignment_at_greedy_UB,,,False,,gurobi_incumbent,gurobi_optimal,4,1.2329828720003206
ER_40_p0.30_seed0__h1_k1__r1__cadical,ER_40_p0.30_seed0,ER,1,1,1,1,cadical,40,230,17,,30.0,FEASIBLE,WALL_TIMEOUT,35,17,30.010743295999873,,not_observed,,,,last_sat_witness,,,False,,greedy,elementary,0,
ER_40_p0.30_seed0__h1_k1__r2__cadical,ER_40_p0.30_seed0,ER,1,1,2,0,cadical,40,230,17,,30.0,FEASIBLE,WALL_TIMEOUT,35,17,30.0113014210001,,not_observed,,,,last_sat_witness,,,False,,greedy,elementary,0,
ER_40_p0.30_seed0__h1_k1__r2__gurobi,ER_40_p0.30_seed0,ER,1,1,2,1,gurobi,40,230,17,,30.0,OPT,RETURNED,32,32,1.2939747030000035,62.32421875,worker_high_water,1441,27728,35,assignment_at_greedy_UB,,,False,,gurobi_incumbent,gurobi_optimal,4,1.2739266630001111
ER_40_p0.30_seed0__h2_k1__r0__cadical,ER_40_p0.30_seed0,ER,2,1,0,0,cadical,40,230,17,,30.0,FEASIBLE,WALL_TIMEOUT,36,18,30.009277408000344,,not_observed,,,,last_sat_witness,,,False,,greedy,elementary,0,
ER_40_p0.30_seed0__h2_k1__r0__gurobi,ER_40_p0.30_seed0,ER,2,1,0,1,gurobi,40,230,17,,30.0,OPT,RETURNED,32,32,3.6375323679999383,74.68359375,worker_high_water,1481,45056,36,assignment_at_greedy_UB,,,False,,gurobi_incumbent,gurobi_optimal,6,3.6114067069997873
ER_40_p0.30_seed0__h2_k1__r1__gurobi,ER_40_p0.30_seed0,ER,2,1,1,0,gurobi,40,230,17,,30.0,OPT,RETURNED,32,32,3.7457457319997047,74.9375,worker_high_water,1481,45056,36,assignment_at_greedy_UB,,,False,,gurobi_incumbent,gurobi_optimal,6,3.717898564999814
ER_40_p0.30_seed0__h2_k1__r1__cadical,ER_40_p0.30_seed0,ER,2,1,1,1,cadical,40,230,17,,30.0,FEASIBLE,WALL_TIMEOUT,36,18,30.01071366799988,,not_observed,,,,last_sat_witness,,,False,,greedy,elementary,0,
ER_40_p0.30_seed0__h2_k1__r2__cadical,ER_40_p0.30_seed0,ER,2,1,2,0,cadical,40,230,17,,30.0,FEASIBLE,WALL_TIMEOUT,36,18,30.007222552999792,,not_observed,,,,last_sat_witness,,,False,,greedy,elementary,0,
ER_40_p0.30_seed0__h2_k1__r2__gurobi,ER_40_p0.30_seed0,ER,2,1,2,1,gurobi,40,230,17,,30.0,OPT,RETURNED,32,32,3.637286461000258,74.71484375,worker_high_water,1481,45056,36,assignment_at_greedy_UB,,,False,,gurobi_incumbent,gurobi_optimal,6,3.61151866299997
ER_40_p0.30_seed0__h3_k2__r0__cadical,ER_40_p0.30_seed0,ER,3,2,0,0,cadical,40,230,17,,30.0,FEASIBLE,WALL_TIMEOUT,77,35,30.01317567299975,,not_observed,,,,last_sat_witness,,,False,,greedy,elementary,0,
ER_40_p0.30_seed0__h3_k2__r0__gurobi,ER_40_p0.30_seed0,ER,3,2,0,1,gurobi,40,230,17,,30.0,FEASIBLE,WALL_TIMEOUT,66,59,30.016019901999698,,not_observed,3121,213216,77,assignment_at_greedy_UB,,,False,,gurobi_incumbent,gurobi_dual,19,29.372508003999883
ER_40_p0.30_seed0__h3_k2__r1__gurobi,ER_40_p0.30_seed0,ER,3,2,1,0,gurobi,40,230,17,,30.0,FEASIBLE,WALL_TIMEOUT,66,59,30.015756265000164,,not_observed,3121,213216,77,assignment_at_greedy_UB,,,False,,gurobi_incumbent,gurobi_dual,19,29.117686906000017
ER_40_p0.30_seed0__h3_k2__r1__cadical,ER_40_p0.30_seed0,ER,3,2,1,1,cadical,40,230,17,,30.0,FEASIBLE,WALL_TIMEOUT,77,35,30.012484508999933,,not_observed,,,,last_sat_witness,,,False,,greedy,elementary,0,
ER_40_p0.30_seed0__h3_k2__r2__cadical,ER_40_p0.30_seed0,ER,3,2,2,0,cadical,40,230,17,,30.0,FEASIBLE,WALL_TIMEOUT,77,35,30.01308711699994,,not_observed,,,,last_sat_witness,,,False,,greedy,elementary,0,
ER_40_p0.30_seed0__h3_k2__r2__gurobi,ER_40_p0.30_seed0,ER,3,2,2,1,gurobi,40,230,17,,30.0,FEASIBLE,WALL_TIMEOUT,66,59,30.01346527800024,,not_observed,3121,213216,77,assignment_at_greedy_UB,,,False,,gurobi_incumbent,gurobi_dual,19,29.850778661000277
ER_40_p0.30_seed1__h1_k1__r0__gurobi,ER_40_p0.30_seed1,ER,1,1,0,0,gurobi,40,228,17,,30.0,OPT,RETURNED,32,32,1.0621771030000673,59.9765625,worker_high_water,1321,25193,32,assignment_at_greedy_UB,,,False,,greedy,gurobi_optimal,2,1.0438950029997613
ER_40_p0.30_seed1__h1_k1__r0__cadical,ER_40_p0.30_seed1,ER,1,1,0,1,cadical,40,228,17,,30.0,FEASIBLE,WALL_TIMEOUT,32,17,30.008082909999757,,not_observed,,,,last_sat_witness,,,False,,greedy,elementary,0,
ER_40_p0.30_seed1__h1_k1__r1__cadical,ER_40_p0.30_seed1,ER,1,1,1,0,cadical,40,228,17,,30.0,FEASIBLE,WALL_TIMEOUT,32,17,30.00799594399996,,not_observed,,,,last_sat_witness,,,False,,greedy,elementary,0,
ER_40_p0.30_seed1__h1_k1__r1__gurobi,ER_40_p0.30_seed1,ER,1,1,1,1,gurobi,40,228,17,,30.0,OPT,RETURNED,32,32,1.203525122999963,59.97265625,worker_high_water,1321,25193,32,assignment_at_greedy_UB,,,False,,greedy,gurobi_optimal,2,1.1864205329998185
ER_40_p0.30_seed1__h1_k1__r2__gurobi,ER_40_p0.30_seed1,ER,1,1,2,0,gurobi,40,228,17,,30.0,OPT,RETURNED,32,32,1.1210523029999422,60.59765625,worker_high_water,1321,25193,32,assignment_at_greedy_UB,,,False,,greedy,gurobi_optimal,2,1.1038706119998096
ER_40_p0.30_seed1__h1_k1__r2__cadical,ER_40_p0.30_seed1,ER,1,1,2,1,cadical,40,228,17,,30.0,FEASIBLE,WALL_TIMEOUT,32,17,30.008068844999798,,not_observed,,,,last_sat_witness,,,False,,greedy,elementary,0,
ER_40_p0.30_seed1__h2_k1__r0__gurobi,ER_40_p0.30_seed1,ER,2,1,0,0,gurobi,40,228,17,,30.0,OPT,RETURNED,32,32,5.771140658000149,74.40234375,worker_high_water,1481,44653,36,assignment_at_greedy_UB,,,False,,gurobi_incumbent,gurobi_optimal,4,5.742782816000272
ER_40_p0.30_seed1__h2_k1__r0__cadical,ER_40_p0.30_seed1,ER,2,1,0,1,cadical,40,228,17,,30.0,FEASIBLE,WALL_TIMEOUT,36,18,30.00878304700018,,not_observed,,,,last_sat_witness,,,False,,greedy,elementary,0,
ER_40_p0.30_seed1__h2_k1__r1__cadical,ER_40_p0.30_seed1,ER,2,1,1,0,cadical,40,228,17,,30.0,FEASIBLE,WALL_TIMEOUT,36,18,30.007742981999854,,not_observed,,,,last_sat_witness,,,False,,greedy,elementary,0,
ER_40_p0.30_seed1__h2_k1__r1__gurobi,ER_40_p0.30_seed1,ER,2,1,1,1,gurobi,40,228,17,,30.0,OPT,RETURNED,32,32,5.284753970000111,74.52734375,worker_high_water,1481,44653,36,assignment_at_greedy_UB,,,False,,gurobi_incumbent,gurobi_optimal,4,5.259602775000076
ER_40_p0.30_seed1__h2_k1__r2__gurobi,ER_40_p0.30_seed1,ER,2,1,2,0,gurobi,40,228,17,,30.0,OPT,RETURNED,32,32,5.572087348999958,75.01171875,worker_high_water,1481,44653,36,assignment_at_greedy_UB,,,False,,gurobi_incumbent,gurobi_optimal,4,5.546800963999885
ER_40_p0.30_seed1__h2_k1__r2__cadical,ER_40_p0.30_seed1,ER,2,1,2,1,cadical,40,228,17,,30.0,FEASIBLE,WALL_TIMEOUT,36,18,30.00847680600009,,not_observed,,,,last_sat_witness,,,False,,greedy,elementary,0,
ER_40_p0.30_seed1__h3_k2__r0__gurobi,ER_40_p0.30_seed1,ER,3,2,0,0,gurobi,40,228,17,,30.0,FEASIBLE,WALL_TIMEOUT,64,53,30.014366283000072,,not_observed,3161,214027,78,assignment_at_greedy_UB,,,False,,gurobi_incumbent,gurobi_dual,11,19.651562869999907
ER_40_p0.30_seed1__h3_k2__r0__cadical,ER_40_p0.30_seed1,ER,3,2,0,1,cadical,40,228,17,,30.0,FEASIBLE,WALL_TIMEOUT,78,35,30.012818893000258,,not_observed,,,,last_sat_witness,,,False,,greedy,elementary,0,
ER_40_p0.30_seed1__h3_k2__r1__cadical,ER_40_p0.30_seed1,ER,3,2,1,0,cadical,40,228,17,,30.0,FEASIBLE,WALL_TIMEOUT,78,35,30.014448094000272,,not_observed,,,,last_sat_witness,,,False,,greedy,elementary,0,
ER_40_p0.30_seed1__h3_k2__r1__gurobi,ER_40_p0.30_seed1,ER,3,2,1,1,gurobi,40,228,17,,30.0,FEASIBLE,WALL_TIMEOUT,64,53,30.01454010400039,,not_observed,3161,214027,78,assignment_at_greedy_UB,,,False,,gurobi_incumbent,gurobi_dual,11,22.0694271870002
ER_40_p0.30_seed1__h3_k2__r2__gurobi,ER_40_p0.30_seed1,ER,3,2,2,0,gurobi,40,228,17,,30.0,FEASIBLE,WALL_TIMEOUT,64,53,30.095079074000296,,not_observed,3161,214027,78,assignment_at_greedy_UB,,,False,,gurobi_incumbent,gurobi_dual,11,20.69289621400003
ER_40_p0.30_seed1__h3_k2__r2__cadical,ER_40_p0.30_seed1,ER,3,2,2,1,cadical,40,228,17,,30.0,FEASIBLE,WALL_TIMEOUT,78,35,30.01436731800004,,not_observed,,,,last_sat_witness,,,False,,greedy,elementary,0,
ER_40_p0.30_seed2__h1_k1__r0__cadical,ER_40_p0.30_seed2,ER,1,1,0,0,cadical,40,226,18,,30.0,FEASIBLE,WALL_TIMEOUT,32,18,30.008312556999954,,not_observed,,,,last_sat_witness,,,False,,greedy,elementary,0,
ER_40_p0.30_seed2__h1_k1__r0__gurobi,ER_40_p0.30_seed2,ER,1,1,0,1,gurobi,40,226,18,,30.0,OPT,RETURNED,32,32,0.9864254000003712,59.8984375,worker_high_water,1321,24929,32,assignment_at_greedy_UB,,,False,,greedy,gurobi_optimal,2,0.9695367150002312
ER_40_p0.30_seed2__h1_k1__r1__gurobi,ER_40_p0.30_seed2,ER,1,1,1,0,gurobi,40,226,18,,30.0,OPT,RETURNED,32,32,0.9880334170002243,59.890625,worker_high_water,1321,24929,32,assignment_at_greedy_UB,,,False,,greedy,gurobi_optimal,2,0.9704557459999705
ER_40_p0.30_seed2__h1_k1__r1__cadical,ER_40_p0.30_seed2,ER,1,1,1,1,cadical,40,226,18,,30.0,FEASIBLE,WALL_TIMEOUT,32,18,30.007713206000062,,not_observed,,,,last_sat_witness,,,False,,greedy,elementary,0,
ER_40_p0.30_seed2__h1_k1__r2__cadical,ER_40_p0.30_seed2,ER,1,1,2,0,cadical,40,226,18,,30.0,FEASIBLE,WALL_TIMEOUT,32,18,30.009358282999983,,not_observed,,,,last_sat_witness,,,False,,greedy,elementary,0,
ER_40_p0.30_seed2__h1_k1__r2__gurobi,ER_40_p0.30_seed2,ER,1,1,2,1,gurobi,40,226,18,,30.0,OPT,RETURNED,32,32,0.9836837600000763,59.89453125,worker_high_water,1321,24929,32,assignment_at_greedy_UB,,,False,,greedy,gurobi_optimal,2,0.9666332860001603
ER_40_p0.30_seed2__h2_k1__r0__cadical,ER_40_p0.30_seed2,ER,2,1,0,0,cadical,40,226,18,,30.0,FEASIBLE,WALL_TIMEOUT,36,19,30.009253163000267,,not_observed,,,,last_sat_witness,,,False,,greedy,elementary,0,
ER_40_p0.30_seed2__h2_k1__r0__gurobi,ER_40_p0.30_seed2,ER,2,1,0,1,gurobi,40,226,18,,30.0,OPT,RETURNED,32,32,4.346474514999954,79.2109375,worker_high_water,1481,44213,36,assignment_at_greedy_UB,,,False,,gurobi_incumbent,gurobi_optimal,6,4.320191862000229
ER_40_p0.30_seed2__h2_k1__r1__gurobi,ER_40_p0.30_seed2,ER,2,1,1,0,gurobi,40,226,18,,30.0,OPT,RETURNED,32,32,4.518113678999725,79.234375,worker_high_water,1481,44213,36,assignment_at_greedy_UB,,,False,,gurobi_incumbent,gurobi_optimal,6,4.490320660999714
ER_40_p0.30_seed2__h2_k1__r1__cadical,ER_40_p0.30_seed2,ER,2,1,1,1,cadical,40,226,18,,30.0,FEASIBLE,WALL_TIMEOUT,36,19,30.00972418099991,,not_observed,,,,last_sat_witness,,,False,,greedy,elementary,0,
ER_40_p0.30_seed2__h2_k1__r2__cadical,ER_40_p0.30_seed2,ER,2,1,2,0,cadical,40,226,18,,30.0,FEASIBLE,WALL_TIMEOUT,36,19,30.00964949899935,,not_observed,,,,last_sat_witness,,,False,,greedy,elementary,0,
ER_40_p0.30_seed2__h2_k1__r2__gurobi,ER_40_p0.30_seed2,ER,2,1,2,1,gurobi,40,226,18,,30.0,OPT,RETURNED,32,32,17.417957169000147,81.95703125,worker_high_water,1481,44213,36,assignment_at_greedy_UB,,,False,,gurobi_incumbent,gurobi_optimal,6,17.390251281999554
ER_40_p0.30_seed2__h3_k2__r0__cadical,ER_40_p0.30_seed2,ER,3,2,0,0,cadical,40,226,18,,30.0,FEASIBLE,WALL_TIMEOUT,74,37,30.129256833,,not_observed,,,,last_sat_witness,,,False,,greedy,elementary,0,
ER_40_p0.30_seed2__h3_k2__r0__gurobi,ER_40_p0.30_seed2,ER,3,2,0,1,gurobi,40,226,18,,30.0,OPT,RETURNED,64,64,28.126599975000317,190.578125,worker_high_water,3001,200995,74,assignment_at_greedy_UB,,,False,,gurobi_incumbent,gurobi_optimal,18,28.036127023000518
ER_40_p0.30_seed2__h3_k2__r1__gurobi,ER_40_p0.30_seed2,ER,3,2,1,0,gurobi,40,226,18,,30.0,OPT,RETURNED,64,64,24.934151838000616,188.171875,worker_high_water,3001,200995,74,assignment_at_greedy_UB,,,False,,gurobi_incumbent,gurobi_optimal,18,24.83905224299997
ER_40_p0.30_seed2__h3_k2__r1__cadical,ER_40_p0.30_seed2,ER,3,2,1,1,cadical,40,226,18,,30.0,FEASIBLE,WALL_TIMEOUT,74,37,30.013411173999884,,not_observed,,,,last_sat_witness,,,False,,greedy,elementary,0,
ER_40_p0.30_seed2__h3_k2__r2__cadical,ER_40_p0.30_seed2,ER,3,2,2,0,cadical,40,226,18,,30.0,FEASIBLE,WALL_TIMEOUT,74,37,30.012796592000086,,not_observed,,,,last_sat_witness,,,False,,greedy,elementary,0,
ER_40_p0.30_seed2__h3_k2__r2__gurobi,ER_40_p0.30_seed2,ER,3,2,2,1,gurobi,40,226,18,,30.0,OPT,RETURNED,64,64,25.29222408700025,188.3671875,worker_high_water,3001,200995,74,assignment_at_greedy_UB,,,False,,gurobi_incumbent,gurobi_optimal,18,25.200825412000086
BA_40_m2_seed0__h1_k1__r0__gurobi,BA_40_m2_seed0,BA,1,1,0,0,gurobi,40,76,15,,30.0,OPT,RETURNED,15,15,0.5395202169993354,48.15625,worker_high_water,641,6112,15,assignment_at_greedy_UB,,,False,,greedy,gurobi_optimal,2,0.5303071919997819
BA_40_m2_seed0__h1_k1__r0__cadical,BA_40_m2_seed0,BA,1,1,0,1,cadical,40,76,15,,30.0,OPT,RETURNED,15,15,0.3397583420000956,33.9140625,worker_high_water,,,,last_sat_witness,0,0,True,,greedy,elementary,0,
BA_40_m2_seed0__h1_k1__r1__cadical,BA_40_m2_seed0,BA,1,1,1,0,cadical,40,76,15,,30.0,OPT,RETURNED,15,15,0.36305903200081957,34.2578125,worker_high_water,,,,last_sat_witness,0,0,True,,greedy,elementary,0,
BA_40_m2_seed0__h1_k1__r1__gurobi,BA_40_m2_seed0,BA,1,1,1,1,gurobi,40,76,15,,30.0,OPT,RETURNED,15,15,0.5618425680004293,47.09765625,worker_high_water,641,6112,15,assignment_at_greedy_UB,,,False,,greedy,gurobi_optimal,2,0.5531244450003214
BA_40_m2_seed0__h1_k1__r2__gurobi,BA_40_m2_seed0,BA,1,1,2,0,gurobi,40,76,15,,30.0,OPT,RETURNED,15,15,0.537004366000474,47.640625,worker_high_water,641,6112,15,assignment_at_greedy_UB,,,False,,greedy,gurobi_optimal,2,0.528168105000077
BA_40_m2_seed0__h1_k1__r2__cadical,BA_40_m2_seed0,BA,1,1,2,1,cadical,40,76,15,,30.0,OPT,RETURNED,15,15,0.35033839200059447,34.42578125,worker_high_water,,,,last_sat_witness,0,0,True,,greedy,elementary,0,
BA_40_m2_seed0__h2_k1__r0__gurobi,BA_40_m2_seed0,BA,2,1,0,0,gurobi,40,76,15,,30.0,OPT,RETURNED,16,16,0.7532128789998751,53.5625,worker_high_water,721,9450,17,assignment_at_greedy_UB,,,False,,gurobi_incumbent,gurobi_optimal,2,0.7410373839993554
BA_40_m2_seed0__h2_k1__r0__cadical,BA_40_m2_seed0,BA,2,1,0,1,cadical,40,76,15,,30.0,OPT,RETURNED,16,16,0.4280148759999065,44.2734375,worker_high_water,640,9441,16,last_sat_witness,776,139,True,,sat,elementary,1,0.4228643610003928
BA_40_m2_seed0__h2_k1__r1__cadical,BA_40_m2_seed0,BA,2,1,1,0,cadical,40,76,15,,30.0,OPT,RETURNED,16,16,0.42281899099998554,44.29296875,worker_high_water,640,9441,16,last_sat_witness,776,139,True,,sat,elementary,1,0.41769044200009375
BA_40_m2_seed0__h2_k1__r1__gurobi,BA_40_m2_seed0,BA,2,1,1,1,gurobi,40,76,15,,30.0,OPT,RETURNED,16,16,0.9393507520007915,53.52734375,worker_high_water,721,9450,17,assignment_at_greedy_UB,,,False,,gurobi_incumbent,gurobi_optimal,2,0.9289437250008632
BA_40_m2_seed0__h2_k1__r2__gurobi,BA_40_m2_seed0,BA,2,1,2,0,gurobi,40,76,15,,30.0,OPT,RETURNED,16,16,0.7537426730004881,52.8984375,worker_high_water,721,9450,17,assignment_at_greedy_UB,,,False,,gurobi_incumbent,gurobi_optimal,2,0.7415907900003731
BA_40_m2_seed0__h2_k1__r2__cadical,BA_40_m2_seed0,BA,2,1,2,1,cadical,40,76,15,,30.0,OPT,RETURNED,16,16,0.4407663420006429,44.2734375,worker_high_water,640,9441,16,last_sat_witness,776,139,True,,sat,elementary,1,0.43416323400015244
BA_40_m2_seed0__h3_k2__r0__gurobi,BA_40_m2_seed0,BA,3,2,0,0,gurobi,40,76,15,,30.0,OPT,RETURNED,31,31,3.677389485999811,78.546875,worker_high_water,1401,43927,34,assignment_at_greedy_UB,,,False,,gurobi_incumbent,gurobi_optimal,4,3.651451047999217
BA_40_m2_seed0__h3_k2__r0__cadical,BA_40_m2_seed0,BA,3,2,0,1,cadical,40,76,15,,30.0,OPT,RETURNED,31,31,1.562896808000005,88.2890625,worker_high_water,1240,41198,31,last_sat_witness,32658,15786,True,,sat,elementary,2,1.5559341660000428
BA_40_m2_seed0__h3_k2__r1__cadical,BA_40_m2_seed0,BA,3,2,1,0,cadical,40,76,15,,30.0,OPT,RETURNED,31,31,1.5458252750004249,85.7734375,worker_high_water,1240,41198,31,last_sat_witness,32658,15786,True,,sat,elementary,2,1.5385859050002182
BA_40_m2_seed0__h3_k2__r1__gurobi,BA_40_m2_seed0,BA,3,2,1,1,gurobi,40,76,15,,30.0,OPT,RETURNED,31,31,3.660483841000314,81.26171875,worker_high_water,1401,43927,34,assignment_at_greedy_UB,,,False,,gurobi_incumbent,gurobi_optimal,4,3.6340401080005904
BA_40_m2_seed0__h3_k2__r2__gurobi,BA_40_m2_seed0,BA,3,2,2,0,gurobi,40,76,15,,30.0,OPT,RETURNED,31,31,3.6559906950005825,79.25390625,worker_high_water,1401,43927,34,assignment_at_greedy_UB,,,False,,gurobi_incumbent,gurobi_optimal,4,3.6312335940001503
BA_40_m2_seed0__h3_k2__r2__cadical,BA_40_m2_seed0,BA,3,2,2,1,cadical,40,76,15,,30.0,OPT,RETURNED,31,31,1.7033270029996856,90.1875,worker_high_water,1240,41198,31,last_sat_witness,32658,15786,True,,sat,elementary,2,1.6963425260000804
BA_40_m2_seed1__h1_k1__r0__cadical,BA_40_m2_seed1,BA,1,1,0,0,cadical,40,76,16,,30.0,OPT,RETURNED,16,16,0.349922083999445,34.73828125,worker_high_water,,,,last_sat_witness,0,0,True,,greedy,elementary,0,
BA_40_m2_seed1__h1_k1__r0__gurobi,BA_40_m2_seed1,BA,1,1,0,1,gurobi,40,76,16,,30.0,OPT,RETURNED,16,16,0.5347670230003132,47.3515625,worker_high_water,681,6098,16,assignment_at_greedy_UB,,,False,,greedy,gurobi_optimal,2,0.5260232999999062
BA_40_m2_seed1__h1_k1__r1__gurobi,BA_40_m2_seed1,BA,1,1,1,0,gurobi,40,76,16,,30.0,OPT,RETURNED,16,16,0.5417632720000256,47.55859375,worker_high_water,681,6098,16,assignment_at_greedy_UB,,,False,,greedy,gurobi_optimal,2,0.5329750789996979
BA_40_m2_seed1__h1_k1__r1__cadical,BA_40_m2_seed1,BA,1,1,1,1,cadical,40,76,16,,30.0,OPT,RETURNED,16,16,0.3447347279998212,34.67578125,worker_high_water,,,,last_sat_witness,0,0,True,,greedy,elementary,0,
BA_40_m2_seed1__h1_k1__r2__cadical,BA_40_m2_seed1,BA,1,1,2,0,cadical,40,76,16,,30.0,OPT,RETURNED,16,16,0.3423557890000666,33.8125,worker_high_water,,,,last_sat_witness,0,0,True,,greedy,elementary,0,
BA_40_m2_seed1__h1_k1__r2__gurobi,BA_40_m2_seed1,BA,1,1,2,1,gurobi,40,76,16,,30.0,OPT,RETURNED,16,16,0.5408898949999639,47.5703125,worker_high_water,681,6098,16,assignment_at_greedy_UB,,,False,,greedy,gurobi_optimal,2,0.5320527129997572
BA_40_m2_seed1__h2_k1__r0__cadical,BA_40_m2_seed1,BA,2,1,0,0,cadical,40,76,16,,30.0,OPT,RETURNED,17,17,0.4238946969999233,44.49609375,worker_high_water,680,9596,17,last_sat_witness,454,11,True,,sat,elementary,1,0.41888097599985485
BA_40_m2_seed1__h2_k1__r0__gurobi,BA_40_m2_seed1,BA,2,1,0,1,gurobi,40,76,16,,30.0,OPT,RETURNED,17,17,0.8986977409995234,52.8046875,worker_high_water,761,9542,18,assignment_at_greedy_UB,,,False,,gurobi_incumbent,gurobi_optimal,2,0.8873628339997595
BA_40_m2_seed1__h2_k1__r1__gurobi,BA_40_m2_seed1,BA,2,1,1,0,gurobi,40,76,16,,30.0,OPT,RETURNED,17,17,0.7226537179994921,52.26171875,worker_high_water,761,9542,18,assignment_at_greedy_UB,,,False,,gurobi_incumbent,gurobi_optimal,2,0.7122635460000311
BA_40_m2_seed1__h2_k1__r1__cadical,BA_40_m2_seed1,BA,2,1,1,1,cadical,40,76,16,,30.0,OPT,RETURNED,17,17,0.42434084700016683,44.53125,worker_high_water,680,9596,17,last_sat_witness,454,11,True,,sat,elementary,1,0.41914830899986555
BA_40_m2_seed1__h2_k1__r2__cadical,BA_40_m2_seed1,BA,2,1,2,0,cadical,40,76,16,,30.0,OPT,RETURNED,17,17,0.41838379700038786,44.75,worker_high_water,680,9596,17,last_sat_witness,454,11,True,,sat,elementary,1,0.4133623309999166
BA_40_m2_seed1__h2_k1__r2__gurobi,BA_40_m2_seed1,BA,2,1,2,1,gurobi,40,76,16,,30.0,OPT,RETURNED,17,17,0.7091791789998751,52.5546875,worker_high_water,761,9542,18,assignment_at_greedy_UB,,,False,,gurobi_incumbent,gurobi_optimal,2,0.6990371319998303
BA_40_m2_seed1__h3_k2__r0__cadical,BA_40_m2_seed1,BA,3,2,0,0,cadical,40,76,16,,30.0,OPT,RETURNED,33,33,1.7793770420003057,91.3828125,worker_high_water,1320,41544,33,last_sat_witness,29500,10633,True,,sat,elementary,3,1.7726608550001401
BA_40_m2_seed1__h3_k2__r0__gurobi,BA_40_m2_seed1,BA,3,2,0,1,gurobi,40,76,16,,30.0,OPT,RETURNED,33,33,2.544921929999873,75.78515625,worker_high_water,1561,46414,38,assignment_at_greedy_UB,,,False,,gurobi_incumbent,gurobi_optimal,4,2.5200488529999348
BA_40_m2_seed1__h3_k2__r1__gurobi,BA_40_m2_seed1,BA,3,2,1,0,gurobi,40,76,16,,30.0,OPT,RETURNED,33,33,2.547710477999317,75.8125,worker_high_water,1561,46414,38,assignment_at_greedy_UB,,,False,,gurobi_incumbent,gurobi_optimal,4,2.522509770999932
BA_40_m2_seed1__h3_k2__r1__cadical,BA_40_m2_seed1,BA,3,2,1,1,cadical,40,76,16,,30.0,OPT,RETURNED,33,33,1.78231242900074,98.19921875,worker_high_water,1320,41544,33,last_sat_witness,29500,10633,True,,sat,elementary,3,1.7749489060006454
BA_40_m2_seed1__h3_k2__r2__cadical,BA_40_m2_seed1,BA,3,2,2,0,cadical,40,76,16,,30.0,OPT,RETURNED,33,33,1.7754963810002664,100.88671875,worker_high_water,1320,41544,33,last_sat_witness,29500,10633,True,,sat,elementary,3,1.7675960599999598
BA_40_m2_seed1__h3_k2__r2__gurobi,BA_40_m2_seed1,BA,3,2,2,1,gurobi,40,76,16,,30.0,OPT,RETURNED,33,33,2.6818250910000643,75.6953125,worker_high_water,1561,46414,38,assignment_at_greedy_UB,,,False,,gurobi_incumbent,gurobi_optimal,4,2.6569716660005724
BA_40_m2_seed2__h1_k1__r0__gurobi,BA_40_m2_seed2,BA,1,1,0,0,gurobi,40,76,16,,30.0,OPT,RETURNED,16,16,0.5376312200005486,47.47265625,worker_high_water,681,6081,16,assignment_at_greedy_UB,,,False,,greedy,gurobi_optimal,2,0.5286909320002451
BA_40_m2_seed2__h1_k1__r0__cadical,BA_40_m2_seed2,BA,1,1,0,1,cadical,40,76,16,,30.0,OPT,RETURNED,16,16,0.3393364510002357,34.58984375,worker_high_water,,,,last_sat_witness,0,0,True,,greedy,elementary,0,
BA_40_m2_seed2__h1_k1__r1__cadical,BA_40_m2_seed2,BA,1,1,1,0,cadical,40,76,16,,30.0,OPT,RETURNED,16,16,0.35134770199965715,34.44140625,worker_high_water,,,,last_sat_witness,0,0,True,,greedy,elementary,0,
BA_40_m2_seed2__h1_k1__r1__gurobi,BA_40_m2_seed2,BA,1,1,1,1,gurobi,40,76,16,,30.0,OPT,RETURNED,16,16,0.5327099159994759,47.68359375,worker_high_water,681,6081,16,assignment_at_greedy_UB,,,False,,greedy,gurobi_optimal,2,0.5228862940002728
BA_40_m2_seed2__h1_k1__r2__gurobi,BA_40_m2_seed2,BA,1,1,2,0,gurobi,40,76,16,,30.0,OPT,RETURNED,16,16,0.5702293240001381,47.48046875,worker_high_water,681,6081,16,assignment_at_greedy_UB,,,False,,greedy,gurobi_optimal,2,0.561365188000309
BA_40_m2_seed2__h1_k1__r2__cadical,BA_40_m2_seed2,BA,1,1,2,1,cadical,40,76,16,,30.0,OPT,RETURNED,16,16,0.35006188900024426,33.93359375,worker_high_water,,,,last_sat_witness,0,0,True,,greedy,elementary,0,
BA_40_m2_seed2__h2_k1__r0__gurobi,BA_40_m2_seed2,BA,2,1,0,0,gurobi,40,76,16,,30.0,OPT,RETURNED,17,17,0.7326665720001984,53.0546875,worker_high_water,761,9523,18,assignment_at_greedy_UB,,,False,,gurobi_incumbent,gurobi_optimal,2,0.7216009170006146
BA_40_m2_seed2__h2_k1__r0__cadical,BA_40_m2_seed2,BA,2,1,0,1,cadical,40,76,16,,30.0,OPT,RETURNED,17,17,0.4335014839998621,44.33203125,worker_high_water,680,9578,17,last_sat_witness,647,64,True,,sat,elementary,1,0.4281737459996293
BA_40_m2_seed2__h2_k1__r1__cadical,BA_40_m2_seed2,BA,2,1,1,0,cadical,40,76,16,,30.0,OPT,RETURNED,17,17,0.5569473619998462,44.3046875,worker_high_water,680,9578,17,last_sat_witness,647,64,True,,sat,elementary,1,0.5513541820000682
BA_40_m2_seed2__h2_k1__r1__gurobi,BA_40_m2_seed2,BA,2,1,1,1,gurobi,40,76,16,,30.0,OPT,RETURNED,17,17,0.7426092699997753,52.60546875,worker_high_water,761,9523,18,assignment_at_greedy_UB,,,False,,gurobi_incumbent,gurobi_optimal,2,0.7310843699997349
BA_40_m2_seed2__h2_k1__r2__gurobi,BA_40_m2_seed2,BA,2,1,2,0,gurobi,40,76,16,,30.0,OPT,RETURNED,17,17,0.7374468269999852,52.86328125,worker_high_water,761,9523,18,assignment_at_greedy_UB,,,False,,gurobi_incumbent,gurobi_optimal,2,0.7272144920007122
BA_40_m2_seed2__h2_k1__r2__cadical,BA_40_m2_seed2,BA,2,1,2,1,cadical,40,76,16,,30.0,OPT,RETURNED,17,17,0.4228028600000471,44.34765625,worker_high_water,680,9578,17,last_sat_witness,647,64,True,,sat,elementary,1,0.4175808619993404
BA_40_m2_seed2__h3_k2__r0__gurobi,BA_40_m2_seed2,BA,3,2,0,0,gurobi,40,76,16,,30.0,OPT,RETURNED,33,33,3.2199537919996146,78.72265625,worker_high_water,1481,43877,36,assignment_at_greedy_UB,,,False,,gurobi_incumbent,gurobi_optimal,3,3.1957564430003913
BA_40_m2_seed2__h3_k2__r0__cadical,BA_40_m2_seed2,BA,3,2,0,1,cadical,40,76,16,,30.0,OPT,RETURNED,33,33,1.1947866420005084,90.97265625,worker_high_water,1320,41444,33,last_sat_witness,16253,6891,True,,sat,elementary,2,1.1876906770003188
BA_40_m2_seed2__h3_k2__r1__cadical,BA_40_m2_seed2,BA,3,2,1,0,cadical,40,76,16,,30.0,OPT,RETURNED,33,33,1.191189817999657,88.4921875,worker_high_water,1320,41444,33,last_sat_witness,16253,6891,True,,sat,elementary,2,1.1840511649998007
BA_40_m2_seed2__h3_k2__r1__gurobi,BA_40_m2_seed2,BA,3,2,1,1,gurobi,40,76,16,,30.0,OPT,RETURNED,33,33,3.5622609900001407,79.45703125,worker_high_water,1481,43877,36,assignment_at_greedy_UB,,,False,,gurobi_incumbent,gurobi_optimal,3,3.537859025000216
BA_40_m2_seed2__h3_k2__r2__gurobi,BA_40_m2_seed2,BA,3,2,2,0,gurobi,40,76,16,,30.0,OPT,RETURNED,33,33,3.25343992299986,79.59765625,worker_high_water,1481,43877,36,assignment_at_greedy_UB,,,False,,gurobi_incumbent,gurobi_optimal,3,3.227280783000424
BA_40_m2_seed2__h3_k2__r2__cadical,BA_40_m2_seed2,BA,3,2,2,1,cadical,40,76,16,,30.0,OPT,RETURNED,33,33,1.2043124279998665,91.37890625,worker_high_water,1320,41444,33,last_sat_witness,16253,6891,True,,sat,elementary,2,1.1972372699992775
ER_60_p0.15_seed0__h1_k1__r0__cadical,ER_60_p0.15_seed0,ER,1,1,0,0,cadical,60,272,17,,30.0,FEASIBLE,WALL_TIMEOUT,22,17,30.008844439000313,,not_observed,1320,33621,22,last_sat_witness,2761,498,False,,sat,elementary,1,0.6350514019995899
ER_60_p0.15_seed0__h1_k1__r0__gurobi,ER_60_p0.15_seed0,ER,1,1,0,1,gurobi,60,272,17,,30.0,FEASIBLE,WALL_TIMEOUT,24,17,30.008347843000593,,not_observed,1681,39516,27,assignment_at_greedy_UB,,,False,,gurobi_incumbent,elementary,3,22.747194431000025
ER_60_p0.15_seed0__h1_k1__r1__gurobi,ER_60_p0.15_seed0,ER,1,1,1,0,gurobi,60,272,17,,30.0,FEASIBLE,WALL_TIMEOUT,24,17,30.008861644999342,,not_observed,1681,39516,27,assignment_at_greedy_UB,,,False,,gurobi_incumbent,elementary,3,22.538108440999167
ER_60_p0.15_seed0__h1_k1__r1__cadical,ER_60_p0.15_seed0,ER,1,1,1,1,cadical,60,272,17,,30.0,FEASIBLE,WALL_TIMEOUT,22,17,30.0084871250001,,not_observed,1320,33621,22,last_sat_witness,2761,498,False,,sat,elementary,1,0.6530899710005542
ER_60_p0.15_seed0__h1_k1__r2__cadical,ER_60_p0.15_seed0,ER,1,1,2,0,cadical,60,272,17,,30.0,FEASIBLE,WALL_TIMEOUT,22,17,30.00866109799972,,not_observed,1320,33621,22,last_sat_witness,2761,498,False,,sat,elementary,1,0.6728376549999666
ER_60_p0.15_seed0__h1_k1__r2__gurobi,ER_60_p0.15_seed0,ER,1,1,2,1,gurobi,60,272,17,,30.0,FEASIBLE,WALL_TIMEOUT,24,17,30.008011764000003,,not_observed,1681,39516,27,assignment_at_greedy_UB,,,False,,gurobi_incumbent,elementary,3,23.82364651700027
ER_60_p0.15_seed0__h2_k1__r0__cadical,ER_60_p0.15_seed0,ER,2,1,0,0,cadical,60,272,17,,30.0,FEASIBLE,WALL_TIMEOUT,24,18,30.008670598000208,,not_observed,1440,49611,24,last_sat_witness,19359,6173,False,,sat,elementary,1,1.3602693829998316
ER_60_p0.15_seed0__h2_k1__r0__gurobi,ER_60_p0.15_seed0,ER,2,1,0,1,gurobi,60,272,17,,30.0,FEASIBLE,WALL_TIMEOUT,30,18,30.01006888699976,,not_observed,1921,62008,31,assignment_at_greedy_UB,,,False,,gurobi_incumbent,elementary,1,18.72517741899992
ER_60_p0.15_seed0__h2_k1__r1__gurobi,ER_60_p0.15_seed0,ER,2,1,1,0,gurobi,60,272,17,,30.0,FEASIBLE,WALL_TIMEOUT,30,18,30.011590619000344,,not_observed,1921,62008,31,assignment_at_greedy_UB,,,False,,gurobi_incumbent,elementary,1,18.156186223000077
ER_60_p0.15_seed0__h2_k1__r1__cadical,ER_60_p0.15_seed0,ER,2,1,1,1,cadical,60,272,17,,30.0,FEASIBLE,WALL_TIMEOUT,24,18,30.011283271999673,,not_observed,1440,49611,24,last_sat_witness,19359,6173,False,,sat,elementary,1,1.685856218000481
ER_60_p0.15_seed0__h2_k1__r2__cadical,ER_60_p0.15_seed0,ER,2,1,2,0,cadical,60,272,17,,30.0,FEASIBLE,WALL_TIMEOUT,24,18,30.009379492000335,,not_observed,1440,49611,24,last_sat_witness,19359,6173,False,,sat,elementary,1,1.402921421999963
ER_60_p0.15_seed0__h2_k1__r2__gurobi,ER_60_p0.15_seed0,ER,2,1,2,1,gurobi,60,272,17,,30.0,FEASIBLE,WALL_TIMEOUT,30,18,30.01222528100061,,not_observed,1921,62008,31,assignment_at_greedy_UB,,,False,,gurobi_incumbent,elementary,1,20.82152580500042
ER_60_p0.15_seed0__h3_k2__r0__cadical,ER_60_p0.15_seed0,ER,3,2,0,0,cadical,60,272,17,,30.0,FEASIBLE,WALL_TIMEOUT,50,35,30.023916039999676,,not_observed,3000,242053,50,last_sat_witness,116963,42362,False,,sat,elementary,1,8.89092576799976
ER_60_p0.15_seed0__h3_k2__r0__gurobi,ER_60_p0.15_seed0,ER,3,2,0,1,gurobi,60,272,17,,30.0,FEASIBLE,WALL_TIMEOUT,60,35,30.026315260000047,,not_observed,4021,315473,66,assignment_at_greedy_UB,,,False,,gurobi_incumbent,elementary,1,12.501600086000508
ER_60_p0.15_seed0__h3_k2__r1__gurobi,ER_60_p0.15_seed0,ER,3,2,1,0,gurobi,60,272,17,,30.0,FEASIBLE,WALL_TIMEOUT,60,35,30.03594415400039,,not_observed,4021,315473,66,assignment_at_greedy_UB,,,False,,gurobi_incumbent,elementary,1,12.117796473999988
ER_60_p0.15_seed0__h3_k2__r1__cadical,ER_60_p0.15_seed0,ER,3,2,1,1,cadical,60,272,17,,30.0,FEASIBLE,WALL_TIMEOUT,50,35,30.0205474330005,,not_observed,3000,242053,50,last_sat_witness,116963,42362,False,,sat,elementary,1,10.06466587200066
ER_60_p0.15_seed0__h3_k2__r2__cadical,ER_60_p0.15_seed0,ER,3,2,2,0,cadical,60,272,17,,30.0,FEASIBLE,WALL_TIMEOUT,50,35,30.022318873000586,,not_observed,3000,242053,50,last_sat_witness,116963,42362,False,,sat,elementary,1,9.088831019000281
ER_60_p0.15_seed0__h3_k2__r2__gurobi,ER_60_p0.15_seed0,ER,3,2,2,1,gurobi,60,272,17,,30.0,FEASIBLE,WALL_TIMEOUT,60,35,30.063360507000652,,not_observed,4021,315473,66,assignment_at_greedy_UB,,,False,,gurobi_incumbent,elementary,1,11.872123917000863
ER_60_p0.15_seed1__h1_k1__r0__gurobi,ER_60_p0.15_seed1,ER,1,1,0,0,gurobi,60,261,17,,30.0,FEASIBLE,WALL_TIMEOUT,22,17,30.00947707999967,,not_observed,1681,38088,27,assignment_at_greedy_UB,,,False,,gurobi_incumbent,elementary,5,28.41553434599973
ER_60_p0.15_seed1__h1_k1__r0__cadical,ER_60_p0.15_seed1,ER,1,1,0,1,cadical,60,261,17,,30.0,FEASIBLE,WALL_TIMEOUT,22,17,30.009455861000788,,not_observed,1320,32448,22,last_sat_witness,1151,370,False,,sat,elementary,1,0.9622515180008122
ER_60_p0.15_seed1__h1_k1__r1__cadical,ER_60_p0.15_seed1,ER,1,1,1,0,cadical,60,261,17,,30.0,FEASIBLE,WALL_TIMEOUT,22,17,30.00951888600048,,not_observed,1320,32448,22,last_sat_witness,1151,370,False,,sat,elementary,1,0.6005360440003642
ER_60_p0.15_seed1__h1_k1__r1__gurobi,ER_60_p0.15_seed1,ER,1,1,1,1,gurobi,60,261,17,,30.0,FEASIBLE,WALL_TIMEOUT,22,17,30.010949857000014,,not_observed,1681,38088,27,assignment_at_greedy_UB,,,False,,gurobi_incumbent,elementary,5,21.25397794699984
ER_60_p0.15_seed1__h1_k1__r2__gurobi,ER_60_p0.15_seed1,ER,1,1,2,0,gurobi,60,261,17,,30.0,FEASIBLE,WALL_TIMEOUT,22,17,30.010638370999914,,not_observed,1681,38088,27,assignment_at_greedy_UB,,,False,,gurobi_incumbent,elementary,5,21.014955826000005
ER_60_p0.15_seed1__h1_k1__r2__cadical,ER_60_p0.15_seed1,ER,1,1,2,1,cadical,60,261,17,,30.0,FEASIBLE,WALL_TIMEOUT,22,17,30.04485833200033,,not_observed,1320,32448,22,last_sat_witness,1151,370,False,,sat,elementary,1,0.9120607989998462
ER_60_p0.15_seed1__h2_k1__r0__gurobi,ER_60_p0.15_seed1,ER,2,1,0,0,gurobi,60,261,17,,30.0,FEASIBLE,WALL_TIMEOUT,26,18,30.01229703199988,,not_observed,1921,59694,31,assignment_at_greedy_UB,,,False,,gurobi_incumbent,elementary,5,24.339457274999404
ER_60_p0.15_seed1__h2_k1__r0__cadical,ER_60_p0.15_seed1,ER,2,1,0,1,cadical,60,261,17,,30.0,FEASIBLE,WALL_TIMEOUT,24,18,30.00912713300022,,not_observed,1440,47808,24,last_sat_witness,9455,3526,False,,sat,elementary,1,1.2848732080001355
ER_60_p0.15_seed1__h2_k1__r1__cadical,ER_60_p0.15_seed1,ER,2,1,1,0,cadical,60,261,17,,30.0,FEASIBLE,WALL_TIMEOUT,24,18,30.009818740999435,,not_observed,1440,47808,24,last_sat_witness,9455,3526,False,,sat,elementary,1,1.4113201230002232
ER_60_p0.15_seed1__h2_k1__r1__gurobi,ER_60_p0.15_seed1,ER,2,1,1,1,gurobi,60,261,17,,30.0,FEASIBLE,WALL_TIMEOUT,26,18,30.013204535000114,,not_observed,1921,59694,31,assignment_at_greedy_UB,,,False,,gurobi_incumbent,elementary,5,22.921975360999568
ER_60_p0.15_seed1__h2_k1__r2__gurobi,ER_60_p0.15_seed1,ER,2,1,2,0,gurobi,60,261,17,,30.0,FEASIBLE,WALL_TIMEOUT,26,18,30.010653567999725,,not_observed,1921,59694,31,assignment_at_greedy_UB,,,False,,gurobi_incumbent,elementary,5,23.069911427999614
ER_60_p0.15_seed1__h2_k1__r2__cadical,ER_60_p0.15_seed1,ER,2,1,2,1,cadical,60,261,17,,30.0,FEASIBLE,WALL_TIMEOUT,24,18,30.010518025999772,,not_observed,1440,47808,24,last_sat_witness,9455,3526,False,,sat,elementary,1,0.913624926999546
ER_60_p0.15_seed1__h3_k2__r0__gurobi,ER_60_p0.15_seed1,ER,3,2,0,0,gurobi,60,261,17,,30.0,FEASIBLE,WALL_TIMEOUT,61,35,30.05992461200003,,not_observed,3901,294714,64,assignment_at_greedy_UB,,,False,,gurobi_incumbent,elementary,2,21.400901018000695
ER_60_p0.15_seed1__h3_k2__r0__cadical,ER_60_p0.15_seed1,ER,3,2,0,1,cadical,60,261,17,,30.0,FEASIBLE,WALL_TIMEOUT,49,35,30.017787494000004,,not_observed,2940,228624,49,last_sat_witness,139940,59283,False,,sat,elementary,1,16.532006356000238
ER_60_p0.15_seed1__h3_k2__r1__cadical,ER_60_p0.15_seed1,ER,3,2,1,0,cadical,60,261,17,,30.0,FEASIBLE,WALL_TIMEOUT,49,35,30.019940002999647,,not_observed,2940,228624,49,last_sat_witness,139940,59283,False,,sat,elementary,1,9.96351623299961
ER_60_p0.15_seed1__h3_k2__r1__gurobi,ER_60_p0.15_seed1,ER,3,2,1,1,gurobi,60,261,17,,30.0,FEASIBLE,WALL_TIMEOUT,61,35,30.021372701000473,,not_observed,3901,294714,64,assignment_at_greedy_UB,,,False,,gurobi_incumbent,elementary,2,15.914887930000077
ER_60_p0.15_seed1__h3_k2__r2__gurobi,ER_60_p0.15_seed1,ER,3,2,2,0,gurobi,60,261,17,,30.0,FEASIBLE,WALL_TIMEOUT,61,35,30.02094474400019,,not_observed,3901,294714,64,assignment_at_greedy_UB,,,False,,gurobi_incumbent,elementary,2,15.738875633999669
ER_60_p0.15_seed1__h3_k2__r2__cadical,ER_60_p0.15_seed1,ER,3,2,2,1,cadical,60,261,17,,30.0,FEASIBLE,WALL_TIMEOUT,49,35,30.017742557999554,,not_observed,2940,228624,49,last_sat_witness,139940,59283,False,,sat,elementary,1,9.400075731999095
ER_60_p0.15_seed2__h1_k1__r0__cadical,ER_60_p0.15_seed2,ER,1,1,0,0,cadical,60,251,14,,30.0,FEASIBLE,WALL_TIMEOUT,25,14,30.008602543999586,,not_observed,,,,last_sat_witness,,,False,,greedy,elementary,0,
ER_60_p0.15_seed2__h1_k1__r0__gurobi,ER_60_p0.15_seed2,ER,1,1,0,1,gurobi,60,251,14,,30.0,FEASIBLE,WALL_TIMEOUT,20,17,30.011338168000293,,not_observed,1561,33946,25,assignment_at_greedy_UB,,,False,,gurobi_incumbent,gurobi_dual,8,24.595206913000766
ER_60_p0.15_seed2__h1_k1__r1__gurobi,ER_60_p0.15_seed2,ER,1,1,1,0,gurobi,60,251,14,,30.0,FEASIBLE,WALL_TIMEOUT,20,17,30.00946788100009,,not_observed,1561,33946,25,assignment_at_greedy_UB,,,False,,gurobi_incumbent,gurobi_dual,8,24.628791904000536
ER_60_p0.15_seed2__h1_k1__r1__cadical,ER_60_p0.15_seed2,ER,1,1,1,1,cadical,60,251,14,,30.0,FEASIBLE,WALL_TIMEOUT,25,14,30.009121134000452,,not_observed,,,,last_sat_witness,,,False,,greedy,elementary,0,
ER_60_p0.15_seed2__h1_k1__r2__cadical,ER_60_p0.15_seed2,ER,1,1,2,0,cadical,60,251,14,,30.0,FEASIBLE,WALL_TIMEOUT,25,14,30.00798017699981,,not_observed,,,,last_sat_witness,,,False,,greedy,elementary,0,
ER_60_p0.15_seed2__h1_k1__r2__gurobi,ER_60_p0.15_seed2,ER,1,1,2,1,gurobi,60,251,14,,30.0,FEASIBLE,WALL_TIMEOUT,20,17,30.010460907999914,,not_observed,1561,33946,25,assignment_at_greedy_UB,,,False,,gurobi_incumbent,gurobi_dual,8,24.85917150700061
ER_60_p0.15_seed2__h2_k1__r0__cadical,ER_60_p0.15_seed2,ER,2,1,0,0,cadical,60,251,14,,30.0,FEASIBLE,WALL_TIMEOUT,21,15,30.008401405999393,,not_observed,1260,40364,21,last_sat_witness,104788,52017,False,,sat,elementary,1,4.146357113999329
ER_60_p0.15_seed2__h2_k1__r0__gurobi,ER_60_p0.15_seed2,ER,2,1,0,1,gurobi,60,251,14,,30.0,FEASIBLE,WALL_TIMEOUT,24,15,30.010622976000377,,not_observed,1741,51905,28,assignment_at_greedy_UB,,,False,,gurobi_incumbent,elementary,3,18.11315701700005
ER_60_p0.15_seed2__h2_k1__r1__gurobi,ER_60_p0.15_seed2,ER,2,1,1,0,gurobi,60,251,14,,30.0,FEASIBLE,WALL_TIMEOUT,24,15,30.009817164000196,,not_observed,1741,51905,28,assignment_at_greedy_UB,,,False,,gurobi_incumbent,elementary,3,17.41479817199979
ER_60_p0.15_seed2__h2_k1__r1__cadical,ER_60_p0.15_seed2,ER,2,1,1,1,cadical,60,251,14,,30.0,FEASIBLE,WALL_TIMEOUT,21,15,30.00814368200008,,not_observed,1260,40364,21,last_sat_witness,104788,52017,False,,sat,elementary,1,3.1609349470008965
ER_60_p0.15_seed2__h2_k1__r2__cadical,ER_60_p0.15_seed2,ER,2,1,2,0,cadical,60,251,14,,30.0,FEASIBLE,WALL_TIMEOUT,21,15,30.008642444000543,,not_observed,1260,40364,21,last_sat_witness,104788,52017,False,,sat,elementary,1,3.1906967340000847
ER_60_p0.15_seed2__h2_k1__r2__gurobi,ER_60_p0.15_seed2,ER,2,1,2,1,gurobi,60,251,14,,30.0,FEASIBLE,WALL_TIMEOUT,24,15,30.012255831999937,,not_observed,1741,51905,28,assignment_at_greedy_UB,,,False,,gurobi_incumbent,elementary,3,19.465944547000618
ER_60_p0.15_seed2__h3_k2__r0__cadical,ER_60_p0.15_seed2,ER,3,2,0,0,cadical,60,251,14,,30.0,FEASIBLE,WALL_TIMEOUT,46,29,30.014284425999904,,not_observed,2760,206129,46,last_sat_witness,36035,9565,False,,sat,elementary,1,4.185873866000293
ER_60_p0.15_seed2__h3_k2__r0__gurobi,ER_60_p0.15_seed2,ER,3,2,0,1,gurobi,60,251,14,,30.0,FEASIBLE,WALL_TIMEOUT,55,29,30.039140973999565,,not_observed,3841,278434,63,assignment_at_greedy_UB,,,False,,gurobi_incumbent,elementary,1,11.912475743999494
ER_60_p0.15_seed2__h3_k2__r1__gurobi,ER_60_p0.15_seed2,ER,3,2,1,0,gurobi,60,251,14,,30.0,FEASIBLE,WALL_TIMEOUT,55,29,30.027528066999366,,not_observed,3841,278434,63,assignment_at_greedy_UB,,,False,,gurobi_incumbent,elementary,1,13.669638929999564
ER_60_p0.15_seed2__h3_k2__r1__cadical,ER_60_p0.15_seed2,ER,3,2,1,1,cadical,60,251,14,,30.0,FEASIBLE,WALL_TIMEOUT,46,29,30.012925091000398,,not_observed,2760,206129,46,last_sat_witness,36035,9565,False,,sat,elementary,1,3.976453445000516
ER_60_p0.15_seed2__h3_k2__r2__cadical,ER_60_p0.15_seed2,ER,3,2,2,0,cadical,60,251,14,,30.0,FEASIBLE,WALL_TIMEOUT,46,29,30.01431652300016,,not_observed,2760,206129,46,last_sat_witness,36035,9565,False,,sat,elementary,1,3.699739541000781
ER_60_p0.15_seed2__h3_k2__r2__gurobi,ER_60_p0.15_seed2,ER,3,2,2,1,gurobi,60,251,14,,30.0,FEASIBLE,WALL_TIMEOUT,55,29,30.02251241399972,,not_observed,3841,278434,63,assignment_at_greedy_UB,,,False,,gurobi_incumbent,elementary,1,11.173608201000206
ER_60_p0.30_seed0__h1_k1__r0__gurobi,ER_60_p0.30_seed0,ER,1,1,0,0,gurobi,60,510,24,,30.0,OPT,RETURNED,55,55,3.297374729000694,106.35546875,worker_high_water,3421,100497,56,assignment_at_greedy_UB,,,False,,gurobi_incumbent,gurobi_optimal,4,3.234709051000209
ER_60_p0.30_seed0__h1_k1__r0__cadical,ER_60_p0.30_seed0,ER,1,1,0,1,cadical,60,510,24,,30.0,FEASIBLE,WALL_TIMEOUT,56,24,30.01128729999982,,not_observed,,,,last_sat_witness,,,False,,greedy,elementary,0,
ER_60_p0.30_seed0__h1_k1__r1__cadical,ER_60_p0.30_seed0,ER,1,1,1,0,cadical,60,510,24,,30.0,FEASIBLE,WALL_TIMEOUT,56,24,30.01172753100036,,not_observed,,,,last_sat_witness,,,False,,greedy,elementary,0,
ER_60_p0.30_seed0__h1_k1__r1__gurobi,ER_60_p0.30_seed0,ER,1,1,1,1,gurobi,60,510,24,,30.0,OPT,RETURNED,55,55,3.553084912000486,106.453125,worker_high_water,3421,100497,56,assignment_at_greedy_UB,,,False,,gurobi_incumbent,gurobi_optimal,4,3.497006204999707
ER_60_p0.30_seed0__h1_k1__r2__gurobi,ER_60_p0.30_seed0,ER,1,1,2,0,gurobi,60,510,24,,30.0,OPT,RETURNED,55,55,3.083698307999839,106.47265625,worker_high_water,3421,100497,56,assignment_at_greedy_UB,,,False,,gurobi_incumbent,gurobi_optimal,4,3.0330086059993846
ER_60_p0.30_seed0__h1_k1__r2__cadical,ER_60_p0.30_seed0,ER,1,1,2,1,cadical,60,510,24,,30.0,FEASIBLE,WALL_TIMEOUT,56,24,30.010817864000273,,not_observed,,,,last_sat_witness,,,False,,greedy,elementary,0,
ER_60_p0.30_seed0__h2_k1__r0__gurobi,ER_60_p0.30_seed0,ER,2,1,0,0,gurobi,60,510,24,,30.0,OPT,RETURNED,55,55,10.495307457999843,143.53125,worker_high_water,3481,160398,57,assignment_at_greedy_UB,,,False,,gurobi_incumbent,gurobi_optimal,7,10.413257924999925
ER_60_p0.30_seed0__h2_k1__r0__cadical,ER_60_p0.30_seed0,ER,2,1,0,1,cadical,60,510,24,,30.0,FEASIBLE,WALL_TIMEOUT,57,25,30.016278520000014,,not_observed,,,,last_sat_witness,,,False,,greedy,elementary,0,
ER_60_p0.30_seed0__h2_k1__r1__cadical,ER_60_p0.30_seed0,ER,2,1,1,0,cadical,60,510,24,,30.0,FEASIBLE,WALL_TIMEOUT,57,25,30.0270097800003,,not_observed,,,,last_sat_witness,,,False,,greedy,elementary,0,
ER_60_p0.30_seed0__h2_k1__r1__gurobi,ER_60_p0.30_seed0,ER,2,1,1,1,gurobi,60,510,24,,30.0,OPT,RETURNED,55,55,11.85886118399958,143.0390625,worker_high_water,3481,160398,57,assignment_at_greedy_UB,,,False,,gurobi_incumbent,gurobi_optimal,7,11.791313566000099
ER_60_p0.30_seed0__h2_k1__r2__gurobi,ER_60_p0.30_seed0,ER,2,1,2,0,gurobi,60,510,24,,30.0,OPT,RETURNED,55,55,8.037394760999632,142.89453125,worker_high_water,3481,160398,57,assignment_at_greedy_UB,,,False,,gurobi_incumbent,gurobi_optimal,7,7.9791525299997375
ER_60_p0.30_seed0__h2_k1__r2__cadical,ER_60_p0.30_seed0,ER,2,1,2,1,cadical,60,510,24,,30.0,FEASIBLE,WALL_TIMEOUT,57,25,30.016219170999648,,not_observed,,,,last_sat_witness,,,False,,greedy,elementary,0,
ER_60_p0.30_seed0__h3_k2__r0__gurobi,ER_60_p0.30_seed0,ER,3,2,0,0,gurobi,60,510,24,,30.0,FEASIBLE,WALL_TIMEOUT,114,49,30.032487581999703,,not_observed,7561,788736,125,assignment_at_greedy_UB,,,False,,gurobi_incumbent,elementary,6,28.986864407999747
ER_60_p0.30_seed0__h3_k2__r0__cadical,ER_60_p0.30_seed0,ER,3,2,0,1,cadical,60,510,24,,30.0,FEASIBLE,WALL_TIMEOUT,125,49,30.027849645999595,,not_observed,,,,last_sat_witness,,,False,,greedy,elementary,0,
ER_60_p0.30_seed0__h3_k2__r1__cadical,ER_60_p0.30_seed0,ER,3,2,1,0,cadical,60,510,24,,30.0,FEASIBLE,WALL_TIMEOUT,125,49,30.031865935000496,,not_observed,,,,last_sat_witness,,,False,,greedy,elementary,0,
ER_60_p0.30_seed0__h3_k2__r1__gurobi,ER_60_p0.30_seed0,ER,3,2,1,1,gurobi,60,510,24,,30.0,FEASIBLE,WALL_TIMEOUT,114,49,30.045811076000064,,not_observed,7561,788736,125,assignment_at_greedy_UB,,,False,,gurobi_incumbent,elementary,6,29.766858328000126
ER_60_p0.30_seed0__h3_k2__r2__gurobi,ER_60_p0.30_seed0,ER,3,2,2,0,gurobi,60,510,24,,30.0,FEASIBLE,WALL_TIMEOUT,118,49,30.040272565000123,,not_observed,7561,788736,125,assignment_at_greedy_UB,,,False,,gurobi_incumbent,elementary,4,21.775301465000666
ER_60_p0.30_seed0__h3_k2__r2__cadical,ER_60_p0.30_seed0,ER,3,2,2,1,cadical,60,510,24,,30.0,FEASIBLE,WALL_TIMEOUT,125,49,30.027632250999886,,not_observed,,,,last_sat_witness,,,False,,greedy,elementary,0,
ER_60_p0.30_seed1__h1_k1__r0__cadical,ER_60_p0.30_seed1,ER,1,1,0,0,cadical,60,518,28,,30.0,FEASIBLE,WALL_TIMEOUT,55,28,30.009529410999676,,not_observed,,,,last_sat_witness,,,False,,greedy,elementary,0,
ER_60_p0.30_seed1__h1_k1__r0__gurobi,ER_60_p0.30_seed1,ER,1,1,0,1,gurobi,60,518,28,,30.0,OPT,RETURNED,55,55,2.387350467000033,105.796875,worker_high_water,3361,98904,55,assignment_at_greedy_UB,,,False,,greedy,gurobi_optimal,2,2.3413346289999026
ER_60_p0.30_seed1__h1_k1__r1__gurobi,ER_60_p0.30_seed1,ER,1,1,1,0,gurobi,60,518,28,,30.0,OPT,RETURNED,55,55,2.031344230000286,105.80078125,worker_high_water,3361,98904,55,assignment_at_greedy_UB,,,False,,greedy,gurobi_optimal,2,1.9922786480001378
ER_60_p0.30_seed1__h1_k1__r1__cadical,ER_60_p0.30_seed1,ER,1,1,1,1,cadical,60,518,28,,30.0,FEASIBLE,WALL_TIMEOUT,55,28,30.0103291180003,,not_observed,,,,last_sat_witness,,,False,,greedy,elementary,0,
ER_60_p0.30_seed1__h1_k1__r2__cadical,ER_60_p0.30_seed1,ER,1,1,2,0,cadical,60,518,28,,30.0,FEASIBLE,WALL_TIMEOUT,55,28,30.00955912400059,,not_observed,,,,last_sat_witness,,,False,,greedy,elementary,0,
ER_60_p0.30_seed1__h1_k1__r2__gurobi,ER_60_p0.30_seed1,ER,1,1,2,1,gurobi,60,518,28,,30.0,OPT,RETURNED,55,55,2.61302793699997,109.484375,worker_high_water,3361,98904,55,assignment_at_greedy_UB,,,False,,greedy,gurobi_optimal,2,2.574962656000025
ER_60_p0.30_seed1__h2_k1__r0__cadical,ER_60_p0.30_seed1,ER,2,1,0,0,cadical,60,518,28,,30.0,FEASIBLE,WALL_TIMEOUT,58,29,30.01203167999938,,not_observed,,,,last_sat_witness,,,False,,greedy,elementary,0,
ER_60_p0.30_seed1__h2_k1__r0__gurobi,ER_60_p0.30_seed1,ER,2,1,0,1,gurobi,60,518,28,,30.0,OPT,RETURNED,55,55,11.105940286000077,158.64453125,worker_high_water,3541,164284,58,assignment_at_greedy_UB,,,False,,gurobi_incumbent,gurobi_optimal,14,11.046647926000333
ER_60_p0.30_seed1__h2_k1__r1__gurobi,ER_60_p0.30_seed1,ER,2,1,1,0,gurobi,60,518,28,,30.0,OPT,RETURNED,55,55,11.43120190799982,158.3359375,worker_high_water,3541,164284,58,assignment_at_greedy_UB,,,False,,gurobi_incumbent,gurobi_optimal,14,11.372567651000281
ER_60_p0.30_seed1__h2_k1__r1__cadical,ER_60_p0.30_seed1,ER,2,1,1,1,cadical,60,518,28,,30.0,FEASIBLE,WALL_TIMEOUT,58,29,30.01092296600018,,not_observed,,,,last_sat_witness,,,False,,greedy,elementary,0,
ER_60_p0.30_seed1__h2_k1__r2__cadical,ER_60_p0.30_seed1,ER,2,1,2,0,cadical,60,518,28,,30.0,FEASIBLE,WALL_TIMEOUT,58,29,30.010880114999964,,not_observed,,,,last_sat_witness,,,False,,greedy,elementary,0,
ER_60_p0.30_seed1__h2_k1__r2__gurobi,ER_60_p0.30_seed1,ER,2,1,2,1,gurobi,60,518,28,,30.0,OPT,RETURNED,55,55,11.244421012000203,159.5859375,worker_high_water,3541,164284,58,assignment_at_greedy_UB,,,False,,gurobi_incumbent,gurobi_optimal,14,11.184576189000836
ER_60_p0.30_seed1__h3_k2__r0__cadical,ER_60_p0.30_seed1,ER,3,2,0,0,cadical,60,518,28,,30.0,FEASIBLE,WALL_TIMEOUT,131,57,30.030339697999807,,not_observed,,,,last_sat_witness,,,False,,greedy,elementary,0,
ER_60_p0.30_seed1__h3_k2__r0__gurobi,ER_60_p0.30_seed1,ER,3,2,0,1,gurobi,60,518,28,,30.0,FEASIBLE,WALL_TIMEOUT,110,59,30.035243573000116,,not_observed,7921,829816,131,assignment_at_greedy_UB,,,False,,gurobi_incumbent,gurobi_dual,6,27.573202216000027
ER_60_p0.30_seed1__h3_k2__r1__gurobi,ER_60_p0.30_seed1,ER,3,2,1,0,gurobi,60,518,28,,30.0,FEASIBLE,WALL_TIMEOUT,110,59,30.034428930000104,,not_observed,7921,829816,131,assignment_at_greedy_UB,,,False,,gurobi_incumbent,gurobi_dual,6,27.21372905899989
ER_60_p0.30_seed1__h3_k2__r1__cadical,ER_60_p0.30_seed1,ER,3,2,1,1,cadical,60,518,28,,30.0,FEASIBLE,WALL_TIMEOUT,131,57,30.027333936000105,,not_observed,,,,last_sat_witness,,,False,,greedy,elementary,0,
ER_60_p0.30_seed1__h3_k2__r2__cadical,ER_60_p0.30_seed1,ER,3,2,2,0,cadical,60,518,28,,30.0,FEASIBLE,WALL_TIMEOUT,131,57,30.026292309999917,,not_observed,,,,last_sat_witness,,,False,,greedy,elementary,0,
ER_60_p0.30_seed1__h3_k2__r2__gurobi,ER_60_p0.30_seed1,ER,3,2,2,1,gurobi,60,518,28,,30.0,FEASIBLE,WALL_TIMEOUT,110,59,30.031236621000062,,not_observed,7921,829816,131,assignment_at_greedy_UB,,,False,,gurobi_incumbent,gurobi_dual,6,27.265461138999854
ER_60_p0.30_seed2__h1_k1__r0__gurobi,ER_60_p0.30_seed2,ER,1,1,0,0,gurobi,60,519,24,,30.0,OPT,RETURNED,56,56,2.231725349000044,106.2734375,worker_high_water,3421,100554,56,assignment_at_greedy_UB,,,False,,greedy,gurobi_optimal,2,2.189014357000815
ER_60_p0.30_seed2__h1_k1__r0__cadical,ER_60_p0.30_seed2,ER,1,1,0,1,cadical,60,519,24,,30.0,FEASIBLE,WALL_TIMEOUT,56,24,30.007906144000117,,not_observed,,,,last_sat_witness,,,False,,greedy,elementary,0,
ER_60_p0.30_seed2__h1_k1__r1__cadical,ER_60_p0.30_seed2,ER,1,1,1,0,cadical,60,519,24,,30.0,FEASIBLE,WALL_TIMEOUT,56,24,30.01049855800011,,not_observed,,,,last_sat_witness,,,False,,greedy,elementary,0,
ER_60_p0.30_seed2__h1_k1__r1__gurobi,ER_60_p0.30_seed2,ER,1,1,1,1,gurobi,60,519,24,,30.0,OPT,RETURNED,56,56,2.0030568749998565,106.6953125,worker_high_water,3421,100554,56,assignment_at_greedy_UB,,,False,,greedy,gurobi_optimal,2,1.9657408610000857
ER_60_p0.30_seed2__h1_k1__r2__gurobi,ER_60_p0.30_seed2,ER,1,1,2,0,gurobi,60,519,24,,30.0,OPT,RETURNED,56,56,2.065362696000193,106.6484375,worker_high_water,3421,100554,56,assignment_at_greedy_UB,,,False,,greedy,gurobi_optimal,2,2.0279215810005553
ER_60_p0.30_seed2__h1_k1__r2__cadical,ER_60_p0.30_seed2,ER,1,1,2,1,cadical,60,519,24,,30.0,FEASIBLE,WALL_TIMEOUT,56,24,30.010548840999945,,not_observed,,,,last_sat_witness,,,False,,greedy,elementary,0,
ER_60_p0.30_seed2__h2_k1__r0__gurobi,ER_60_p0.30_seed2,ER,2,1,0,0,gurobi,60,519,24,,30.0,OPT,RETURNED,56,56,15.721143222000137,146.40234375,worker_high_water,3481,161482,57,assignment_at_greedy_UB,,,False,,gurobi_incumbent,gurobi_optimal,8,15.662937736000458
ER_60_p0.30_seed2__h2_k1__r0__cadical,ER_60_p0.30_seed2,ER,2,1,0,1,cadical,60,519,24,,30.0,FEASIBLE,WALL_TIMEOUT,57,25,30.01439814599962,,not_observed,,,,last_sat_witness,,,False,,greedy,elementary,0,
ER_60_p0.30_seed2__h2_k1__r1__cadical,ER_60_p0.30_seed2,ER,2,1,1,0,cadical,60,519,24,,30.0,FEASIBLE,WALL_TIMEOUT,57,25,30.013449858999593,,not_observed,,,,last_sat_witness,,,False,,greedy,elementary,0,
ER_60_p0.30_seed2__h2_k1__r1__gurobi,ER_60_p0.30_seed2,ER,2,1,1,1,gurobi,60,519,24,,30.0,OPT,RETURNED,56,56,15.979496848000053,148.26953125,worker_high_water,3481,161482,57,assignment_at_greedy_UB,,,False,,gurobi_incumbent,gurobi_optimal,8,15.923364279000452
ER_60_p0.30_seed2__h2_k1__r2__gurobi,ER_60_p0.30_seed2,ER,2,1,2,0,gurobi,60,519,24,,30.0,OPT,RETURNED,56,56,15.587813842999822,146.96875,worker_high_water,3481,161482,57,assignment_at_greedy_UB,,,False,,gurobi_incumbent,gurobi_optimal,8,15.528923337999913
ER_60_p0.30_seed2__h2_k1__r2__cadical,ER_60_p0.30_seed2,ER,2,1,2,1,cadical,60,519,24,,30.0,FEASIBLE,WALL_TIMEOUT,57,25,30.01089441499971,,not_observed,,,,last_sat_witness,,,False,,greedy,elementary,0,
ER_60_p0.30_seed2__h3_k2__r0__gurobi,ER_60_p0.30_seed2,ER,3,2,0,0,gurobi,60,519,24,,30.0,FEASIBLE,WALL_TIMEOUT,118,49,30.03559794499961,,not_observed,7981,835612,132,assignment_at_greedy_UB,,,False,,gurobi_incumbent,elementary,7,22.781809824999982
ER_60_p0.30_seed2__h3_k2__r0__cadical,ER_60_p0.30_seed2,ER,3,2,0,1,cadical,60,519,24,,30.0,FEASIBLE,WALL_TIMEOUT,132,49,30.025735827000062,,not_observed,,,,last_sat_witness,,,False,,greedy,elementary,0,
ER_60_p0.30_seed2__h3_k2__r1__cadical,ER_60_p0.30_seed2,ER,3,2,1,0,cadical,60,519,24,,30.0,FEASIBLE,WALL_TIMEOUT,132,49,30.026802293999936,,not_observed,,,,last_sat_witness,,,False,,greedy,elementary,0,
ER_60_p0.30_seed2__h3_k2__r1__gurobi,ER_60_p0.30_seed2,ER,3,2,1,1,gurobi,60,519,24,,30.0,FEASIBLE,WALL_TIMEOUT,118,49,30.030498388000524,,not_observed,7981,835612,132,assignment_at_greedy_UB,,,False,,gurobi_incumbent,elementary,7,22.465455892000136
ER_60_p0.30_seed2__h3_k2__r2__gurobi,ER_60_p0.30_seed2,ER,3,2,2,0,gurobi,60,519,24,,30.0,FEASIBLE,WALL_TIMEOUT,118,49,30.02879483600009,,not_observed,7981,835612,132,assignment_at_greedy_UB,,,False,,gurobi_incumbent,elementary,7,22.48300604799988
ER_60_p0.30_seed2__h3_k2__r2__cadical,ER_60_p0.30_seed2,ER,3,2,2,1,cadical,60,519,24,,30.0,FEASIBLE,WALL_TIMEOUT,132,49,30.02670152599967,,not_observed,,,,last_sat_witness,,,False,,greedy,elementary,0,
BA_60_m2_seed0__h1_k1__r0__cadical,BA_60_m2_seed0,BA,1,1,0,0,cadical,60,116,19,,30.0,OPT,RETURNED,19,19,0.28341680799985625,33.984375,worker_high_water,,,,last_sat_witness,0,0,True,,greedy,elementary,0,
BA_60_m2_seed0__h1_k1__r0__gurobi,BA_60_m2_seed0,BA,1,1,0,1,gurobi,60,116,19,,30.0,OPT,RETURNED,19,19,0.7433847629999946,51.09375,worker_high_water,1201,12560,19,assignment_at_greedy_UB,,,False,,greedy,gurobi_optimal,2,0.7320213659995716
BA_60_m2_seed0__h1_k1__r1__gurobi,BA_60_m2_seed0,BA,1,1,1,0,gurobi,60,116,19,,30.0,OPT,RETURNED,19,19,0.6102036699994642,51.28125,worker_high_water,1201,12560,19,assignment_at_greedy_UB,,,False,,greedy,gurobi_optimal,2,0.6003051869993214
BA_60_m2_seed0__h1_k1__r1__cadical,BA_60_m2_seed0,BA,1,1,1,1,cadical,60,116,19,,30.0,OPT,RETURNED,19,19,0.28841620799994416,34.05078125,worker_high_water,,,,last_sat_witness,0,0,True,,greedy,elementary,0,
BA_60_m2_seed0__h1_k1__r2__cadical,BA_60_m2_seed0,BA,1,1,2,0,cadical,60,116,19,,30.0,OPT,RETURNED,19,19,0.42940533500041056,34.36328125,worker_high_water,,,,last_sat_witness,0,0,True,,greedy,elementary,0,
BA_60_m2_seed0__h1_k1__r2__gurobi,BA_60_m2_seed0,BA,1,1,2,1,gurobi,60,116,19,,30.0,OPT,RETURNED,19,19,0.6854224139997314,51.21484375,worker_high_water,1201,12560,19,assignment_at_greedy_UB,,,False,,greedy,gurobi_optimal,2,0.6679727199998524
BA_60_m2_seed0__h2_k1__r0__cadical,BA_60_m2_seed0,BA,2,1,0,0,cadical,60,116,19,,30.0,OPT,RETURNED,20,20,0.5618472799997107,55.08203125,worker_high_water,1200,18842,20,last_sat_witness,903,92,True,,sat,elementary,1,0.5566657559993473
BA_60_m2_seed0__h2_k1__r0__gurobi,BA_60_m2_seed0,BA,2,1,0,1,gurobi,60,116,19,,30.0,OPT,RETURNED,20,20,0.8654692899999645,58.203125,worker_high_water,1321,18676,21,assignment_at_greedy_UB,,,False,,gurobi_incumbent,gurobi_optimal,2,0.8531629260005502
BA_60_m2_seed0__h2_k1__r1__gurobi,BA_60_m2_seed0,BA,2,1,1,0,gurobi,60,116,19,,30.0,OPT,RETURNED,20,20,0.971268807999877,60.16015625,worker_high_water,1321,18676,21,assignment_at_greedy_UB,,,False,,gurobi_incumbent,gurobi_optimal,2,0.9591096100002687
BA_60_m2_seed0__h2_k1__r1__cadical,BA_60_m2_seed0,BA,2,1,1,1,cadical,60,116,19,,30.0,OPT,RETURNED,20,20,0.4019919909997043,55.03125,worker_high_water,1200,18842,20,last_sat_witness,903,92,True,,sat,elementary,1,0.39410351799961063
BA_60_m2_seed0__h2_k1__r2__cadical,BA_60_m2_seed0,BA,2,1,2,0,cadical,60,116,19,,30.0,OPT,RETURNED,20,20,0.4074140820002867,55.26171875,worker_high_water,1200,18842,20,last_sat_witness,903,92,True,,sat,elementary,1,0.3994468090004375
BA_60_m2_seed0__h2_k1__r2__gurobi,BA_60_m2_seed0,BA,2,1,2,1,gurobi,60,116,19,,30.0,OPT,RETURNED,20,20,1.058260492000045,59.6640625,worker_high_water,1321,18676,21,assignment_at_greedy_UB,,,False,,gurobi_incumbent,gurobi_optimal,2,1.0454910309999832
BA_60_m2_seed0__h3_k2__r0__cadical,BA_60_m2_seed0,BA,3,2,0,0,cadical,60,116,19,,30.0,OPT,RETURNED,39,39,1.6628295040000012,146.51171875,worker_high_water,2340,84492,39,last_sat_witness,25263,8056,True,,sat,elementary,2,1.6550657110001339
BA_60_m2_seed0__h3_k2__r0__gurobi,BA_60_m2_seed0,BA,3,2,0,1,gurobi,60,116,19,,30.0,OPT,RETURNED,39,39,3.864666282000144,121.3984375,worker_high_water,2581,88626,42,assignment_at_greedy_UB,,,False,,gurobi_incumbent,gurobi_optimal,3,3.8307500900000377
BA_60_m2_seed0__h3_k2__r1__gurobi,BA_60_m2_seed0,BA,3,2,1,0,gurobi,60,116,19,,30.0,OPT,RETURNED,39,39,3.703594888000225,120.26171875,worker_high_water,2581,88626,42,assignment_at_greedy_UB,,,False,,gurobi_incumbent,gurobi_optimal,3,3.669772957000532
BA_60_m2_seed0__h3_k2__r1__cadical,BA_60_m2_seed0,BA,3,2,1,1,cadical,60,116,19,,30.0,OPT,RETURNED,39,39,1.614976542000477,145.62890625,worker_high_water,2340,84492,39,last_sat_witness,25263,8056,True,,sat,elementary,2,1.607326176999777
BA_60_m2_seed0__h3_k2__r2__cadical,BA_60_m2_seed0,BA,3,2,2,0,cadical,60,116,19,,30.0,OPT,RETURNED,39,39,1.7709948120000263,147.00390625,worker_high_water,2340,84492,39,last_sat_witness,25263,8056,True,,sat,elementary,2,1.7632135449994166
BA_60_m2_seed0__h3_k2__r2__gurobi,BA_60_m2_seed0,BA,3,2,2,1,gurobi,60,116,19,,30.0,OPT,RETURNED,39,39,3.7021204080001553,119.52734375,worker_high_water,2581,88626,42,assignment_at_greedy_UB,,,False,,gurobi_incumbent,gurobi_optimal,3,3.6683054029999766
BA_60_m2_seed1__h1_k1__r0__gurobi,BA_60_m2_seed1,BA,1,1,0,0,gurobi,60,116,18,,30.0,OPT,RETURNED,18,18,0.6972439399996802,50.31640625,worker_high_water,1141,11520,18,assignment_at_greedy_UB,,,False,,greedy,gurobi_optimal,2,0.6873629579995395
BA_60_m2_seed1__h1_k1__r0__cadical,BA_60_m2_seed1,BA,1,1,0,1,cadical,60,116,18,,30.0,OPT,RETURNED,18,18,0.27349738300017634,33.9375,worker_high_water,,,,last_sat_witness,0,0,True,,greedy,elementary,0,
BA_60_m2_seed1__h1_k1__r1__cadical,BA_60_m2_seed1,BA,1,1,1,0,cadical,60,116,18,,30.0,OPT,RETURNED,18,18,0.3209672889997819,33.9375,worker_high_water,,,,last_sat_witness,0,0,True,,greedy,elementary,0,
BA_60_m2_seed1__h1_k1__r1__gurobi,BA_60_m2_seed1,BA,1,1,1,1,gurobi,60,116,18,,30.0,OPT,RETURNED,18,18,0.8068842669999867,50.19140625,worker_high_water,1141,11520,18,assignment_at_greedy_UB,,,False,,greedy,gurobi_optimal,2,0.7971804260005229
BA_60_m2_seed1__h1_k1__r2__gurobi,BA_60_m2_seed1,BA,1,1,2,0,gurobi,60,116,18,,30.0,OPT,RETURNED,18,18,0.5875783470000897,50.359375,worker_high_water,1141,11520,18,assignment_at_greedy_UB,,,False,,greedy,gurobi_optimal,2,0.5787381620002634
BA_60_m2_seed1__h1_k1__r2__cadical,BA_60_m2_seed1,BA,1,1,2,1,cadical,60,116,18,,30.0,OPT,RETURNED,18,18,0.41248529000040435,34.09375,worker_high_water,,,,last_sat_witness,0,0,True,,greedy,elementary,0,
BA_60_m2_seed1__h2_k1__r0__gurobi,BA_60_m2_seed1,BA,2,1,0,0,gurobi,60,116,18,,30.0,OPT,RETURNED,19,19,1.069145032999586,58.87109375,worker_high_water,1261,17360,20,assignment_at_greedy_UB,,,False,,gurobi_incumbent,gurobi_optimal,2,1.057497431000229
BA_60_m2_seed1__h2_k1__r0__cadical,BA_60_m2_seed1,BA,2,1,0,1,cadical,60,116,18,,30.0,OPT,RETURNED,19,19,0.41161620399998355,53.76953125,worker_high_water,1140,17488,19,last_sat_witness,791,11,True,,sat,elementary,1,0.40352667000024667
BA_60_m2_seed1__h2_k1__r1__cadical,BA_60_m2_seed1,BA,2,1,1,0,cadical,60,116,18,,30.0,OPT,RETURNED,19,19,0.5660150329995304,53.828125,worker_high_water,1140,17488,19,last_sat_witness,791,11,True,,sat,elementary,1,0.5589454999999361
BA_60_m2_seed1__h2_k1__r1__gurobi,BA_60_m2_seed1,BA,2,1,1,1,gurobi,60,116,18,,30.0,OPT,RETURNED,19,19,1.2473856609994982,58.75390625,worker_high_water,1261,17360,20,assignment_at_greedy_UB,,,False,,gurobi_incumbent,gurobi_optimal,2,1.2272613699997237
BA_60_m2_seed1__h2_k1__r2__gurobi,BA_60_m2_seed1,BA,2,1,2,0,gurobi,60,116,18,,30.0,OPT,RETURNED,19,19,0.9048444279997057,59.4609375,worker_high_water,1261,17360,20,assignment_at_greedy_UB,,,False,,gurobi_incumbent,gurobi_optimal,2,0.893263752999701
BA_60_m2_seed1__h2_k1__r2__cadical,BA_60_m2_seed1,BA,2,1,2,1,cadical,60,116,18,,30.0,OPT,RETURNED,19,19,0.5415591090004455,53.74609375,worker_high_water,1140,17488,19,last_sat_witness,791,11,True,,sat,elementary,1,0.5360013159997834
BA_60_m2_seed1__h3_k2__r0__gurobi,BA_60_m2_seed1,BA,3,2,0,0,gurobi,60,116,18,,30.0,OPT,RETURNED,37,37,4.309929485000794,109.8828125,worker_high_water,2581,85832,42,assignment_at_greedy_UB,,,False,,gurobi_incumbent,gurobi_optimal,5,4.277599785000348
BA_60_m2_seed1__h3_k2__r0__cadical,BA_60_m2_seed1,BA,3,2,0,1,cadical,60,116,18,,30.0,OPT,RETURNED,37,37,2.326208418000533,140.796875,worker_high_water,2220,77712,37,last_sat_witness,57592,19953,True,,sat,elementary,3,2.318428899000537
BA_60_m2_seed1__h3_k2__r1__cadical,BA_60_m2_seed1,BA,3,2,1,0,cadical,60,116,18,,30.0,OPT,RETURNED,37,37,2.426092327000333,143.68359375,worker_high_water,2220,77712,37,last_sat_witness,57592,19953,True,,sat,elementary,3,2.417952452999998
BA_60_m2_seed1__h3_k2__r1__gurobi,BA_60_m2_seed1,BA,3,2,1,1,gurobi,60,116,18,,30.0,OPT,RETURNED,37,37,4.348617134000051,110.5234375,worker_high_water,2581,85832,42,assignment_at_greedy_UB,,,False,,gurobi_incumbent,gurobi_optimal,5,4.315517469000042
BA_60_m2_seed1__h3_k2__r2__gurobi,BA_60_m2_seed1,BA,3,2,2,0,gurobi,60,116,18,,30.0,OPT,RETURNED,37,37,4.4484399500006475,112.078125,worker_high_water,2581,85832,42,assignment_at_greedy_UB,,,False,,gurobi_incumbent,gurobi_optimal,5,4.415858962000129
BA_60_m2_seed1__h3_k2__r2__cadical,BA_60_m2_seed1,BA,3,2,2,1,cadical,60,116,18,,30.0,OPT,RETURNED,37,37,2.3264410920000955,141.38671875,worker_high_water,2220,77712,37,last_sat_witness,57592,19953,True,,sat,elementary,3,2.3186471569997593
BA_60_m2_seed2__h1_k1__r0__cadical,BA_60_m2_seed2,BA,1,1,0,0,cadical,60,116,20,,30.0,OPT,RETURNED,20,20,0.2785527979995095,33.9375,worker_high_water,,,,last_sat_witness,0,0,True,,greedy,elementary,0,
BA_60_m2_seed2__h1_k1__r0__gurobi,BA_60_m2_seed2,BA,1,1,0,1,gurobi,60,116,20,,30.0,OPT,RETURNED,20,20,0.7622905569996874,51.59765625,worker_high_water,1261,13434,20,assignment_at_greedy_UB,,,False,,greedy,gurobi_optimal,2,0.7502518029996281
BA_60_m2_seed2__h1_k1__r1__gurobi,BA_60_m2_seed2,BA,1,1,1,0,gurobi,60,116,20,,30.0,OPT,RETURNED,20,20,0.5905939340000259,51.89453125,worker_high_water,1261,13434,20,assignment_at_greedy_UB,,,False,,greedy,gurobi_optimal,2,0.5805387949994838
BA_60_m2_seed2__h1_k1__r1__cadical,BA_60_m2_seed2,BA,1,1,1,1,cadical,60,116,20,,30.0,OPT,RETURNED,20,20,0.4187882060004995,33.9609375,worker_high_water,,,,last_sat_witness,0,0,True,,greedy,elementary,0,
BA_60_m2_seed2__h1_k1__r2__cadical,BA_60_m2_seed2,BA,1,1,2,0,cadical,60,116,20,,30.0,OPT,RETURNED,20,20,0.30806536999989476,34.07421875,worker_high_water,,,,last_sat_witness,0,0,True,,greedy,elementary,0,
BA_60_m2_seed2__h1_k1__r2__gurobi,BA_60_m2_seed2,BA,1,1,2,1,gurobi,60,116,20,,30.0,OPT,RETURNED,20,20,0.6515447929996299,51.7734375,worker_high_water,1261,13434,20,assignment_at_greedy_UB,,,False,,greedy,gurobi_optimal,2,0.6320993359995555
BA_60_m2_seed2__h2_k1__r0__cadical,BA_60_m2_seed2,BA,2,1,0,0,cadical,60,116,20,,30.0,OPT,RETURNED,21,21,0.5584820280000713,58.73828125,worker_high_water,1260,20020,21,last_sat_witness,1337,53,True,,sat,elementary,1,0.5531823969995457
BA_60_m2_seed2__h2_k1__r0__gurobi,BA_60_m2_seed2,BA,2,1,0,1,gurobi,60,116,20,,30.0,OPT,RETURNED,21,21,0.9153137069997683,60.03515625,worker_high_water,1381,19806,22,assignment_at_greedy_UB,,,False,,gurobi_incumbent,gurobi_optimal,2,0.9025733409998793
BA_60_m2_seed2__h2_k1__r1__gurobi,BA_60_m2_seed2,BA,2,1,1,0,gurobi,60,116,20,,30.0,OPT,RETURNED,21,21,1.0562065920003079,59.96875,worker_high_water,1381,19806,22,assignment_at_greedy_UB,,,False,,gurobi_incumbent,gurobi_optimal,2,1.04323445800037
BA_60_m2_seed2__h2_k1__r1__cadical,BA_60_m2_seed2,BA,2,1,1,1,cadical,60,116,20,,30.0,OPT,RETURNED,21,21,0.4213825110000471,59.80859375,worker_high_water,1260,20020,21,last_sat_witness,1337,53,True,,sat,elementary,1,0.4137249539999175
BA_60_m2_seed2__h2_k1__r2__cadical,BA_60_m2_seed2,BA,2,1,2,0,cadical,60,116,20,,30.0,OPT,RETURNED,21,21,0.45921812999949907,58.49609375,worker_high_water,1260,20020,21,last_sat_witness,1337,53,True,,sat,elementary,1,0.45091343900003267
BA_60_m2_seed2__h2_k1__r2__gurobi,BA_60_m2_seed2,BA,2,1,2,1,gurobi,60,116,20,,30.0,OPT,RETURNED,21,21,1.2721578680002494,61.33203125,worker_high_water,1381,19806,22,assignment_at_greedy_UB,,,False,,gurobi_incumbent,gurobi_optimal,2,1.2570866460000616
BA_60_m2_seed2__h3_k2__r0__cadical,BA_60_m2_seed2,BA,3,2,0,0,cadical,60,116,20,,30.0,OPT,RETURNED,41,41,2.5009932270004356,170.98828125,worker_high_water,2460,90296,41,last_sat_witness,35525,13375,True,,sat,elementary,3,2.493010451000373
BA_60_m2_seed2__h3_k2__r0__gurobi,BA_60_m2_seed2,BA,3,2,0,1,gurobi,60,116,20,,30.0,OPT,RETURNED,41,41,6.677531697999257,128.82421875,worker_high_water,2881,100820,47,assignment_at_greedy_UB,,,False,,gurobi_incumbent,gurobi_optimal,7,6.639793241000007
BA_60_m2_seed2__h3_k2__r1__gurobi,BA_60_m2_seed2,BA,3,2,1,0,gurobi,60,116,20,,30.0,OPT,RETURNED,41,41,6.478104939000332,128.96484375,worker_high_water,2881,100820,47,assignment_at_greedy_UB,,,False,,gurobi_incumbent,gurobi_optimal,7,6.440729271000237
BA_60_m2_seed2__h3_k2__r1__cadical,BA_60_m2_seed2,BA,3,2,1,1,cadical,60,116,20,,30.0,OPT,RETURNED,41,41,2.6161294769999586,172.80078125,worker_high_water,2460,90296,41,last_sat_witness,35525,13375,True,,sat,elementary,3,2.6077338949999103
BA_60_m2_seed2__h3_k2__r2__cadical,BA_60_m2_seed2,BA,3,2,2,0,cadical,60,116,20,,30.0,OPT,RETURNED,41,41,2.4900918229996023,169.4375,worker_high_water,2460,90296,41,last_sat_witness,35525,13375,True,,sat,elementary,3,2.482076932000382
BA_60_m2_seed2__h3_k2__r2__gurobi,BA_60_m2_seed2,BA,3,2,2,1,gurobi,60,116,20,,30.0,OPT,RETURNED,41,41,6.60089102100028,129.41015625,worker_high_water,2881,100820,47,assignment_at_greedy_UB,,,False,,gurobi_incumbent,gurobi_optimal,7,6.563052892000087
