Graph,Instance,Family,h,k,Method,Repeat,V,E,Status,Recorded_LB,Span,Witness_Span,Degree_LB,Theory_LB,Theory_UB,Exact_Reference,Reference,Excess_Over_Theory_LB,Theory_Optimal,Reference_Check,Wall_Time,Within_Budget,Incumbent_Source,LB_Source,Progress_Updates,Initial_Fallback,Initial_LB,Initial_UB,LB_Improvement,UB_Improvement,Termination,Open_Instance
tree_20_seed0__h1_k1__r0__cadical,tree_20_seed0,tree,1,1,cadical,0,20,19,OPT,3,3,3,3,3,3,3,equal-gap tree: h*Delta,0,True,MATCH,0.35058015599997816,True,sat,elementary,1,False,3,4,0,1,RETURNED,False
tree_20_seed0__h1_k1__r0__gurobi,tree_20_seed0,tree,1,1,gurobi,0,20,19,OPT,3,3,3,3,3,3,3,equal-gap tree: h*Delta,0,True,MATCH,0.8304481839999198,True,gurobi_incumbent,gurobi_optimal,2,False,3,4,0,1,RETURNED,False
tree_20_seed0__h1_k1__r1__gurobi,tree_20_seed0,tree,1,1,gurobi,1,20,19,OPT,3,3,3,3,3,3,3,equal-gap tree: h*Delta,0,True,MATCH,0.6167569480001021,True,gurobi_incumbent,gurobi_optimal,2,False,3,4,0,1,RETURNED,False
tree_20_seed0__h1_k1__r1__cadical,tree_20_seed0,tree,1,1,cadical,1,20,19,OPT,3,3,3,3,3,3,3,equal-gap tree: h*Delta,0,True,MATCH,0.42509824399996887,True,sat,elementary,1,False,3,4,0,1,RETURNED,False
tree_20_seed0__h1_k1__r2__cadical,tree_20_seed0,tree,1,1,cadical,2,20,19,OPT,3,3,3,3,3,3,3,equal-gap tree: h*Delta,0,True,MATCH,0.37562170599994715,True,sat,elementary,1,False,3,4,0,1,RETURNED,False
tree_20_seed0__h1_k1__r2__gurobi,tree_20_seed0,tree,1,1,gurobi,2,20,19,OPT,3,3,3,3,3,3,3,equal-gap tree: h*Delta,0,True,MATCH,0.42804968399991594,True,gurobi_incumbent,gurobi_optimal,2,False,3,4,0,1,RETURNED,False
tree_20_seed0__h2_k1__r0__cadical,tree_20_seed0,tree,2,1,cadical,0,20,19,OPT,5,5,5,4,4,38,,degree / distinct spaced labels,1,False,NA,0.3663464159999421,True,sat,sat_unsat,2,False,4,6,1,1,RETURNED,False
tree_20_seed0__h2_k1__r0__gurobi,tree_20_seed0,tree,2,1,gurobi,0,20,19,OPT,5,5,5,4,4,38,,degree / distinct spaced labels,1,False,NA,0.42271680900000774,True,gurobi_incumbent,gurobi_optimal,3,False,4,6,1,1,RETURNED,False
tree_20_seed0__h2_k1__r1__gurobi,tree_20_seed0,tree,2,1,gurobi,1,20,19,OPT,5,5,5,4,4,38,,degree / distinct spaced labels,1,False,NA,0.4301743810000289,True,gurobi_incumbent,gurobi_optimal,3,False,4,6,1,1,RETURNED,False
tree_20_seed0__h2_k1__r1__cadical,tree_20_seed0,tree,2,1,cadical,1,20,19,OPT,5,5,5,4,4,38,,degree / distinct spaced labels,1,False,NA,0.3591576259999556,True,sat,sat_unsat,2,False,4,6,1,1,RETURNED,False
tree_20_seed0__h2_k1__r2__cadical,tree_20_seed0,tree,2,1,cadical,2,20,19,OPT,5,5,5,4,4,38,,degree / distinct spaced labels,1,False,NA,0.34980344299992794,True,sat,sat_unsat,2,False,4,6,1,1,RETURNED,False
tree_20_seed0__h2_k1__r2__gurobi,tree_20_seed0,tree,2,1,gurobi,2,20,19,OPT,5,5,5,4,4,38,,degree / distinct spaced labels,1,False,NA,0.4266776960000698,True,gurobi_incumbent,gurobi_optimal,3,False,4,6,1,1,RETURNED,False
tree_20_seed0__h3_k2__r0__cadical,tree_20_seed0,tree,3,2,cadical,0,20,19,OPT,8,8,8,7,7,57,,degree / distinct spaced labels,1,False,NA,0.3703324020000309,True,sat,sat_unsat,2,False,7,10,1,2,RETURNED,False
tree_20_seed0__h3_k2__r0__gurobi,tree_20_seed0,tree,3,2,gurobi,0,20,19,OPT,8,8,8,7,7,57,,degree / distinct spaced labels,1,False,NA,0.4852821210000684,True,gurobi_incumbent,gurobi_optimal,4,False,7,10,1,2,RETURNED,False
tree_20_seed0__h3_k2__r1__gurobi,tree_20_seed0,tree,3,2,gurobi,1,20,19,OPT,8,8,8,7,7,57,,degree / distinct spaced labels,1,False,NA,0.47618538899996565,True,gurobi_incumbent,gurobi_optimal,4,False,7,10,1,2,RETURNED,False
tree_20_seed0__h3_k2__r1__cadical,tree_20_seed0,tree,3,2,cadical,1,20,19,OPT,8,8,8,7,7,57,,degree / distinct spaced labels,1,False,NA,0.36834888600003524,True,sat,sat_unsat,2,False,7,10,1,2,RETURNED,False
tree_20_seed0__h3_k2__r2__cadical,tree_20_seed0,tree,3,2,cadical,2,20,19,OPT,8,8,8,7,7,57,,degree / distinct spaced labels,1,False,NA,0.3808454580000671,True,sat,sat_unsat,2,False,7,10,1,2,RETURNED,False
tree_20_seed0__h3_k2__r2__gurobi,tree_20_seed0,tree,3,2,gurobi,2,20,19,OPT,8,8,8,7,7,57,,degree / distinct spaced labels,1,False,NA,0.47532432200000585,True,gurobi_incumbent,gurobi_optimal,4,False,7,10,1,2,RETURNED,False
tree_20_seed1__h1_k1__r0__gurobi,tree_20_seed1,tree,1,1,gurobi,0,20,19,OPT,4,4,4,4,4,4,4,equal-gap tree: h*Delta,0,True,MATCH,0.4070578519999799,True,greedy,gurobi_optimal,2,False,4,4,0,0,RETURNED,False
tree_20_seed1__h1_k1__r0__cadical,tree_20_seed1,tree,1,1,cadical,0,20,19,OPT,4,4,4,4,4,4,4,equal-gap tree: h*Delta,0,True,MATCH,0.3409385460000749,True,greedy,elementary,0,False,4,4,0,0,RETURNED,False
tree_20_seed1__h1_k1__r1__cadical,tree_20_seed1,tree,1,1,cadical,1,20,19,OPT,4,4,4,4,4,4,4,equal-gap tree: h*Delta,0,True,MATCH,0.49248462000002746,True,greedy,elementary,0,False,4,4,0,0,RETURNED,False
tree_20_seed1__h1_k1__r1__gurobi,tree_20_seed1,tree,1,1,gurobi,1,20,19,OPT,4,4,4,4,4,4,4,equal-gap tree: h*Delta,0,True,MATCH,0.4021591760000547,True,greedy,gurobi_optimal,2,False,4,4,0,0,RETURNED,False
tree_20_seed1__h1_k1__r2__gurobi,tree_20_seed1,tree,1,1,gurobi,2,20,19,OPT,4,4,4,4,4,4,4,equal-gap tree: h*Delta,0,True,MATCH,0.3949762910000345,True,greedy,gurobi_optimal,2,False,4,4,0,0,RETURNED,False
tree_20_seed1__h1_k1__r2__cadical,tree_20_seed1,tree,1,1,cadical,2,20,19,OPT,4,4,4,4,4,4,4,equal-gap tree: h*Delta,0,True,MATCH,0.3454672520000486,True,greedy,elementary,0,False,4,4,0,0,RETURNED,False
tree_20_seed1__h2_k1__r0__gurobi,tree_20_seed1,tree,2,1,gurobi,0,20,19,OPT,5,5,5,5,5,38,,degree / distinct spaced labels,0,True,NA,0.42596833200002493,True,gurobi_incumbent,gurobi_optimal,2,False,5,6,0,1,RETURNED,False
tree_20_seed1__h2_k1__r0__cadical,tree_20_seed1,tree,2,1,cadical,0,20,19,OPT,5,5,5,5,5,38,,degree / distinct spaced labels,0,True,NA,0.35489365400007955,True,sat,elementary,1,False,5,6,0,1,RETURNED,False
tree_20_seed1__h2_k1__r1__cadical,tree_20_seed1,tree,2,1,cadical,1,20,19,OPT,5,5,5,5,5,38,,degree / distinct spaced labels,0,True,NA,0.34766712299995106,True,sat,elementary,1,False,5,6,0,1,RETURNED,False
tree_20_seed1__h2_k1__r1__gurobi,tree_20_seed1,tree,2,1,gurobi,1,20,19,OPT,5,5,5,5,5,38,,degree / distinct spaced labels,0,True,NA,0.41992788900006417,True,gurobi_incumbent,gurobi_optimal,2,False,5,6,0,1,RETURNED,False
tree_20_seed1__h2_k1__r2__gurobi,tree_20_seed1,tree,2,1,gurobi,2,20,19,OPT,5,5,5,5,5,38,,degree / distinct spaced labels,0,True,NA,0.4251685780000116,True,gurobi_incumbent,gurobi_optimal,2,False,5,6,0,1,RETURNED,False
tree_20_seed1__h2_k1__r2__cadical,tree_20_seed1,tree,2,1,cadical,2,20,19,OPT,5,5,5,5,5,38,,degree / distinct spaced labels,0,True,NA,0.3479359379999778,True,sat,elementary,1,False,5,6,0,1,RETURNED,False
tree_20_seed1__h3_k2__r0__gurobi,tree_20_seed1,tree,3,2,gurobi,0,20,19,OPT,9,9,9,9,9,57,,degree / distinct spaced labels,0,True,NA,0.4771172990000423,True,gurobi_incumbent,gurobi_optimal,3,False,9,11,0,2,RETURNED,False
tree_20_seed1__h3_k2__r0__cadical,tree_20_seed1,tree,3,2,cadical,0,20,19,OPT,9,9,9,9,9,57,,degree / distinct spaced labels,0,True,NA,0.36821913300002507,True,sat,elementary,2,False,9,11,0,2,RETURNED,False
tree_20_seed1__h3_k2__r1__cadical,tree_20_seed1,tree,3,2,cadical,1,20,19,OPT,9,9,9,9,9,57,,degree / distinct spaced labels,0,True,NA,0.3655234279999604,True,sat,elementary,2,False,9,11,0,2,RETURNED,False
tree_20_seed1__h3_k2__r1__gurobi,tree_20_seed1,tree,3,2,gurobi,1,20,19,OPT,9,9,9,9,9,57,,degree / distinct spaced labels,0,True,NA,0.4674050389999138,True,gurobi_incumbent,gurobi_optimal,3,False,9,11,0,2,RETURNED,False
tree_20_seed1__h3_k2__r2__gurobi,tree_20_seed1,tree,3,2,gurobi,2,20,19,OPT,9,9,9,9,9,57,,degree / distinct spaced labels,0,True,NA,0.48766301000000567,True,gurobi_incumbent,gurobi_optimal,3,False,9,11,0,2,RETURNED,False
tree_20_seed1__h3_k2__r2__cadical,tree_20_seed1,tree,3,2,cadical,2,20,19,OPT,9,9,9,9,9,57,,degree / distinct spaced labels,0,True,NA,0.37222588199995243,True,sat,elementary,2,False,9,11,0,2,RETURNED,False
tree_20_seed2__h1_k1__r0__cadical,tree_20_seed2,tree,1,1,cadical,0,20,19,OPT,3,3,3,3,3,3,3,equal-gap tree: h*Delta,0,True,MATCH,0.3562437019999152,True,sat,elementary,1,False,3,4,0,1,RETURNED,False
tree_20_seed2__h1_k1__r0__gurobi,tree_20_seed2,tree,1,1,gurobi,0,20,19,OPT,3,3,3,3,3,3,3,equal-gap tree: h*Delta,0,True,MATCH,0.40006196699994234,True,gurobi_incumbent,gurobi_optimal,2,False,3,4,0,1,RETURNED,False
tree_20_seed2__h1_k1__r1__gurobi,tree_20_seed2,tree,1,1,gurobi,1,20,19,OPT,3,3,3,3,3,3,3,equal-gap tree: h*Delta,0,True,MATCH,0.41167232299994794,True,gurobi_incumbent,gurobi_optimal,2,False,3,4,0,1,RETURNED,False
tree_20_seed2__h1_k1__r1__cadical,tree_20_seed2,tree,1,1,cadical,1,20,19,OPT,3,3,3,3,3,3,3,equal-gap tree: h*Delta,0,True,MATCH,0.34884050200003003,True,sat,elementary,1,False,3,4,0,1,RETURNED,False
tree_20_seed2__h1_k1__r2__cadical,tree_20_seed2,tree,1,1,cadical,2,20,19,OPT,3,3,3,3,3,3,3,equal-gap tree: h*Delta,0,True,MATCH,0.34353870400002506,True,sat,elementary,1,False,3,4,0,1,RETURNED,False
tree_20_seed2__h1_k1__r2__gurobi,tree_20_seed2,tree,1,1,gurobi,2,20,19,OPT,3,3,3,3,3,3,3,equal-gap tree: h*Delta,0,True,MATCH,0.570782758000064,True,gurobi_incumbent,gurobi_optimal,2,False,3,4,0,1,RETURNED,False
tree_20_seed2__h2_k1__r0__cadical,tree_20_seed2,tree,2,1,cadical,0,20,19,OPT,4,4,4,4,4,38,,degree / distinct spaced labels,0,True,NA,0.3665696460000163,True,sat,elementary,2,False,4,6,0,2,RETURNED,False
tree_20_seed2__h2_k1__r0__gurobi,tree_20_seed2,tree,2,1,gurobi,0,20,19,OPT,4,4,4,4,4,38,,degree / distinct spaced labels,0,True,NA,0.5410370409999814,True,gurobi_incumbent,gurobi_optimal,3,False,4,6,0,2,RETURNED,False
tree_20_seed2__h2_k1__r1__gurobi,tree_20_seed2,tree,2,1,gurobi,1,20,19,OPT,4,4,4,4,4,38,,degree / distinct spaced labels,0,True,NA,0.4301028550000865,True,gurobi_incumbent,gurobi_optimal,3,False,4,6,0,2,RETURNED,False
tree_20_seed2__h2_k1__r1__cadical,tree_20_seed2,tree,2,1,cadical,1,20,19,OPT,4,4,4,4,4,38,,degree / distinct spaced labels,0,True,NA,0.35125017200005004,True,sat,elementary,2,False,4,6,0,2,RETURNED,False
tree_20_seed2__h2_k1__r2__cadical,tree_20_seed2,tree,2,1,cadical,2,20,19,OPT,4,4,4,4,4,38,,degree / distinct spaced labels,0,True,NA,0.3406533730000092,True,sat,elementary,2,False,4,6,0,2,RETURNED,False
tree_20_seed2__h2_k1__r2__gurobi,tree_20_seed2,tree,2,1,gurobi,2,20,19,OPT,4,4,4,4,4,38,,degree / distinct spaced labels,0,True,NA,0.413442893000024,True,gurobi_incumbent,gurobi_optimal,3,False,4,6,0,2,RETURNED,False
tree_20_seed2__h3_k2__r0__cadical,tree_20_seed2,tree,3,2,cadical,0,20,19,OPT,8,8,8,7,7,57,,degree / distinct spaced labels,1,False,NA,0.375271094000027,True,sat,sat_unsat,2,False,7,10,1,2,RETURNED,False
tree_20_seed2__h3_k2__r0__gurobi,tree_20_seed2,tree,3,2,gurobi,0,20,19,OPT,8,8,8,7,7,57,,degree / distinct spaced labels,1,False,NA,0.48379332399997566,True,gurobi_incumbent,gurobi_optimal,4,False,7,10,1,2,RETURNED,False
tree_20_seed2__h3_k2__r1__gurobi,tree_20_seed2,tree,3,2,gurobi,1,20,19,OPT,8,8,8,7,7,57,,degree / distinct spaced labels,1,False,NA,0.4786722670000927,True,gurobi_incumbent,gurobi_optimal,4,False,7,10,1,2,RETURNED,False
tree_20_seed2__h3_k2__r1__cadical,tree_20_seed2,tree,3,2,cadical,1,20,19,OPT,8,8,8,7,7,57,,degree / distinct spaced labels,1,False,NA,0.3693178529999841,True,sat,sat_unsat,2,False,7,10,1,2,RETURNED,False
tree_20_seed2__h3_k2__r2__cadical,tree_20_seed2,tree,3,2,cadical,2,20,19,OPT,8,8,8,7,7,57,,degree / distinct spaced labels,1,False,NA,0.49494551399993725,True,sat,sat_unsat,2,False,7,10,1,2,RETURNED,False
tree_20_seed2__h3_k2__r2__gurobi,tree_20_seed2,tree,3,2,gurobi,2,20,19,OPT,8,8,8,7,7,57,,degree / distinct spaced labels,1,False,NA,0.47148732499999824,True,gurobi_incumbent,gurobi_optimal,4,False,7,10,1,2,RETURNED,False
tree_40_seed0__h1_k1__r0__gurobi,tree_40_seed0,tree,1,1,gurobi,0,40,39,OPT,4,4,4,4,4,4,4,equal-gap tree: h*Delta,0,True,MATCH,0.4354704799999354,True,gurobi_incumbent,gurobi_optimal,2,False,4,5,0,1,RETURNED,False
tree_40_seed0__h1_k1__r0__cadical,tree_40_seed0,tree,1,1,cadical,0,40,39,OPT,4,4,4,4,4,4,4,equal-gap tree: h*Delta,0,True,MATCH,0.3453965239999661,True,sat,elementary,1,False,4,5,0,1,RETURNED,False
tree_40_seed0__h1_k1__r1__cadical,tree_40_seed0,tree,1,1,cadical,1,40,39,OPT,4,4,4,4,4,4,4,equal-gap tree: h*Delta,0,True,MATCH,0.3448497279999856,True,sat,elementary,1,False,4,5,0,1,RETURNED,False
tree_40_seed0__h1_k1__r1__gurobi,tree_40_seed0,tree,1,1,gurobi,1,40,39,OPT,4,4,4,4,4,4,4,equal-gap tree: h*Delta,0,True,MATCH,0.4165543340000113,True,gurobi_incumbent,gurobi_optimal,2,False,4,5,0,1,RETURNED,False
tree_40_seed0__h1_k1__r2__gurobi,tree_40_seed0,tree,1,1,gurobi,2,40,39,OPT,4,4,4,4,4,4,4,equal-gap tree: h*Delta,0,True,MATCH,0.43377800099995056,True,gurobi_incumbent,gurobi_optimal,2,False,4,5,0,1,RETURNED,False
tree_40_seed0__h1_k1__r2__cadical,tree_40_seed0,tree,1,1,cadical,2,40,39,OPT,4,4,4,4,4,4,4,equal-gap tree: h*Delta,0,True,MATCH,0.3528106039999557,True,sat,elementary,1,False,4,5,0,1,RETURNED,False
tree_40_seed0__h2_k1__r0__gurobi,tree_40_seed0,tree,2,1,gurobi,0,40,39,OPT,5,5,5,5,5,78,,degree / distinct spaced labels,0,True,NA,0.5745607029999746,True,gurobi_incumbent,gurobi_optimal,2,False,5,6,0,1,RETURNED,False
tree_40_seed0__h2_k1__r0__cadical,tree_40_seed0,tree,2,1,cadical,0,40,39,OPT,5,5,5,5,5,78,,degree / distinct spaced labels,0,True,NA,0.35234888200000114,True,sat,elementary,1,False,5,6,0,1,RETURNED,False
tree_40_seed0__h2_k1__r1__cadical,tree_40_seed0,tree,2,1,cadical,1,40,39,OPT,5,5,5,5,5,78,,degree / distinct spaced labels,0,True,NA,0.350142591000008,True,sat,elementary,1,False,5,6,0,1,RETURNED,False
tree_40_seed0__h2_k1__r1__gurobi,tree_40_seed0,tree,2,1,gurobi,1,40,39,OPT,5,5,5,5,5,78,,degree / distinct spaced labels,0,True,NA,0.45933612099997845,True,gurobi_incumbent,gurobi_optimal,2,False,5,6,0,1,RETURNED,False
tree_40_seed0__h2_k1__r2__gurobi,tree_40_seed0,tree,2,1,gurobi,2,40,39,OPT,5,5,5,5,5,78,,degree / distinct spaced labels,0,True,NA,0.44561758399993323,True,gurobi_incumbent,gurobi_optimal,2,False,5,6,0,1,RETURNED,False
tree_40_seed0__h2_k1__r2__cadical,tree_40_seed0,tree,2,1,cadical,2,40,39,OPT,5,5,5,5,5,78,,degree / distinct spaced labels,0,True,NA,0.34618402299997797,True,sat,elementary,1,False,5,6,0,1,RETURNED,False
tree_40_seed0__h3_k2__r0__gurobi,tree_40_seed0,tree,3,2,gurobi,0,40,39,OPT,9,9,9,9,9,117,,degree / distinct spaced labels,0,True,NA,0.6766577449999431,True,gurobi_incumbent,gurobi_optimal,5,False,9,13,0,4,RETURNED,False
tree_40_seed0__h3_k2__r0__cadical,tree_40_seed0,tree,3,2,cadical,0,40,39,OPT,9,9,9,9,9,117,,degree / distinct spaced labels,0,True,NA,0.4218149790000325,True,sat,elementary,3,False,9,13,0,4,RETURNED,False
tree_40_seed0__h3_k2__r1__cadical,tree_40_seed0,tree,3,2,cadical,1,40,39,OPT,9,9,9,9,9,117,,degree / distinct spaced labels,0,True,NA,0.42246490800005176,True,sat,elementary,3,False,9,13,0,4,RETURNED,False
tree_40_seed0__h3_k2__r1__gurobi,tree_40_seed0,tree,3,2,gurobi,1,40,39,OPT,9,9,9,9,9,117,,degree / distinct spaced labels,0,True,NA,0.6641039539999838,True,gurobi_incumbent,gurobi_optimal,5,False,9,13,0,4,RETURNED,False
tree_40_seed0__h3_k2__r2__gurobi,tree_40_seed0,tree,3,2,gurobi,2,40,39,OPT,9,9,9,9,9,117,,degree / distinct spaced labels,0,True,NA,0.7675455590000411,True,gurobi_incumbent,gurobi_optimal,5,False,9,13,0,4,RETURNED,False
tree_40_seed0__h3_k2__r2__cadical,tree_40_seed0,tree,3,2,cadical,2,40,39,OPT,9,9,9,9,9,117,,degree / distinct spaced labels,0,True,NA,0.429746807000015,True,sat,elementary,3,False,9,13,0,4,RETURNED,False
tree_40_seed1__h1_k1__r0__cadical,tree_40_seed1,tree,1,1,cadical,0,40,39,OPT,6,6,6,6,6,6,6,equal-gap tree: h*Delta,0,True,MATCH,0.34164717800001654,True,greedy,elementary,0,False,6,6,0,0,RETURNED,False
tree_40_seed1__h1_k1__r0__gurobi,tree_40_seed1,tree,1,1,gurobi,0,40,39,OPT,6,6,6,6,6,6,6,equal-gap tree: h*Delta,0,True,MATCH,0.4150397299999895,True,greedy,gurobi_optimal,2,False,6,6,0,0,RETURNED,False
tree_40_seed1__h1_k1__r1__gurobi,tree_40_seed1,tree,1,1,gurobi,1,40,39,OPT,6,6,6,6,6,6,6,equal-gap tree: h*Delta,0,True,MATCH,0.4246869839998908,True,greedy,gurobi_optimal,2,False,6,6,0,0,RETURNED,False
tree_40_seed1__h1_k1__r1__cadical,tree_40_seed1,tree,1,1,cadical,1,40,39,OPT,6,6,6,6,6,6,6,equal-gap tree: h*Delta,0,True,MATCH,0.34692268899993906,True,greedy,elementary,0,False,6,6,0,0,RETURNED,False
tree_40_seed1__h1_k1__r2__cadical,tree_40_seed1,tree,1,1,cadical,2,40,39,OPT,6,6,6,6,6,6,6,equal-gap tree: h*Delta,0,True,MATCH,0.3443442139999888,True,greedy,elementary,0,False,6,6,0,0,RETURNED,False
tree_40_seed1__h1_k1__r2__gurobi,tree_40_seed1,tree,1,1,gurobi,2,40,39,OPT,6,6,6,6,6,6,6,equal-gap tree: h*Delta,0,True,MATCH,0.4154461169999877,True,greedy,gurobi_optimal,2,False,6,6,0,0,RETURNED,False
tree_40_seed1__h2_k1__r0__cadical,tree_40_seed1,tree,2,1,cadical,0,40,39,OPT,7,7,7,7,7,78,,degree / distinct spaced labels,0,True,NA,0.35625562400002764,True,sat,elementary,1,False,7,8,0,1,RETURNED,False
tree_40_seed1__h2_k1__r0__gurobi,tree_40_seed1,tree,2,1,gurobi,0,40,39,OPT,7,7,7,7,7,78,,degree / distinct spaced labels,0,True,NA,0.4462708390000216,True,gurobi_incumbent,gurobi_optimal,2,False,7,8,0,1,RETURNED,False
tree_40_seed1__h2_k1__r1__gurobi,tree_40_seed1,tree,2,1,gurobi,1,40,39,OPT,7,7,7,7,7,78,,degree / distinct spaced labels,0,True,NA,0.6251834439999584,True,gurobi_incumbent,gurobi_optimal,2,False,7,8,0,1,RETURNED,False
tree_40_seed1__h2_k1__r1__cadical,tree_40_seed1,tree,2,1,cadical,1,40,39,OPT,7,7,7,7,7,78,,degree / distinct spaced labels,0,True,NA,0.353351062999991,True,sat,elementary,1,False,7,8,0,1,RETURNED,False
tree_40_seed1__h2_k1__r2__cadical,tree_40_seed1,tree,2,1,cadical,2,40,39,OPT,7,7,7,7,7,78,,degree / distinct spaced labels,0,True,NA,0.3516865139999936,True,sat,elementary,1,False,7,8,0,1,RETURNED,False
tree_40_seed1__h2_k1__r2__gurobi,tree_40_seed1,tree,2,1,gurobi,2,40,39,OPT,7,7,7,7,7,78,,degree / distinct spaced labels,0,True,NA,0.4555701060000956,True,gurobi_incumbent,gurobi_optimal,2,False,7,8,0,1,RETURNED,False
tree_40_seed1__h3_k2__r0__cadical,tree_40_seed1,tree,3,2,cadical,0,40,39,OPT,13,13,13,13,13,117,,degree / distinct spaced labels,0,True,NA,0.3402426629999127,True,greedy,elementary,0,False,13,13,0,0,RETURNED,False
tree_40_seed1__h3_k2__r0__gurobi,tree_40_seed1,tree,3,2,gurobi,0,40,39,OPT,13,13,13,13,13,117,,degree / distinct spaced labels,0,True,NA,0.5262648599999693,True,greedy,gurobi_optimal,2,False,13,13,0,0,RETURNED,False
tree_40_seed1__h3_k2__r1__gurobi,tree_40_seed1,tree,3,2,gurobi,1,40,39,OPT,13,13,13,13,13,117,,degree / distinct spaced labels,0,True,NA,0.5289579820000654,True,greedy,gurobi_optimal,2,False,13,13,0,0,RETURNED,False
tree_40_seed1__h3_k2__r1__cadical,tree_40_seed1,tree,3,2,cadical,1,40,39,OPT,13,13,13,13,13,117,,degree / distinct spaced labels,0,True,NA,0.3418266510000194,True,greedy,elementary,0,False,13,13,0,0,RETURNED,False
tree_40_seed1__h3_k2__r2__cadical,tree_40_seed1,tree,3,2,cadical,2,40,39,OPT,13,13,13,13,13,117,,degree / distinct spaced labels,0,True,NA,0.34498047299996415,True,greedy,elementary,0,False,13,13,0,0,RETURNED,False
tree_40_seed1__h3_k2__r2__gurobi,tree_40_seed1,tree,3,2,gurobi,2,40,39,OPT,13,13,13,13,13,117,,degree / distinct spaced labels,0,True,NA,0.6842881249999664,True,greedy,gurobi_optimal,2,False,13,13,0,0,RETURNED,False
tree_40_seed2__h1_k1__r0__gurobi,tree_40_seed2,tree,1,1,gurobi,0,40,39,OPT,4,4,4,4,4,4,4,equal-gap tree: h*Delta,0,True,MATCH,0.40095966799992766,True,greedy,gurobi_optimal,2,False,4,4,0,0,RETURNED,False
tree_40_seed2__h1_k1__r0__cadical,tree_40_seed2,tree,1,1,cadical,0,40,39,OPT,4,4,4,4,4,4,4,equal-gap tree: h*Delta,0,True,MATCH,0.34002122499998677,True,greedy,elementary,0,False,4,4,0,0,RETURNED,False
tree_40_seed2__h1_k1__r1__cadical,tree_40_seed2,tree,1,1,cadical,1,40,39,OPT,4,4,4,4,4,4,4,equal-gap tree: h*Delta,0,True,MATCH,0.34132856799999445,True,greedy,elementary,0,False,4,4,0,0,RETURNED,False
tree_40_seed2__h1_k1__r1__gurobi,tree_40_seed2,tree,1,1,gurobi,1,40,39,OPT,4,4,4,4,4,4,4,equal-gap tree: h*Delta,0,True,MATCH,0.4124743690000514,True,greedy,gurobi_optimal,2,False,4,4,0,0,RETURNED,False
tree_40_seed2__h1_k1__r2__gurobi,tree_40_seed2,tree,1,1,gurobi,2,40,39,OPT,4,4,4,4,4,4,4,equal-gap tree: h*Delta,0,True,MATCH,0.40322463099994366,True,greedy,gurobi_optimal,2,False,4,4,0,0,RETURNED,False
tree_40_seed2__h1_k1__r2__cadical,tree_40_seed2,tree,1,1,cadical,2,40,39,OPT,4,4,4,4,4,4,4,equal-gap tree: h*Delta,0,True,MATCH,0.34169341999995595,True,greedy,elementary,0,False,4,4,0,0,RETURNED,False
tree_40_seed2__h2_k1__r0__gurobi,tree_40_seed2,tree,2,1,gurobi,0,40,39,OPT,5,5,5,5,5,78,,degree / distinct spaced labels,0,True,NA,0.47209741900007884,True,gurobi_incumbent,gurobi_optimal,4,False,5,8,0,3,RETURNED,False
tree_40_seed2__h2_k1__r0__cadical,tree_40_seed2,tree,2,1,cadical,0,40,39,OPT,5,5,5,5,5,78,,degree / distinct spaced labels,0,True,NA,0.3626375360000793,True,sat,elementary,2,False,5,8,0,3,RETURNED,False
tree_40_seed2__h2_k1__r1__cadical,tree_40_seed2,tree,2,1,cadical,1,40,39,OPT,5,5,5,5,5,78,,degree / distinct spaced labels,0,True,NA,0.3800817270000607,True,sat,elementary,2,False,5,8,0,3,RETURNED,False
tree_40_seed2__h2_k1__r1__gurobi,tree_40_seed2,tree,2,1,gurobi,1,40,39,OPT,5,5,5,5,5,78,,degree / distinct spaced labels,0,True,NA,0.6002522549999867,True,gurobi_incumbent,gurobi_optimal,4,False,5,8,0,3,RETURNED,False
tree_40_seed2__h2_k1__r2__gurobi,tree_40_seed2,tree,2,1,gurobi,2,40,39,OPT,5,5,5,5,5,78,,degree / distinct spaced labels,0,True,NA,0.4788115650000009,True,gurobi_incumbent,gurobi_optimal,4,False,5,8,0,3,RETURNED,False
tree_40_seed2__h2_k1__r2__cadical,tree_40_seed2,tree,2,1,cadical,2,40,39,OPT,5,5,5,5,5,78,,degree / distinct spaced labels,0,True,NA,0.36329488199999105,True,sat,elementary,2,False,5,8,0,3,RETURNED,False
tree_40_seed2__h3_k2__r0__gurobi,tree_40_seed2,tree,3,2,gurobi,0,40,39,OPT,10,10,10,9,9,117,,degree / distinct spaced labels,1,False,NA,0.7974622670000144,True,gurobi_incumbent,gurobi_optimal,3,False,9,11,1,1,RETURNED,False
tree_40_seed2__h3_k2__r0__cadical,tree_40_seed2,tree,3,2,cadical,0,40,39,OPT,10,10,10,9,9,117,,degree / distinct spaced labels,1,False,NA,0.41373421399998733,True,sat,sat_unsat,2,False,9,11,1,1,RETURNED,False
tree_40_seed2__h3_k2__r1__cadical,tree_40_seed2,tree,3,2,cadical,1,40,39,OPT,10,10,10,9,9,117,,degree / distinct spaced labels,1,False,NA,0.40170238600001085,True,sat,sat_unsat,2,False,9,11,1,1,RETURNED,False
tree_40_seed2__h3_k2__r1__gurobi,tree_40_seed2,tree,3,2,gurobi,1,40,39,OPT,10,10,10,9,9,117,,degree / distinct spaced labels,1,False,NA,0.7926887400000169,True,gurobi_incumbent,gurobi_optimal,3,False,9,11,1,1,RETURNED,False
tree_40_seed2__h3_k2__r2__gurobi,tree_40_seed2,tree,3,2,gurobi,2,40,39,OPT,10,10,10,9,9,117,,degree / distinct spaced labels,1,False,NA,0.7848360010000306,True,gurobi_incumbent,gurobi_optimal,3,False,9,11,1,1,RETURNED,False
tree_40_seed2__h3_k2__r2__cadical,tree_40_seed2,tree,3,2,cadical,2,40,39,OPT,10,10,10,9,9,117,,degree / distinct spaced labels,1,False,NA,0.40452948600000127,True,sat,sat_unsat,2,False,9,11,1,1,RETURNED,False
tree_60_seed0__h1_k1__r0__cadical,tree_60_seed0,tree,1,1,cadical,0,60,59,OPT,5,5,5,5,5,5,5,equal-gap tree: h*Delta,0,True,MATCH,0.34349460999999337,True,greedy,elementary,0,False,5,5,0,0,RETURNED,False
tree_60_seed0__h1_k1__r0__gurobi,tree_60_seed0,tree,1,1,gurobi,0,60,59,OPT,5,5,5,5,5,5,5,equal-gap tree: h*Delta,0,True,MATCH,0.5424927710000702,True,greedy,gurobi_optimal,2,False,5,5,0,0,RETURNED,False
tree_60_seed0__h1_k1__r1__gurobi,tree_60_seed0,tree,1,1,gurobi,1,60,59,OPT,5,5,5,5,5,5,5,equal-gap tree: h*Delta,0,True,MATCH,0.4313059720000183,True,greedy,gurobi_optimal,2,False,5,5,0,0,RETURNED,False
tree_60_seed0__h1_k1__r1__cadical,tree_60_seed0,tree,1,1,cadical,1,60,59,OPT,5,5,5,5,5,5,5,equal-gap tree: h*Delta,0,True,MATCH,0.34119502000010016,True,greedy,elementary,0,False,5,5,0,0,RETURNED,False
tree_60_seed0__h1_k1__r2__cadical,tree_60_seed0,tree,1,1,cadical,2,60,59,OPT,5,5,5,5,5,5,5,equal-gap tree: h*Delta,0,True,MATCH,0.3429262760000711,True,greedy,elementary,0,False,5,5,0,0,RETURNED,False
tree_60_seed0__h1_k1__r2__gurobi,tree_60_seed0,tree,1,1,gurobi,2,60,59,OPT,5,5,5,5,5,5,5,equal-gap tree: h*Delta,0,True,MATCH,0.41368773399995007,True,greedy,gurobi_optimal,2,False,5,5,0,0,RETURNED,False
tree_60_seed0__h2_k1__r0__cadical,tree_60_seed0,tree,2,1,cadical,0,60,59,OPT,6,6,6,6,6,118,,degree / distinct spaced labels,0,True,NA,0.3924119050000172,True,sat,elementary,1,False,6,7,0,1,RETURNED,False
tree_60_seed0__h2_k1__r0__gurobi,tree_60_seed0,tree,2,1,gurobi,0,60,59,OPT,6,6,6,6,6,118,,degree / distinct spaced labels,0,True,NA,0.48220859700006713,True,gurobi_incumbent,gurobi_optimal,2,False,6,7,0,1,RETURNED,False
tree_60_seed0__h2_k1__r1__gurobi,tree_60_seed0,tree,2,1,gurobi,1,60,59,OPT,6,6,6,6,6,118,,degree / distinct spaced labels,0,True,NA,0.4981596460000901,True,gurobi_incumbent,gurobi_optimal,2,False,6,7,0,1,RETURNED,False
tree_60_seed0__h2_k1__r1__cadical,tree_60_seed0,tree,2,1,cadical,1,60,59,OPT,6,6,6,6,6,118,,degree / distinct spaced labels,0,True,NA,0.3548717469999474,True,sat,elementary,1,False,6,7,0,1,RETURNED,False
tree_60_seed0__h2_k1__r2__cadical,tree_60_seed0,tree,2,1,cadical,2,60,59,OPT,6,6,6,6,6,118,,degree / distinct spaced labels,0,True,NA,0.36060797200002526,True,sat,elementary,1,False,6,7,0,1,RETURNED,False
tree_60_seed0__h2_k1__r2__gurobi,tree_60_seed0,tree,2,1,gurobi,2,60,59,OPT,6,6,6,6,6,118,,degree / distinct spaced labels,0,True,NA,0.6209539939999331,True,gurobi_incumbent,gurobi_optimal,2,False,6,7,0,1,RETURNED,False
tree_60_seed0__h3_k2__r0__cadical,tree_60_seed0,tree,3,2,cadical,0,60,59,OPT,11,11,11,11,11,177,,degree / distinct spaced labels,0,True,NA,0.44475572199996805,True,sat,elementary,2,False,11,13,0,2,RETURNED,False
tree_60_seed0__h3_k2__r0__gurobi,tree_60_seed0,tree,3,2,gurobi,0,60,59,OPT,11,11,11,11,11,177,,degree / distinct spaced labels,0,True,NA,0.6944561190000513,True,gurobi_incumbent,gurobi_optimal,3,False,11,13,0,2,RETURNED,False
tree_60_seed0__h3_k2__r1__gurobi,tree_60_seed0,tree,3,2,gurobi,1,60,59,OPT,11,11,11,11,11,177,,degree / distinct spaced labels,0,True,NA,0.6930256929999814,True,gurobi_incumbent,gurobi_optimal,3,False,11,13,0,2,RETURNED,False
tree_60_seed0__h3_k2__r1__cadical,tree_60_seed0,tree,3,2,cadical,1,60,59,OPT,11,11,11,11,11,177,,degree / distinct spaced labels,0,True,NA,0.4541613949999146,True,sat,elementary,2,False,11,13,0,2,RETURNED,False
tree_60_seed0__h3_k2__r2__cadical,tree_60_seed0,tree,3,2,cadical,2,60,59,OPT,11,11,11,11,11,177,,degree / distinct spaced labels,0,True,NA,0.446694817999969,True,sat,elementary,2,False,11,13,0,2,RETURNED,False
tree_60_seed0__h3_k2__r2__gurobi,tree_60_seed0,tree,3,2,gurobi,2,60,59,OPT,11,11,11,11,11,177,,degree / distinct spaced labels,0,True,NA,0.6873472969999739,True,gurobi_incumbent,gurobi_optimal,3,False,11,13,0,2,RETURNED,False
tree_60_seed1__h1_k1__r0__gurobi,tree_60_seed1,tree,1,1,gurobi,0,60,59,OPT,6,6,6,6,6,6,6,equal-gap tree: h*Delta,0,True,MATCH,0.43347433399992497,True,greedy,gurobi_optimal,2,False,6,6,0,0,RETURNED,False
tree_60_seed1__h1_k1__r0__cadical,tree_60_seed1,tree,1,1,cadical,0,60,59,OPT,6,6,6,6,6,6,6,equal-gap tree: h*Delta,0,True,MATCH,0.5500065109999923,True,greedy,elementary,0,False,6,6,0,0,RETURNED,False
tree_60_seed1__h1_k1__r1__cadical,tree_60_seed1,tree,1,1,cadical,1,60,59,OPT,6,6,6,6,6,6,6,equal-gap tree: h*Delta,0,True,MATCH,0.35428994299991245,True,greedy,elementary,0,False,6,6,0,0,RETURNED,False
tree_60_seed1__h1_k1__r1__gurobi,tree_60_seed1,tree,1,1,gurobi,1,60,59,OPT,6,6,6,6,6,6,6,equal-gap tree: h*Delta,0,True,MATCH,0.4246395739999116,True,greedy,gurobi_optimal,2,False,6,6,0,0,RETURNED,False
tree_60_seed1__h1_k1__r2__gurobi,tree_60_seed1,tree,1,1,gurobi,2,60,59,OPT,6,6,6,6,6,6,6,equal-gap tree: h*Delta,0,True,MATCH,0.4298655869999948,True,greedy,gurobi_optimal,2,False,6,6,0,0,RETURNED,False
tree_60_seed1__h1_k1__r2__cadical,tree_60_seed1,tree,1,1,cadical,2,60,59,OPT,6,6,6,6,6,6,6,equal-gap tree: h*Delta,0,True,MATCH,0.3427664010000626,True,greedy,elementary,0,False,6,6,0,0,RETURNED,False
tree_60_seed1__h2_k1__r0__gurobi,tree_60_seed1,tree,2,1,gurobi,0,60,59,OPT,7,7,7,7,7,118,,degree / distinct spaced labels,0,True,NA,0.4384983690000581,True,greedy,gurobi_optimal,2,False,7,7,0,0,RETURNED,False
tree_60_seed1__h2_k1__r0__cadical,tree_60_seed1,tree,2,1,cadical,0,60,59,OPT,7,7,7,7,7,118,,degree / distinct spaced labels,0,True,NA,0.33719003099997735,True,greedy,elementary,0,False,7,7,0,0,RETURNED,False
tree_60_seed1__h2_k1__r1__cadical,tree_60_seed1,tree,2,1,cadical,1,60,59,OPT,7,7,7,7,7,118,,degree / distinct spaced labels,0,True,NA,0.33654402399997707,True,greedy,elementary,0,False,7,7,0,0,RETURNED,False
tree_60_seed1__h2_k1__r1__gurobi,tree_60_seed1,tree,2,1,gurobi,1,60,59,OPT,7,7,7,7,7,118,,degree / distinct spaced labels,0,True,NA,0.44925790900003904,True,greedy,gurobi_optimal,2,False,7,7,0,0,RETURNED,False
tree_60_seed1__h2_k1__r2__gurobi,tree_60_seed1,tree,2,1,gurobi,2,60,59,OPT,7,7,7,7,7,118,,degree / distinct spaced labels,0,True,NA,0.5793310020000035,True,greedy,gurobi_optimal,2,False,7,7,0,0,RETURNED,False
tree_60_seed1__h2_k1__r2__cadical,tree_60_seed1,tree,2,1,cadical,2,60,59,OPT,7,7,7,7,7,118,,degree / distinct spaced labels,0,True,NA,0.34328093099998114,True,greedy,elementary,0,False,7,7,0,0,RETURNED,False
tree_60_seed1__h3_k2__r0__gurobi,tree_60_seed1,tree,3,2,gurobi,0,60,59,OPT,13,13,13,13,13,177,,degree / distinct spaced labels,0,True,NA,0.6905046929999799,True,gurobi_incumbent,gurobi_optimal,2,False,13,14,0,1,RETURNED,False
tree_60_seed1__h3_k2__r0__cadical,tree_60_seed1,tree,3,2,cadical,0,60,59,OPT,13,13,13,13,13,177,,degree / distinct spaced labels,0,True,NA,0.4083088070000258,True,sat,elementary,1,False,13,14,0,1,RETURNED,False
tree_60_seed1__h3_k2__r1__cadical,tree_60_seed1,tree,3,2,cadical,1,60,59,OPT,13,13,13,13,13,177,,degree / distinct spaced labels,0,True,NA,0.40906135000000177,True,sat,elementary,1,False,13,14,0,1,RETURNED,False
tree_60_seed1__h3_k2__r1__gurobi,tree_60_seed1,tree,3,2,gurobi,1,60,59,OPT,13,13,13,13,13,177,,degree / distinct spaced labels,0,True,NA,0.6858679729999722,True,gurobi_incumbent,gurobi_optimal,2,False,13,14,0,1,RETURNED,False
tree_60_seed1__h3_k2__r2__gurobi,tree_60_seed1,tree,3,2,gurobi,2,60,59,OPT,13,13,13,13,13,177,,degree / distinct spaced labels,0,True,NA,0.6800497919999771,True,gurobi_incumbent,gurobi_optimal,2,False,13,14,0,1,RETURNED,False
tree_60_seed1__h3_k2__r2__cadical,tree_60_seed1,tree,3,2,cadical,2,60,59,OPT,13,13,13,13,13,177,,degree / distinct spaced labels,0,True,NA,0.4033800390000124,True,sat,elementary,1,False,13,14,0,1,RETURNED,False
tree_60_seed2__h1_k1__r0__cadical,tree_60_seed2,tree,1,1,cadical,0,60,59,OPT,4,4,4,4,4,4,4,equal-gap tree: h*Delta,0,True,MATCH,0.35156091600003947,True,sat,elementary,1,False,4,5,0,1,RETURNED,False
tree_60_seed2__h1_k1__r0__gurobi,tree_60_seed2,tree,1,1,gurobi,0,60,59,OPT,4,4,4,4,4,4,4,equal-gap tree: h*Delta,0,True,MATCH,0.5982326749999629,True,gurobi_incumbent,gurobi_optimal,2,False,4,5,0,1,RETURNED,False
tree_60_seed2__h1_k1__r1__gurobi,tree_60_seed2,tree,1,1,gurobi,1,60,59,OPT,4,4,4,4,4,4,4,equal-gap tree: h*Delta,0,True,MATCH,0.43810505899989494,True,gurobi_incumbent,gurobi_optimal,2,False,4,5,0,1,RETURNED,False
tree_60_seed2__h1_k1__r1__cadical,tree_60_seed2,tree,1,1,cadical,1,60,59,OPT,4,4,4,4,4,4,4,equal-gap tree: h*Delta,0,True,MATCH,0.34450790800008235,True,sat,elementary,1,False,4,5,0,1,RETURNED,False
tree_60_seed2__h1_k1__r2__cadical,tree_60_seed2,tree,1,1,cadical,2,60,59,OPT,4,4,4,4,4,4,4,equal-gap tree: h*Delta,0,True,MATCH,0.34525485200003914,True,sat,elementary,1,False,4,5,0,1,RETURNED,False
tree_60_seed2__h1_k1__r2__gurobi,tree_60_seed2,tree,1,1,gurobi,2,60,59,OPT,4,4,4,4,4,4,4,equal-gap tree: h*Delta,0,True,MATCH,0.4303455820000863,True,gurobi_incumbent,gurobi_optimal,2,False,4,5,0,1,RETURNED,False
tree_60_seed2__h2_k1__r0__cadical,tree_60_seed2,tree,2,1,cadical,0,60,59,OPT,5,5,5,5,5,118,,degree / distinct spaced labels,0,True,NA,0.3765617519999296,True,sat,elementary,2,False,5,7,0,2,RETURNED,False
tree_60_seed2__h2_k1__r0__gurobi,tree_60_seed2,tree,2,1,gurobi,0,60,59,OPT,5,5,5,5,5,118,,degree / distinct spaced labels,0,True,NA,0.49217325200004325,True,gurobi_incumbent,gurobi_optimal,3,False,5,7,0,2,RETURNED,False
tree_60_seed2__h2_k1__r1__gurobi,tree_60_seed2,tree,2,1,gurobi,1,60,59,OPT,5,5,5,5,5,118,,degree / distinct spaced labels,0,True,NA,0.5015117510000664,True,gurobi_incumbent,gurobi_optimal,3,False,5,7,0,2,RETURNED,False
tree_60_seed2__h2_k1__r1__cadical,tree_60_seed2,tree,2,1,cadical,1,60,59,OPT,5,5,5,5,5,118,,degree / distinct spaced labels,0,True,NA,0.36888002000000597,True,sat,elementary,2,False,5,7,0,2,RETURNED,False
tree_60_seed2__h2_k1__r2__cadical,tree_60_seed2,tree,2,1,cadical,2,60,59,OPT,5,5,5,5,5,118,,degree / distinct spaced labels,0,True,NA,0.5099185729999363,True,sat,elementary,2,False,5,7,0,2,RETURNED,False
tree_60_seed2__h2_k1__r2__gurobi,tree_60_seed2,tree,2,1,gurobi,2,60,59,OPT,5,5,5,5,5,118,,degree / distinct spaced labels,0,True,NA,0.5143801960000474,True,gurobi_incumbent,gurobi_optimal,3,False,5,7,0,2,RETURNED,False
tree_60_seed2__h3_k2__r0__cadical,tree_60_seed2,tree,3,2,cadical,0,60,59,OPT,10,10,10,9,9,177,,degree / distinct spaced labels,1,False,NA,0.47656654500008244,True,sat,sat_unsat,3,False,9,13,1,3,RETURNED,False
tree_60_seed2__h3_k2__r0__gurobi,tree_60_seed2,tree,3,2,gurobi,0,60,59,OPT,10,10,10,9,9,177,,degree / distinct spaced labels,1,False,NA,0.7555728329999738,True,gurobi_incumbent,gurobi_optimal,5,False,9,13,1,3,RETURNED,False
tree_60_seed2__h3_k2__r1__gurobi,tree_60_seed2,tree,3,2,gurobi,1,60,59,OPT,10,10,10,9,9,177,,degree / distinct spaced labels,1,False,NA,0.7547210159999622,True,gurobi_incumbent,gurobi_optimal,5,False,9,13,1,3,RETURNED,False
tree_60_seed2__h3_k2__r1__cadical,tree_60_seed2,tree,3,2,cadical,1,60,59,OPT,10,10,10,9,9,177,,degree / distinct spaced labels,1,False,NA,0.48316213999999036,True,sat,sat_unsat,3,False,9,13,1,3,RETURNED,False
tree_60_seed2__h3_k2__r2__cadical,tree_60_seed2,tree,3,2,cadical,2,60,59,OPT,10,10,10,9,9,177,,degree / distinct spaced labels,1,False,NA,0.48066898800004765,True,sat,sat_unsat,3,False,9,13,1,3,RETURNED,False
tree_60_seed2__h3_k2__r2__gurobi,tree_60_seed2,tree,3,2,gurobi,2,60,59,OPT,10,10,10,9,9,177,,degree / distinct spaced labels,1,False,NA,0.7611423480000212,True,gurobi_incumbent,gurobi_optimal,5,False,9,13,1,3,RETURNED,False
P_4xP_5__h1_k1__r0__gurobi,P_4xP_5,PxP,1,1,gurobi,0,20,31,OPT,4,4,4,4,4,19,,degree / distinct spaced labels,0,True,NA,0.41899524000007204,True,gurobi_incumbent,gurobi_optimal,3,False,4,6,0,2,RETURNED,False
P_4xP_5__h1_k1__r0__cadical,P_4xP_5,PxP,1,1,cadical,0,20,31,OPT,4,4,4,4,4,19,,degree / distinct spaced labels,0,True,NA,0.4588833870000144,True,sat,elementary,2,False,4,6,0,2,RETURNED,False
P_4xP_5__h1_k1__r1__cadical,P_4xP_5,PxP,1,1,cadical,1,20,31,OPT,4,4,4,4,4,19,,degree / distinct spaced labels,0,True,NA,0.3608306169999196,True,sat,elementary,2,False,4,6,0,2,RETURNED,False
P_4xP_5__h1_k1__r1__gurobi,P_4xP_5,PxP,1,1,gurobi,1,20,31,OPT,4,4,4,4,4,19,,degree / distinct spaced labels,0,True,NA,0.4281936710000309,True,gurobi_incumbent,gurobi_optimal,3,False,4,6,0,2,RETURNED,False
P_4xP_5__h1_k1__r2__gurobi,P_4xP_5,PxP,1,1,gurobi,2,20,31,OPT,4,4,4,4,4,19,,degree / distinct spaced labels,0,True,NA,0.4168709799999988,True,gurobi_incumbent,gurobi_optimal,3,False,4,6,0,2,RETURNED,False
P_4xP_5__h1_k1__r2__cadical,P_4xP_5,PxP,1,1,cadical,2,20,31,OPT,4,4,4,4,4,19,,degree / distinct spaced labels,0,True,NA,0.3528557979999505,True,sat,elementary,2,False,4,6,0,2,RETURNED,False
P_4xP_5__h2_k1__r0__gurobi,P_4xP_5,PxP,2,1,gurobi,0,20,31,OPT,6,6,6,5,6,6,6,"grid L(2,1), both dimensions >=4",0,True,MATCH,0.584374071999946,True,gurobi_incumbent,gurobi_optimal,5,False,5,9,1,3,RETURNED,False
P_4xP_5__h2_k1__r0__cadical,P_4xP_5,PxP,2,1,cadical,0,20,31,OPT,6,6,6,5,6,6,6,"grid L(2,1), both dimensions >=4",0,True,MATCH,0.3673707440000271,True,sat,sat_unsat,3,False,5,9,1,3,RETURNED,False
P_4xP_5__h2_k1__r1__cadical,P_4xP_5,PxP,2,1,cadical,1,20,31,OPT,6,6,6,5,6,6,6,"grid L(2,1), both dimensions >=4",0,True,MATCH,0.3686500180000394,True,sat,sat_unsat,3,False,5,9,1,3,RETURNED,False
P_4xP_5__h2_k1__r1__gurobi,P_4xP_5,PxP,2,1,gurobi,1,20,31,OPT,6,6,6,5,6,6,6,"grid L(2,1), both dimensions >=4",0,True,MATCH,0.739397398000051,True,gurobi_incumbent,gurobi_optimal,5,False,5,9,1,3,RETURNED,False
P_4xP_5__h2_k1__r2__gurobi,P_4xP_5,PxP,2,1,gurobi,2,20,31,OPT,6,6,6,5,6,6,6,"grid L(2,1), both dimensions >=4",0,True,MATCH,0.5710986120000143,True,gurobi_incumbent,gurobi_optimal,5,False,5,9,1,3,RETURNED,False
P_4xP_5__h2_k1__r2__cadical,P_4xP_5,PxP,2,1,cadical,2,20,31,OPT,6,6,6,5,6,6,6,"grid L(2,1), both dimensions >=4",0,True,MATCH,0.3600265229999877,True,sat,sat_unsat,3,False,5,9,1,3,RETURNED,False
P_4xP_5__h3_k2__r0__gurobi,P_4xP_5,PxP,3,2,gurobi,0,20,31,OPT,11,11,11,9,9,57,,degree / distinct spaced labels,2,False,NA,1.9873067390000188,True,gurobi_incumbent,gurobi_optimal,4,False,9,14,2,3,RETURNED,False
P_4xP_5__h3_k2__r0__cadical,P_4xP_5,PxP,3,2,cadical,0,20,31,OPT,11,11,11,9,9,57,,degree / distinct spaced labels,2,False,NA,0.42063775399992664,True,sat,sat_unsat,2,False,9,14,2,3,RETURNED,False
P_4xP_5__h3_k2__r1__cadical,P_4xP_5,PxP,3,2,cadical,1,20,31,OPT,11,11,11,9,9,57,,degree / distinct spaced labels,2,False,NA,0.40089292099992235,True,sat,sat_unsat,2,False,9,14,2,3,RETURNED,False
P_4xP_5__h3_k2__r1__gurobi,P_4xP_5,PxP,3,2,gurobi,1,20,31,OPT,11,11,11,9,9,57,,degree / distinct spaced labels,2,False,NA,2.0977736379999214,True,gurobi_incumbent,gurobi_optimal,4,False,9,14,2,3,RETURNED,False
P_4xP_5__h3_k2__r2__gurobi,P_4xP_5,PxP,3,2,gurobi,2,20,31,OPT,11,11,11,9,9,57,,degree / distinct spaced labels,2,False,NA,1.9832104580000305,True,gurobi_incumbent,gurobi_optimal,4,False,9,14,2,3,RETURNED,False
P_4xP_5__h3_k2__r2__cadical,P_4xP_5,PxP,3,2,cadical,2,20,31,OPT,11,11,11,9,9,57,,degree / distinct spaced labels,2,False,NA,0.4570476399999279,True,sat,sat_unsat,2,False,9,14,2,3,RETURNED,False
P_5xP_8__h1_k1__r0__cadical,P_5xP_8,PxP,1,1,cadical,0,40,67,OPT,4,4,4,4,4,39,,degree / distinct spaced labels,0,True,NA,0.3920994300000302,True,sat,elementary,2,False,4,6,0,2,RETURNED,False
P_5xP_8__h1_k1__r0__gurobi,P_5xP_8,PxP,1,1,gurobi,0,40,67,OPT,4,4,4,4,4,39,,degree / distinct spaced labels,0,True,NA,0.6246903699999393,True,gurobi_incumbent,gurobi_optimal,3,False,4,6,0,2,RETURNED,False
P_5xP_8__h1_k1__r1__gurobi,P_5xP_8,PxP,1,1,gurobi,1,40,67,OPT,4,4,4,4,4,39,,degree / distinct spaced labels,0,True,NA,0.7380038420000119,True,gurobi_incumbent,gurobi_optimal,3,False,4,6,0,2,RETURNED,False
P_5xP_8__h1_k1__r1__cadical,P_5xP_8,PxP,1,1,cadical,1,40,67,OPT,4,4,4,4,4,39,,degree / distinct spaced labels,0,True,NA,0.36674569700005577,True,sat,elementary,2,False,4,6,0,2,RETURNED,False
P_5xP_8__h1_k1__r2__cadical,P_5xP_8,PxP,1,1,cadical,2,40,67,OPT,4,4,4,4,4,39,,degree / distinct spaced labels,0,True,NA,0.3631592210000463,True,sat,elementary,2,False,4,6,0,2,RETURNED,False
P_5xP_8__h1_k1__r2__gurobi,P_5xP_8,PxP,1,1,gurobi,2,40,67,OPT,4,4,4,4,4,39,,degree / distinct spaced labels,0,True,NA,0.589767586999983,True,gurobi_incumbent,gurobi_optimal,3,False,4,6,0,2,RETURNED,False
P_5xP_8__h2_k1__r0__cadical,P_5xP_8,PxP,2,1,cadical,0,40,67,OPT,6,6,6,5,6,6,6,"grid L(2,1), both dimensions >=4",0,True,MATCH,0.3971808509999164,True,sat,sat_unsat,3,False,5,9,1,3,RETURNED,False
P_5xP_8__h2_k1__r0__gurobi,P_5xP_8,PxP,2,1,gurobi,0,40,67,OPT,6,6,6,5,6,6,6,"grid L(2,1), both dimensions >=4",0,True,MATCH,2.062718110999981,True,gurobi_incumbent,gurobi_optimal,5,False,5,9,1,3,RETURNED,False
P_5xP_8__h2_k1__r1__gurobi,P_5xP_8,PxP,2,1,gurobi,1,40,67,OPT,6,6,6,5,6,6,6,"grid L(2,1), both dimensions >=4",0,True,MATCH,2.2014605900000106,True,gurobi_incumbent,gurobi_optimal,5,False,5,9,1,3,RETURNED,False
P_5xP_8__h2_k1__r1__cadical,P_5xP_8,PxP,2,1,cadical,1,40,67,OPT,6,6,6,5,6,6,6,"grid L(2,1), both dimensions >=4",0,True,MATCH,0.40975632000004225,True,sat,sat_unsat,3,False,5,9,1,3,RETURNED,False
P_5xP_8__h2_k1__r2__cadical,P_5xP_8,PxP,2,1,cadical,2,40,67,OPT,6,6,6,5,6,6,6,"grid L(2,1), both dimensions >=4",0,True,MATCH,0.3889348229999996,True,sat,sat_unsat,3,False,5,9,1,3,RETURNED,False
P_5xP_8__h2_k1__r2__gurobi,P_5xP_8,PxP,2,1,gurobi,2,40,67,OPT,6,6,6,5,6,6,6,"grid L(2,1), both dimensions >=4",0,True,MATCH,2.0316020750000234,True,gurobi_incumbent,gurobi_optimal,5,False,5,9,1,3,RETURNED,False
P_5xP_8__h3_k2__r0__cadical,P_5xP_8,PxP,3,2,cadical,0,40,67,OPT,11,11,11,9,9,117,,degree / distinct spaced labels,2,False,NA,0.5777885909999441,True,sat,sat_unsat,3,False,9,16,2,5,RETURNED,False
P_5xP_8__h3_k2__r0__gurobi,P_5xP_8,PxP,3,2,gurobi,0,40,67,OPT,11,11,11,9,9,117,,degree / distinct spaced labels,2,False,NA,9.465318467999964,True,gurobi_incumbent,gurobi_optimal,5,False,9,16,2,5,RETURNED,False
P_5xP_8__h3_k2__r1__gurobi,P_5xP_8,PxP,3,2,gurobi,1,40,67,OPT,11,11,11,9,9,117,,degree / distinct spaced labels,2,False,NA,9.650679375999971,True,gurobi_incumbent,gurobi_optimal,5,False,9,16,2,5,RETURNED,False
P_5xP_8__h3_k2__r1__cadical,P_5xP_8,PxP,3,2,cadical,1,40,67,OPT,11,11,11,9,9,117,,degree / distinct spaced labels,2,False,NA,0.5861744690000705,True,sat,sat_unsat,3,False,9,16,2,5,RETURNED,False
P_5xP_8__h3_k2__r2__cadical,P_5xP_8,PxP,3,2,cadical,2,40,67,OPT,11,11,11,9,9,117,,degree / distinct spaced labels,2,False,NA,0.5761143519999905,True,sat,sat_unsat,3,False,9,16,2,5,RETURNED,False
P_5xP_8__h3_k2__r2__gurobi,P_5xP_8,PxP,3,2,gurobi,2,40,67,OPT,11,11,11,9,9,117,,degree / distinct spaced labels,2,False,NA,9.385944016999929,True,gurobi_incumbent,gurobi_optimal,5,False,9,16,2,5,RETURNED,False
P_6xP_10__h1_k1__r0__gurobi,P_6xP_10,PxP,1,1,gurobi,0,60,104,OPT,4,4,4,4,4,59,,degree / distinct spaced labels,0,True,NA,0.6146467710000252,True,gurobi_incumbent,gurobi_optimal,3,False,4,6,0,2,RETURNED,False
P_6xP_10__h1_k1__r0__cadical,P_6xP_10,PxP,1,1,cadical,0,60,104,OPT,4,4,4,4,4,59,,degree / distinct spaced labels,0,True,NA,0.5426089899999624,True,sat,elementary,2,False,4,6,0,2,RETURNED,False
P_6xP_10__h1_k1__r1__cadical,P_6xP_10,PxP,1,1,cadical,1,60,104,OPT,4,4,4,4,4,59,,degree / distinct spaced labels,0,True,NA,0.38601434899999276,True,sat,elementary,2,False,4,6,0,2,RETURNED,False
P_6xP_10__h1_k1__r1__gurobi,P_6xP_10,PxP,1,1,gurobi,1,60,104,OPT,4,4,4,4,4,59,,degree / distinct spaced labels,0,True,NA,0.5897735500000181,True,gurobi_incumbent,gurobi_optimal,3,False,4,6,0,2,RETURNED,False
P_6xP_10__h1_k1__r2__gurobi,P_6xP_10,PxP,1,1,gurobi,2,60,104,OPT,4,4,4,4,4,59,,degree / distinct spaced labels,0,True,NA,0.5903656970000384,True,gurobi_incumbent,gurobi_optimal,3,False,4,6,0,2,RETURNED,False
P_6xP_10__h1_k1__r2__cadical,P_6xP_10,PxP,1,1,cadical,2,60,104,OPT,4,4,4,4,4,59,,degree / distinct spaced labels,0,True,NA,0.37189050299991777,True,sat,elementary,2,False,4,6,0,2,RETURNED,False
P_6xP_10__h2_k1__r0__gurobi,P_6xP_10,PxP,2,1,gurobi,0,60,104,OPT,6,6,6,5,6,6,6,"grid L(2,1), both dimensions >=4",0,True,MATCH,8.265631707000011,True,gurobi_incumbent,gurobi_optimal,5,False,5,9,1,3,RETURNED,False
P_6xP_10__h2_k1__r0__cadical,P_6xP_10,PxP,2,1,cadical,0,60,104,OPT,6,6,6,5,6,6,6,"grid L(2,1), both dimensions >=4",0,True,MATCH,0.5802978589999839,True,sat,sat_unsat,3,False,5,9,1,3,RETURNED,False
P_6xP_10__h2_k1__r1__cadical,P_6xP_10,PxP,2,1,cadical,1,60,104,OPT,6,6,6,5,6,6,6,"grid L(2,1), both dimensions >=4",0,True,MATCH,0.4482982429999538,True,sat,sat_unsat,3,False,5,9,1,3,RETURNED,False
P_6xP_10__h2_k1__r1__gurobi,P_6xP_10,PxP,2,1,gurobi,1,60,104,OPT,6,6,6,5,6,6,6,"grid L(2,1), both dimensions >=4",0,True,MATCH,8.23744552800008,True,gurobi_incumbent,gurobi_optimal,5,False,5,9,1,3,RETURNED,False
P_6xP_10__h2_k1__r2__gurobi,P_6xP_10,PxP,2,1,gurobi,2,60,104,OPT,6,6,6,5,6,6,6,"grid L(2,1), both dimensions >=4",0,True,MATCH,8.389256244999956,True,gurobi_incumbent,gurobi_optimal,5,False,5,9,1,3,RETURNED,False
P_6xP_10__h2_k1__r2__cadical,P_6xP_10,PxP,2,1,cadical,2,60,104,OPT,6,6,6,5,6,6,6,"grid L(2,1), both dimensions >=4",0,True,MATCH,0.45096690200000467,True,sat,sat_unsat,3,False,5,9,1,3,RETURNED,False
P_6xP_10__h3_k2__r0__gurobi,P_6xP_10,PxP,3,2,gurobi,0,60,104,FEASIBLE,10,13,13,9,9,177,,degree / distinct spaced labels,4,False,NA,30.00770072299997,False,gurobi_incumbent,gurobi_dual,6,False,9,18,1,5,WALL_TIMEOUT,False
P_6xP_10__h3_k2__r0__cadical,P_6xP_10,PxP,3,2,cadical,0,60,104,OPT,11,11,11,9,9,177,,degree / distinct spaced labels,2,False,NA,0.7016917590000276,True,sat,sat_unsat,3,False,9,18,2,7,RETURNED,False
P_6xP_10__h3_k2__r1__cadical,P_6xP_10,PxP,3,2,cadical,1,60,104,OPT,11,11,11,9,9,177,,degree / distinct spaced labels,2,False,NA,0.7056834329999901,True,sat,sat_unsat,3,False,9,18,2,7,RETURNED,False
P_6xP_10__h3_k2__r1__gurobi,P_6xP_10,PxP,3,2,gurobi,1,60,104,FEASIBLE,10,13,13,9,9,177,,degree / distinct spaced labels,4,False,NA,30.007912256000054,False,gurobi_incumbent,gurobi_dual,6,False,9,18,1,5,WALL_TIMEOUT,False
P_6xP_10__h3_k2__r2__gurobi,P_6xP_10,PxP,3,2,gurobi,2,60,104,FEASIBLE,10,13,13,9,9,177,,degree / distinct spaced labels,4,False,NA,30.00701513299998,False,gurobi_incumbent,gurobi_dual,6,False,9,18,1,5,WALL_TIMEOUT,False
P_6xP_10__h3_k2__r2__cadical,P_6xP_10,PxP,3,2,cadical,2,60,104,OPT,11,11,11,9,9,177,,degree / distinct spaced labels,2,False,NA,0.7073408589999417,True,sat,sat_unsat,3,False,9,18,2,7,RETURNED,False
ER_20_p0.15_seed0__h1_k1__r0__cadical,ER_20_p0.15_seed0,ER,1,1,cadical,0,20,23,OPT,7,7,7,7,7,19,,degree / distinct spaced labels,0,True,NA,0.36147756900004424,True,greedy,elementary,0,False,7,7,0,0,RETURNED,False
ER_20_p0.15_seed0__h1_k1__r0__gurobi,ER_20_p0.15_seed0,ER,1,1,gurobi,0,20,23,OPT,7,7,7,7,7,19,,degree / distinct spaced labels,0,True,NA,0.40593517799993606,True,greedy,gurobi_optimal,2,False,7,7,0,0,RETURNED,False
ER_20_p0.15_seed0__h1_k1__r1__gurobi,ER_20_p0.15_seed0,ER,1,1,gurobi,1,20,23,OPT,7,7,7,7,7,19,,degree / distinct spaced labels,0,True,NA,0.5419358200000488,True,greedy,gurobi_optimal,2,False,7,7,0,0,RETURNED,False
ER_20_p0.15_seed0__h1_k1__r1__cadical,ER_20_p0.15_seed0,ER,1,1,cadical,1,20,23,OPT,7,7,7,7,7,19,,degree / distinct spaced labels,0,True,NA,0.34298488699994323,True,greedy,elementary,0,False,7,7,0,0,RETURNED,False
ER_20_p0.15_seed0__h1_k1__r2__cadical,ER_20_p0.15_seed0,ER,1,1,cadical,2,20,23,OPT,7,7,7,7,7,19,,degree / distinct spaced labels,0,True,NA,0.3364285719999316,True,greedy,elementary,0,False,7,7,0,0,RETURNED,False
ER_20_p0.15_seed0__h1_k1__r2__gurobi,ER_20_p0.15_seed0,ER,1,1,gurobi,2,20,23,OPT,7,7,7,7,7,19,,degree / distinct spaced labels,0,True,NA,0.40214200599996275,True,greedy,gurobi_optimal,2,False,7,7,0,0,RETURNED,False
ER_20_p0.15_seed0__h2_k1__r0__cadical,ER_20_p0.15_seed0,ER,2,1,cadical,0,20,23,OPT,8,8,8,8,8,38,,degree / distinct spaced labels,0,True,NA,0.3484592720000137,True,sat,elementary,1,False,8,9,0,1,RETURNED,False
ER_20_p0.15_seed0__h2_k1__r0__gurobi,ER_20_p0.15_seed0,ER,2,1,gurobi,0,20,23,OPT,8,8,8,8,8,38,,degree / distinct spaced labels,0,True,NA,0.4320483169999534,True,gurobi_incumbent,gurobi_optimal,2,False,8,9,0,1,RETURNED,False
ER_20_p0.15_seed0__h2_k1__r1__gurobi,ER_20_p0.15_seed0,ER,2,1,gurobi,1,20,23,OPT,8,8,8,8,8,38,,degree / distinct spaced labels,0,True,NA,0.4300973630000726,True,gurobi_incumbent,gurobi_optimal,2,False,8,9,0,1,RETURNED,False
ER_20_p0.15_seed0__h2_k1__r1__cadical,ER_20_p0.15_seed0,ER,2,1,cadical,1,20,23,OPT,8,8,8,8,8,38,,degree / distinct spaced labels,0,True,NA,0.34938808000003974,True,sat,elementary,1,False,8,9,0,1,RETURNED,False
ER_20_p0.15_seed0__h2_k1__r2__cadical,ER_20_p0.15_seed0,ER,2,1,cadical,2,20,23,OPT,8,8,8,8,8,38,,degree / distinct spaced labels,0,True,NA,0.34559990599996127,True,sat,elementary,1,False,8,9,0,1,RETURNED,False
ER_20_p0.15_seed0__h2_k1__r2__gurobi,ER_20_p0.15_seed0,ER,2,1,gurobi,2,20,23,OPT,8,8,8,8,8,38,,degree / distinct spaced labels,0,True,NA,0.42862108599990734,True,gurobi_incumbent,gurobi_optimal,2,False,8,9,0,1,RETURNED,False
ER_20_p0.15_seed0__h3_k2__r0__cadical,ER_20_p0.15_seed0,ER,3,2,cadical,0,20,23,OPT,15,15,15,15,15,57,,degree / distinct spaced labels,0,True,NA,0.5364040049998948,True,sat,elementary,2,False,15,18,0,3,RETURNED,False
ER_20_p0.15_seed0__h3_k2__r0__gurobi,ER_20_p0.15_seed0,ER,3,2,gurobi,0,20,23,OPT,15,15,15,15,15,57,,degree / distinct spaced labels,0,True,NA,0.6442689659999132,True,gurobi_incumbent,gurobi_optimal,4,False,15,18,0,3,RETURNED,False
ER_20_p0.15_seed0__h3_k2__r1__gurobi,ER_20_p0.15_seed0,ER,3,2,gurobi,1,20,23,OPT,15,15,15,15,15,57,,degree / distinct spaced labels,0,True,NA,0.6184287570000606,True,gurobi_incumbent,gurobi_optimal,4,False,15,18,0,3,RETURNED,False
ER_20_p0.15_seed0__h3_k2__r1__cadical,ER_20_p0.15_seed0,ER,3,2,cadical,1,20,23,OPT,15,15,15,15,15,57,,degree / distinct spaced labels,0,True,NA,0.3999877969999943,True,sat,elementary,2,False,15,18,0,3,RETURNED,False
ER_20_p0.15_seed0__h3_k2__r2__cadical,ER_20_p0.15_seed0,ER,3,2,cadical,2,20,23,OPT,15,15,15,15,15,57,,degree / distinct spaced labels,0,True,NA,0.4031394090000049,True,sat,elementary,2,False,15,18,0,3,RETURNED,False
ER_20_p0.15_seed0__h3_k2__r2__gurobi,ER_20_p0.15_seed0,ER,3,2,gurobi,2,20,23,OPT,15,15,15,15,15,57,,degree / distinct spaced labels,0,True,NA,0.6208678279999731,True,gurobi_incumbent,gurobi_optimal,4,False,15,18,0,3,RETURNED,False
ER_20_p0.15_seed1__h1_k1__r0__gurobi,ER_20_p0.15_seed1,ER,1,1,gurobi,0,20,28,OPT,7,7,7,7,7,19,,degree / distinct spaced labels,0,True,NA,0.4085759810000127,True,greedy,gurobi_optimal,2,False,7,7,0,0,RETURNED,False
ER_20_p0.15_seed1__h1_k1__r0__cadical,ER_20_p0.15_seed1,ER,1,1,cadical,0,20,28,OPT,7,7,7,7,7,19,,degree / distinct spaced labels,0,True,NA,0.34122624899998755,True,greedy,elementary,0,False,7,7,0,0,RETURNED,False
ER_20_p0.15_seed1__h1_k1__r1__cadical,ER_20_p0.15_seed1,ER,1,1,cadical,1,20,28,OPT,7,7,7,7,7,19,,degree / distinct spaced labels,0,True,NA,0.3425902750000205,True,greedy,elementary,0,False,7,7,0,0,RETURNED,False
ER_20_p0.15_seed1__h1_k1__r1__gurobi,ER_20_p0.15_seed1,ER,1,1,gurobi,1,20,28,OPT,7,7,7,7,7,19,,degree / distinct spaced labels,0,True,NA,0.582955527000081,True,greedy,gurobi_optimal,2,False,7,7,0,0,RETURNED,False
ER_20_p0.15_seed1__h1_k1__r2__gurobi,ER_20_p0.15_seed1,ER,1,1,gurobi,2,20,28,OPT,7,7,7,7,7,19,,degree / distinct spaced labels,0,True,NA,0.4061241009999321,True,greedy,gurobi_optimal,2,False,7,7,0,0,RETURNED,False
ER_20_p0.15_seed1__h1_k1__r2__cadical,ER_20_p0.15_seed1,ER,1,1,cadical,2,20,28,OPT,7,7,7,7,7,19,,degree / distinct spaced labels,0,True,NA,0.3570930710000084,True,greedy,elementary,0,False,7,7,0,0,RETURNED,False
ER_20_p0.15_seed1__h2_k1__r0__gurobi,ER_20_p0.15_seed1,ER,2,1,gurobi,0,20,28,OPT,8,8,8,8,8,38,,degree / distinct spaced labels,0,True,NA,0.4491246020000972,True,gurobi_incumbent,gurobi_optimal,3,False,8,10,0,2,RETURNED,False
ER_20_p0.15_seed1__h2_k1__r0__cadical,ER_20_p0.15_seed1,ER,2,1,cadical,0,20,28,OPT,8,8,8,8,8,38,,degree / distinct spaced labels,0,True,NA,0.3629997100000537,True,sat,elementary,2,False,8,10,0,2,RETURNED,False
ER_20_p0.15_seed1__h2_k1__r1__cadical,ER_20_p0.15_seed1,ER,2,1,cadical,1,20,28,OPT,8,8,8,8,8,38,,degree / distinct spaced labels,0,True,NA,0.37055443100007324,True,sat,elementary,2,False,8,10,0,2,RETURNED,False
ER_20_p0.15_seed1__h2_k1__r1__gurobi,ER_20_p0.15_seed1,ER,2,1,gurobi,1,20,28,OPT,8,8,8,8,8,38,,degree / distinct spaced labels,0,True,NA,0.4570834930000274,True,gurobi_incumbent,gurobi_optimal,3,False,8,10,0,2,RETURNED,False
ER_20_p0.15_seed1__h2_k1__r2__gurobi,ER_20_p0.15_seed1,ER,2,1,gurobi,2,20,28,OPT,8,8,8,8,8,38,,degree / distinct spaced labels,0,True,NA,0.44826571399994464,True,gurobi_incumbent,gurobi_optimal,3,False,8,10,0,2,RETURNED,False
ER_20_p0.15_seed1__h2_k1__r2__cadical,ER_20_p0.15_seed1,ER,2,1,cadical,2,20,28,OPT,8,8,8,8,8,38,,degree / distinct spaced labels,0,True,NA,0.36553919600009976,True,sat,elementary,2,False,8,10,0,2,RETURNED,False
ER_20_p0.15_seed1__h3_k2__r0__gurobi,ER_20_p0.15_seed1,ER,3,2,gurobi,0,20,28,OPT,15,15,15,15,15,57,,degree / distinct spaced labels,0,True,NA,1.044168433999971,True,gurobi_incumbent,gurobi_optimal,4,False,15,20,0,5,RETURNED,False
ER_20_p0.15_seed1__h3_k2__r0__cadical,ER_20_p0.15_seed1,ER,3,2,cadical,0,20,28,OPT,15,15,15,15,15,57,,degree / distinct spaced labels,0,True,NA,0.4735794040000201,True,sat,elementary,3,False,15,20,0,5,RETURNED,False
ER_20_p0.15_seed1__h3_k2__r1__cadical,ER_20_p0.15_seed1,ER,3,2,cadical,1,20,28,OPT,15,15,15,15,15,57,,degree / distinct spaced labels,0,True,NA,0.45377192499995544,True,sat,elementary,3,False,15,20,0,5,RETURNED,False
ER_20_p0.15_seed1__h3_k2__r1__gurobi,ER_20_p0.15_seed1,ER,3,2,gurobi,1,20,28,OPT,15,15,15,15,15,57,,degree / distinct spaced labels,0,True,NA,0.9281768869999496,True,gurobi_incumbent,gurobi_optimal,4,False,15,20,0,5,RETURNED,False
ER_20_p0.15_seed1__h3_k2__r2__gurobi,ER_20_p0.15_seed1,ER,3,2,gurobi,2,20,28,OPT,15,15,15,15,15,57,,degree / distinct spaced labels,0,True,NA,0.9282596449999119,True,gurobi_incumbent,gurobi_optimal,4,False,15,20,0,5,RETURNED,False
ER_20_p0.15_seed1__h3_k2__r2__cadical,ER_20_p0.15_seed1,ER,3,2,cadical,2,20,28,OPT,15,15,15,15,15,57,,degree / distinct spaced labels,0,True,NA,0.47422679700002845,True,sat,elementary,3,False,15,20,0,5,RETURNED,False
ER_20_p0.15_seed2__h1_k1__r0__cadical,ER_20_p0.15_seed2,ER,1,1,cadical,0,20,29,OPT,6,6,6,6,6,19,,degree / distinct spaced labels,0,True,NA,0.3476233129999855,True,sat,elementary,1,False,6,7,0,1,RETURNED,False
ER_20_p0.15_seed2__h1_k1__r0__gurobi,ER_20_p0.15_seed2,ER,1,1,gurobi,0,20,29,OPT,6,6,6,6,6,19,,degree / distinct spaced labels,0,True,NA,0.42223218800006634,True,gurobi_incumbent,gurobi_optimal,2,False,6,7,0,1,RETURNED,False
ER_20_p0.15_seed2__h1_k1__r1__gurobi,ER_20_p0.15_seed2,ER,1,1,gurobi,1,20,29,OPT,6,6,6,6,6,19,,degree / distinct spaced labels,0,True,NA,0.42974515900004917,True,gurobi_incumbent,gurobi_optimal,2,False,6,7,0,1,RETURNED,False
ER_20_p0.15_seed2__h1_k1__r1__cadical,ER_20_p0.15_seed2,ER,1,1,cadical,1,20,29,OPT,6,6,6,6,6,19,,degree / distinct spaced labels,0,True,NA,0.4697332580000193,True,sat,elementary,1,False,6,7,0,1,RETURNED,False
ER_20_p0.15_seed2__h1_k1__r2__cadical,ER_20_p0.15_seed2,ER,1,1,cadical,2,20,29,OPT,6,6,6,6,6,19,,degree / distinct spaced labels,0,True,NA,0.3435727160000397,True,sat,elementary,1,False,6,7,0,1,RETURNED,False
ER_20_p0.15_seed2__h1_k1__r2__gurobi,ER_20_p0.15_seed2,ER,1,1,gurobi,2,20,29,OPT,6,6,6,6,6,19,,degree / distinct spaced labels,0,True,NA,0.4248000669999783,True,gurobi_incumbent,gurobi_optimal,2,False,6,7,0,1,RETURNED,False
ER_20_p0.15_seed2__h2_k1__r0__cadical,ER_20_p0.15_seed2,ER,2,1,cadical,0,20,29,OPT,7,7,7,7,7,38,,degree / distinct spaced labels,0,True,NA,0.37631292899993696,True,sat,elementary,2,False,7,10,0,3,RETURNED,False
ER_20_p0.15_seed2__h2_k1__r0__gurobi,ER_20_p0.15_seed2,ER,2,1,gurobi,0,20,29,OPT,7,7,7,7,7,38,,degree / distinct spaced labels,0,True,NA,0.5748875250000083,True,gurobi_incumbent,gurobi_optimal,4,False,7,10,0,3,RETURNED,False
ER_20_p0.15_seed2__h2_k1__r1__gurobi,ER_20_p0.15_seed2,ER,2,1,gurobi,1,20,29,OPT,7,7,7,7,7,38,,degree / distinct spaced labels,0,True,NA,1.5462365329999557,True,gurobi_incumbent,gurobi_optimal,4,False,7,10,0,3,RETURNED,False
ER_20_p0.15_seed2__h2_k1__r1__cadical,ER_20_p0.15_seed2,ER,2,1,cadical,1,20,29,OPT,7,7,7,7,7,38,,degree / distinct spaced labels,0,True,NA,0.3877838660000634,True,sat,elementary,2,False,7,10,0,3,RETURNED,False
ER_20_p0.15_seed2__h2_k1__r2__cadical,ER_20_p0.15_seed2,ER,2,1,cadical,2,20,29,OPT,7,7,7,7,7,38,,degree / distinct spaced labels,0,True,NA,0.3585389910000458,True,sat,elementary,2,False,7,10,0,3,RETURNED,False
ER_20_p0.15_seed2__h2_k1__r2__gurobi,ER_20_p0.15_seed2,ER,2,1,gurobi,2,20,29,OPT,7,7,7,7,7,38,,degree / distinct spaced labels,0,True,NA,0.5767410990000599,True,gurobi_incumbent,gurobi_optimal,4,False,7,10,0,3,RETURNED,False
ER_20_p0.15_seed2__h3_k2__r0__cadical,ER_20_p0.15_seed2,ER,3,2,cadical,0,20,29,OPT,14,14,14,13,13,57,,degree / distinct spaced labels,1,False,NA,0.5362017549999791,True,sat,sat_unsat,3,False,13,21,1,7,RETURNED,False
ER_20_p0.15_seed2__h3_k2__r0__gurobi,ER_20_p0.15_seed2,ER,3,2,gurobi,0,20,29,OPT,14,14,14,13,13,57,,degree / distinct spaced labels,1,False,NA,2.7234228790000543,True,gurobi_incumbent,gurobi_optimal,3,False,13,21,1,7,RETURNED,False
ER_20_p0.15_seed2__h3_k2__r1__gurobi,ER_20_p0.15_seed2,ER,3,2,gurobi,1,20,29,OPT,14,14,14,13,13,57,,degree / distinct spaced labels,1,False,NA,2.9008960879999677,True,gurobi_incumbent,gurobi_optimal,3,False,13,21,1,7,RETURNED,False
ER_20_p0.15_seed2__h3_k2__r1__cadical,ER_20_p0.15_seed2,ER,3,2,cadical,1,20,29,OPT,14,14,14,13,13,57,,degree / distinct spaced labels,1,False,NA,0.5566757280000729,True,sat,sat_unsat,3,False,13,21,1,7,RETURNED,False
ER_20_p0.15_seed2__h3_k2__r2__cadical,ER_20_p0.15_seed2,ER,3,2,cadical,2,20,29,OPT,14,14,14,13,13,57,,degree / distinct spaced labels,1,False,NA,0.5660806070000035,True,sat,sat_unsat,3,False,13,21,1,7,RETURNED,False
ER_20_p0.15_seed2__h3_k2__r2__gurobi,ER_20_p0.15_seed2,ER,3,2,gurobi,2,20,29,OPT,14,14,14,13,13,57,,degree / distinct spaced labels,1,False,NA,2.7819185360000347,True,gurobi_incumbent,gurobi_optimal,3,False,13,21,1,7,RETURNED,False
ER_20_p0.30_seed0__h1_k1__r0__gurobi,ER_20_p0.30_seed0,ER,1,1,gurobi,0,20,51,OPT,11,11,11,9,9,19,,degree / distinct spaced labels,2,False,NA,0.46572162400002526,True,greedy,gurobi_optimal,2,False,9,11,2,0,RETURNED,False
ER_20_p0.30_seed0__h1_k1__r0__cadical,ER_20_p0.30_seed0,ER,1,1,cadical,0,20,51,OPT,11,11,11,9,9,19,,degree / distinct spaced labels,2,False,NA,1.2664050959999713,True,greedy,sat_unsat,1,False,9,11,2,0,RETURNED,False
ER_20_p0.30_seed0__h1_k1__r1__cadical,ER_20_p0.30_seed0,ER,1,1,cadical,1,20,51,OPT,11,11,11,9,9,19,,degree / distinct spaced labels,2,False,NA,1.451332574999924,True,greedy,sat_unsat,1,False,9,11,2,0,RETURNED,False
ER_20_p0.30_seed0__h1_k1__r1__gurobi,ER_20_p0.30_seed0,ER,1,1,gurobi,1,20,51,OPT,11,11,11,9,9,19,,degree / distinct spaced labels,2,False,NA,0.495410960000072,True,greedy,gurobi_optimal,2,False,9,11,2,0,RETURNED,False
ER_20_p0.30_seed0__h1_k1__r2__gurobi,ER_20_p0.30_seed0,ER,1,1,gurobi,2,20,51,OPT,11,11,11,9,9,19,,degree / distinct spaced labels,2,False,NA,0.4547140419999778,True,greedy,gurobi_optimal,2,False,9,11,2,0,RETURNED,False
ER_20_p0.30_seed0__h1_k1__r2__cadical,ER_20_p0.30_seed0,ER,1,1,cadical,2,20,51,OPT,11,11,11,9,9,19,,degree / distinct spaced labels,2,False,NA,1.2613395969999601,True,greedy,sat_unsat,1,False,9,11,2,0,RETURNED,False
ER_20_p0.30_seed0__h2_k1__r0__gurobi,ER_20_p0.30_seed0,ER,2,1,gurobi,0,20,51,OPT,11,11,11,10,10,38,,degree / distinct spaced labels,1,False,NA,0.8967494219999708,True,gurobi_incumbent,gurobi_optimal,6,False,10,16,1,5,RETURNED,False
ER_20_p0.30_seed0__h2_k1__r0__cadical,ER_20_p0.30_seed0,ER,2,1,cadical,0,20,51,OPT,11,11,11,10,10,38,,degree / distinct spaced labels,1,False,NA,0.9030826729999717,True,sat,sat_unsat,3,False,10,16,1,5,RETURNED,False
ER_20_p0.30_seed0__h2_k1__r1__cadical,ER_20_p0.30_seed0,ER,2,1,cadical,1,20,51,OPT,11,11,11,10,10,38,,degree / distinct spaced labels,1,False,NA,0.9996377710000388,True,sat,sat_unsat,3,False,10,16,1,5,RETURNED,False
ER_20_p0.30_seed0__h2_k1__r1__gurobi,ER_20_p0.30_seed0,ER,2,1,gurobi,1,20,51,OPT,11,11,11,10,10,38,,degree / distinct spaced labels,1,False,NA,0.9421619010000768,True,gurobi_incumbent,gurobi_optimal,6,False,10,16,1,5,RETURNED,False
ER_20_p0.30_seed0__h2_k1__r2__gurobi,ER_20_p0.30_seed0,ER,2,1,gurobi,2,20,51,OPT,11,11,11,10,10,38,,degree / distinct spaced labels,1,False,NA,0.8945784910000611,True,gurobi_incumbent,gurobi_optimal,6,False,10,16,1,5,RETURNED,False
ER_20_p0.30_seed0__h2_k1__r2__cadical,ER_20_p0.30_seed0,ER,2,1,cadical,2,20,51,OPT,11,11,11,10,10,38,,degree / distinct spaced labels,1,False,NA,0.8825091449999718,True,sat,sat_unsat,3,False,10,16,1,5,RETURNED,False
ER_20_p0.30_seed0__h3_k2__r0__gurobi,ER_20_p0.30_seed0,ER,3,2,gurobi,0,20,51,OPT,22,22,22,19,19,57,,degree / distinct spaced labels,3,False,NA,7.672383777999926,True,gurobi_incumbent,gurobi_optimal,10,False,19,31,3,9,RETURNED,False
ER_20_p0.30_seed0__h3_k2__r0__cadical,ER_20_p0.30_seed0,ER,3,2,cadical,0,20,51,OPT,22,22,22,19,19,57,,degree / distinct spaced labels,3,False,NA,15.340358610000067,True,sat,sat_unsat,4,False,19,31,3,9,RETURNED,False
ER_20_p0.30_seed0__h3_k2__r1__cadical,ER_20_p0.30_seed0,ER,3,2,cadical,1,20,51,OPT,22,22,22,19,19,57,,degree / distinct spaced labels,3,False,NA,16.10904667500006,True,sat,sat_unsat,4,False,19,31,3,9,RETURNED,False
ER_20_p0.30_seed0__h3_k2__r1__gurobi,ER_20_p0.30_seed0,ER,3,2,gurobi,1,20,51,FEASIBLE,19,26,26,19,19,57,,degree / distinct spaced labels,7,False,NA,4.223082016000035,True,gurobi_incumbent,elementary,2,False,19,31,0,5,RETURNED,False
ER_20_p0.30_seed0__h3_k2__r2__gurobi,ER_20_p0.30_seed0,ER,3,2,gurobi,2,20,51,OPT,22,22,22,19,19,57,,degree / distinct spaced labels,3,False,NA,12.848832714999958,True,gurobi_incumbent,gurobi_optimal,10,False,19,31,3,9,RETURNED,False
ER_20_p0.30_seed0__h3_k2__r2__cadical,ER_20_p0.30_seed0,ER,3,2,cadical,2,20,51,OPT,22,22,22,19,19,57,,degree / distinct spaced labels,3,False,NA,21.617098870000063,True,sat,sat_unsat,4,False,19,31,3,9,RETURNED,False
ER_20_p0.30_seed1__h1_k1__r0__cadical,ER_20_p0.30_seed1,ER,1,1,cadical,0,20,58,FEASIBLE,11,14,14,11,11,19,,degree / distinct spaced labels,3,False,NA,30.008621523999977,False,greedy,elementary,0,True,11,14,0,0,WALL_TIMEOUT,False
ER_20_p0.30_seed1__h1_k1__r0__gurobi,ER_20_p0.30_seed1,ER,1,1,gurobi,0,20,58,OPT,13,13,13,11,11,19,,degree / distinct spaced labels,2,False,NA,0.9895191919999888,True,gurobi_incumbent,gurobi_optimal,3,False,11,14,2,1,RETURNED,False
ER_20_p0.30_seed1__h1_k1__r1__gurobi,ER_20_p0.30_seed1,ER,1,1,gurobi,1,20,58,OPT,13,13,13,11,11,19,,degree / distinct spaced labels,2,False,NA,0.5826602619999903,True,gurobi_incumbent,gurobi_optimal,3,False,11,14,2,1,RETURNED,False
ER_20_p0.30_seed1__h1_k1__r1__cadical,ER_20_p0.30_seed1,ER,1,1,cadical,1,20,58,FEASIBLE,11,14,14,11,11,19,,degree / distinct spaced labels,3,False,NA,30.005895920000057,False,greedy,elementary,0,True,11,14,0,0,WALL_TIMEOUT,False
ER_20_p0.30_seed1__h1_k1__r2__cadical,ER_20_p0.30_seed1,ER,1,1,cadical,2,20,58,OPT,13,13,13,11,11,19,,degree / distinct spaced labels,2,False,NA,28.42402985600006,True,sat,sat_unsat,2,False,11,14,2,1,RETURNED,False
ER_20_p0.30_seed1__h1_k1__r2__gurobi,ER_20_p0.30_seed1,ER,1,1,gurobi,2,20,58,FEASIBLE,11,14,14,11,11,19,,degree / distinct spaced labels,3,False,NA,30.0060263339999,False,greedy,elementary,0,True,11,14,0,0,WALL_TIMEOUT,False
ER_20_p0.30_seed1__h2_k1__r0__cadical,ER_20_p0.30_seed1,ER,2,1,cadical,0,20,58,OPT,13,13,13,12,12,38,,degree / distinct spaced labels,1,False,NA,7.004180447999943,True,sat,sat_unsat,3,False,12,18,1,5,RETURNED,False
ER_20_p0.30_seed1__h2_k1__r0__gurobi,ER_20_p0.30_seed1,ER,2,1,gurobi,0,20,58,FEASIBLE,12,18,18,12,12,38,,degree / distinct spaced labels,6,False,NA,30.00553012799992,False,greedy,elementary,0,True,12,18,0,0,WALL_TIMEOUT,False
ER_20_p0.30_seed1__h2_k1__r1__gurobi,ER_20_p0.30_seed1,ER,2,1,gurobi,1,20,58,OPT,13,13,13,12,12,38,,degree / distinct spaced labels,1,False,NA,12.365077461000055,True,gurobi_incumbent,gurobi_optimal,4,False,12,18,1,5,RETURNED,False
ER_20_p0.30_seed1__h2_k1__r1__cadical,ER_20_p0.30_seed1,ER,2,1,cadical,1,20,58,OPT,13,13,13,12,12,38,,degree / distinct spaced labels,1,False,NA,6.81774276200008,True,sat,sat_unsat,3,False,12,18,1,5,RETURNED,False
ER_20_p0.30_seed1__h2_k1__r2__cadical,ER_20_p0.30_seed1,ER,2,1,cadical,2,20,58,OPT,13,13,13,12,12,38,,degree / distinct spaced labels,1,False,NA,6.6717927009999585,True,sat,sat_unsat,3,False,12,18,1,5,RETURNED,False
ER_20_p0.30_seed1__h2_k1__r2__gurobi,ER_20_p0.30_seed1,ER,2,1,gurobi,2,20,58,OPT,13,13,13,12,12,38,,degree / distinct spaced labels,1,False,NA,1.0377515889999813,True,gurobi_incumbent,gurobi_optimal,4,False,12,18,1,5,RETURNED,False
ER_20_p0.30_seed1__h3_k2__r0__cadical,ER_20_p0.30_seed1,ER,3,2,cadical,0,20,58,FEASIBLE,23,26,26,23,23,57,,degree / distinct spaced labels,3,False,NA,30.005915647999927,False,sat,elementary,2,False,23,35,0,9,WALL_TIMEOUT,False
ER_20_p0.30_seed1__h3_k2__r0__gurobi,ER_20_p0.30_seed1,ER,3,2,gurobi,0,20,58,OPT,26,26,26,23,23,57,,degree / distinct spaced labels,3,False,NA,8.730623549000029,True,gurobi_incumbent,gurobi_optimal,12,False,23,35,3,9,RETURNED,False
ER_20_p0.30_seed1__h3_k2__r1__gurobi,ER_20_p0.30_seed1,ER,3,2,gurobi,1,20,58,OPT,26,26,26,23,23,57,,degree / distinct spaced labels,3,False,NA,8.579391120999844,True,gurobi_incumbent,gurobi_optimal,12,False,23,35,3,9,RETURNED,False
ER_20_p0.30_seed1__h3_k2__r1__cadical,ER_20_p0.30_seed1,ER,3,2,cadical,1,20,58,FEASIBLE,23,26,26,23,23,57,,degree / distinct spaced labels,3,False,NA,30.007618755000067,False,sat,elementary,2,False,23,35,0,9,WALL_TIMEOUT,False
ER_20_p0.30_seed1__h3_k2__r2__cadical,ER_20_p0.30_seed1,ER,3,2,cadical,2,20,58,FEASIBLE,23,26,26,23,23,57,,degree / distinct spaced labels,3,False,NA,30.00735141999985,False,sat,elementary,2,False,23,35,0,9,WALL_TIMEOUT,False
ER_20_p0.30_seed1__h3_k2__r2__gurobi,ER_20_p0.30_seed1,ER,3,2,gurobi,2,20,58,OPT,26,26,26,23,23,57,,degree / distinct spaced labels,3,False,NA,8.658130004999975,True,gurobi_incumbent,gurobi_optimal,12,False,23,35,3,9,RETURNED,False
ER_20_p0.30_seed2__h1_k1__r0__gurobi,ER_20_p0.30_seed2,ER,1,1,gurobi,0,20,59,OPT,13,13,13,10,10,19,,degree / distinct spaced labels,3,False,NA,0.4706632239999635,True,greedy,gurobi_optimal,2,False,10,13,3,0,RETURNED,False
ER_20_p0.30_seed2__h1_k1__r0__cadical,ER_20_p0.30_seed2,ER,1,1,cadical,0,20,59,OPT,13,13,13,10,10,19,,degree / distinct spaced labels,3,False,NA,13.090410124000073,True,greedy,sat_unsat,2,False,10,13,3,0,RETURNED,False
ER_20_p0.30_seed2__h1_k1__r1__cadical,ER_20_p0.30_seed2,ER,1,1,cadical,1,20,59,OPT,13,13,13,10,10,19,,degree / distinct spaced labels,3,False,NA,13.125473376999935,True,greedy,sat_unsat,2,False,10,13,3,0,RETURNED,False
ER_20_p0.30_seed2__h1_k1__r1__gurobi,ER_20_p0.30_seed2,ER,1,1,gurobi,1,20,59,OPT,13,13,13,10,10,19,,degree / distinct spaced labels,3,False,NA,0.47451361599996744,True,greedy,gurobi_optimal,2,False,10,13,3,0,RETURNED,False
ER_20_p0.30_seed2__h1_k1__r2__gurobi,ER_20_p0.30_seed2,ER,1,1,gurobi,2,20,59,OPT,13,13,13,10,10,19,,degree / distinct spaced labels,3,False,NA,0.5749405950000437,True,greedy,gurobi_optimal,2,False,10,13,3,0,RETURNED,False
ER_20_p0.30_seed2__h1_k1__r2__cadical,ER_20_p0.30_seed2,ER,1,1,cadical,2,20,59,OPT,13,13,13,10,10,19,,degree / distinct spaced labels,3,False,NA,13.141342889000043,True,greedy,sat_unsat,2,False,10,13,3,0,RETURNED,False
ER_20_p0.30_seed2__h2_k1__r0__gurobi,ER_20_p0.30_seed2,ER,2,1,gurobi,0,20,59,OPT,13,13,13,11,11,38,,degree / distinct spaced labels,2,False,NA,0.7246096750000106,True,gurobi_incumbent,gurobi_optimal,4,False,11,15,2,2,RETURNED,False
ER_20_p0.30_seed2__h2_k1__r0__cadical,ER_20_p0.30_seed2,ER,2,1,cadical,0,20,59,OPT,13,13,13,11,11,38,,degree / distinct spaced labels,2,False,NA,7.20622410399983,True,sat,sat_unsat,2,False,11,15,2,2,RETURNED,False
ER_20_p0.30_seed2__h2_k1__r1__cadical,ER_20_p0.30_seed2,ER,2,1,cadical,1,20,59,OPT,13,13,13,11,11,38,,degree / distinct spaced labels,2,False,NA,7.314397711000083,True,sat,sat_unsat,2,False,11,15,2,2,RETURNED,False
ER_20_p0.30_seed2__h2_k1__r1__gurobi,ER_20_p0.30_seed2,ER,2,1,gurobi,1,20,59,OPT,13,13,13,11,11,38,,degree / distinct spaced labels,2,False,NA,0.7404212589999588,True,gurobi_incumbent,gurobi_optimal,4,False,11,15,2,2,RETURNED,False
ER_20_p0.30_seed2__h2_k1__r2__gurobi,ER_20_p0.30_seed2,ER,2,1,gurobi,2,20,59,OPT,13,13,13,11,11,38,,degree / distinct spaced labels,2,False,NA,0.7182899580000139,True,gurobi_incumbent,gurobi_optimal,4,False,11,15,2,2,RETURNED,False
ER_20_p0.30_seed2__h2_k1__r2__cadical,ER_20_p0.30_seed2,ER,2,1,cadical,2,20,59,OPT,13,13,13,11,11,38,,degree / distinct spaced labels,2,False,NA,7.007237735999979,True,sat,sat_unsat,2,False,11,15,2,2,RETURNED,False
ER_20_p0.30_seed2__h3_k2__r0__gurobi,ER_20_p0.30_seed2,ER,3,2,gurobi,0,20,59,OPT,26,26,26,21,21,57,,degree / distinct spaced labels,5,False,NA,3.923515562000148,True,gurobi_incumbent,gurobi_optimal,8,False,21,34,5,8,RETURNED,False
ER_20_p0.30_seed2__h3_k2__r0__cadical,ER_20_p0.30_seed2,ER,3,2,cadical,0,20,59,FEASIBLE,21,27,27,21,21,57,,degree / distinct spaced labels,6,False,NA,30.007892929000036,False,sat,elementary,1,False,21,34,0,7,WALL_TIMEOUT,False
ER_20_p0.30_seed2__h3_k2__r1__cadical,ER_20_p0.30_seed2,ER,3,2,cadical,1,20,59,FEASIBLE,21,27,27,21,21,57,,degree / distinct spaced labels,6,False,NA,30.006200498999988,False,sat,elementary,1,False,21,34,0,7,WALL_TIMEOUT,False
ER_20_p0.30_seed2__h3_k2__r1__gurobi,ER_20_p0.30_seed2,ER,3,2,gurobi,1,20,59,OPT,26,26,26,21,21,57,,degree / distinct spaced labels,5,False,NA,3.940717374000087,True,gurobi_incumbent,gurobi_optimal,8,False,21,34,5,8,RETURNED,False
ER_20_p0.30_seed2__h3_k2__r2__gurobi,ER_20_p0.30_seed2,ER,3,2,gurobi,2,20,59,OPT,26,26,26,21,21,57,,degree / distinct spaced labels,5,False,NA,3.966572102999862,True,gurobi_incumbent,gurobi_optimal,8,False,21,34,5,8,RETURNED,False
ER_20_p0.30_seed2__h3_k2__r2__cadical,ER_20_p0.30_seed2,ER,3,2,cadical,2,20,59,FEASIBLE,21,27,27,21,21,57,,degree / distinct spaced labels,6,False,NA,30.008367376000024,False,sat,elementary,1,False,21,34,0,7,WALL_TIMEOUT,False
BA_20_m2_seed0__h1_k1__r0__cadical,BA_20_m2_seed0,BA,1,1,cadical,0,20,36,OPT,12,12,12,12,12,19,,degree / distinct spaced labels,0,True,NA,0.3702225909999015,True,greedy,elementary,0,False,12,12,0,0,RETURNED,False
BA_20_m2_seed0__h1_k1__r0__gurobi,BA_20_m2_seed0,BA,1,1,gurobi,0,20,36,OPT,12,12,12,12,12,19,,degree / distinct spaced labels,0,True,NA,1.1862814080000135,True,greedy,gurobi_optimal,2,False,12,12,0,0,RETURNED,False
BA_20_m2_seed0__h1_k1__r1__gurobi,BA_20_m2_seed0,BA,1,1,gurobi,1,20,36,OPT,12,12,12,12,12,19,,degree / distinct spaced labels,0,True,NA,0.658632617999956,True,greedy,gurobi_optimal,2,False,12,12,0,0,RETURNED,False
BA_20_m2_seed0__h1_k1__r1__cadical,BA_20_m2_seed0,BA,1,1,cadical,1,20,36,OPT,12,12,12,12,12,19,,degree / distinct spaced labels,0,True,NA,0.36762901400015835,True,greedy,elementary,0,False,12,12,0,0,RETURNED,False
BA_20_m2_seed0__h1_k1__r2__cadical,BA_20_m2_seed0,BA,1,1,cadical,2,20,36,OPT,12,12,12,12,12,19,,degree / distinct spaced labels,0,True,NA,0.3490595360001407,True,greedy,elementary,0,False,12,12,0,0,RETURNED,False
BA_20_m2_seed0__h1_k1__r2__gurobi,BA_20_m2_seed0,BA,1,1,gurobi,2,20,36,OPT,12,12,12,12,12,19,,degree / distinct spaced labels,0,True,NA,0.4374048629999834,True,greedy,gurobi_optimal,2,False,12,12,0,0,RETURNED,False
BA_20_m2_seed0__h2_k1__r0__cadical,BA_20_m2_seed0,BA,2,1,cadical,0,20,36,OPT,13,13,13,13,13,38,,degree / distinct spaced labels,0,True,NA,0.3694047840001531,True,sat,elementary,1,False,13,14,0,1,RETURNED,False
BA_20_m2_seed0__h2_k1__r0__gurobi,BA_20_m2_seed0,BA,2,1,gurobi,0,20,36,OPT,13,13,13,13,13,38,,degree / distinct spaced labels,0,True,NA,0.5224437009999292,True,gurobi_incumbent,gurobi_optimal,2,False,13,14,0,1,RETURNED,False
BA_20_m2_seed0__h2_k1__r1__gurobi,BA_20_m2_seed0,BA,2,1,gurobi,1,20,36,OPT,13,13,13,13,13,38,,degree / distinct spaced labels,0,True,NA,0.6613732130001608,True,gurobi_incumbent,gurobi_optimal,2,False,13,14,0,1,RETURNED,False
BA_20_m2_seed0__h2_k1__r1__cadical,BA_20_m2_seed0,BA,2,1,cadical,1,20,36,OPT,13,13,13,13,13,38,,degree / distinct spaced labels,0,True,NA,0.3735502029999225,True,sat,elementary,1,False,13,14,0,1,RETURNED,False
BA_20_m2_seed0__h2_k1__r2__cadical,BA_20_m2_seed0,BA,2,1,cadical,2,20,36,OPT,13,13,13,13,13,38,,degree / distinct spaced labels,0,True,NA,0.3666202599999906,True,sat,elementary,1,False,13,14,0,1,RETURNED,False
BA_20_m2_seed0__h2_k1__r2__gurobi,BA_20_m2_seed0,BA,2,1,gurobi,2,20,36,OPT,13,13,13,13,13,38,,degree / distinct spaced labels,0,True,NA,0.521350099999836,True,gurobi_incumbent,gurobi_optimal,2,False,13,14,0,1,RETURNED,False
BA_20_m2_seed0__h3_k2__r0__cadical,BA_20_m2_seed0,BA,3,2,cadical,0,20,36,OPT,25,25,25,25,25,57,,degree / distinct spaced labels,0,True,NA,0.6677279279999766,True,sat,elementary,2,False,25,28,0,3,RETURNED,False
BA_20_m2_seed0__h3_k2__r0__gurobi,BA_20_m2_seed0,BA,3,2,gurobi,0,20,36,OPT,25,25,25,25,25,57,,degree / distinct spaced labels,0,True,NA,1.1343953580001198,True,gurobi_incumbent,gurobi_optimal,3,False,25,28,0,3,RETURNED,False
BA_20_m2_seed0__h3_k2__r1__gurobi,BA_20_m2_seed0,BA,3,2,gurobi,1,20,36,OPT,25,25,25,25,25,57,,degree / distinct spaced labels,0,True,NA,1.2195478370001638,True,gurobi_incumbent,gurobi_optimal,3,False,25,28,0,3,RETURNED,False
BA_20_m2_seed0__h3_k2__r1__cadical,BA_20_m2_seed0,BA,3,2,cadical,1,20,36,OPT,25,25,25,25,25,57,,degree / distinct spaced labels,0,True,NA,0.6471761790000983,True,sat,elementary,2,False,25,28,0,3,RETURNED,False
BA_20_m2_seed0__h3_k2__r2__cadical,BA_20_m2_seed0,BA,3,2,cadical,2,20,36,OPT,25,25,25,25,25,57,,degree / distinct spaced labels,0,True,NA,0.6482519229998616,True,sat,elementary,2,False,25,28,0,3,RETURNED,False
BA_20_m2_seed0__h3_k2__r2__gurobi,BA_20_m2_seed0,BA,3,2,gurobi,2,20,36,OPT,25,25,25,25,25,57,,degree / distinct spaced labels,0,True,NA,1.0485499469998558,True,gurobi_incumbent,gurobi_optimal,3,False,25,28,0,3,RETURNED,False
BA_20_m2_seed1__h1_k1__r0__gurobi,BA_20_m2_seed1,BA,1,1,gurobi,0,20,36,OPT,12,12,12,12,12,19,,degree / distinct spaced labels,0,True,NA,0.44486175099996217,True,greedy,gurobi_optimal,2,False,12,12,0,0,RETURNED,False
BA_20_m2_seed1__h1_k1__r0__cadical,BA_20_m2_seed1,BA,1,1,cadical,0,20,36,OPT,12,12,12,12,12,19,,degree / distinct spaced labels,0,True,NA,0.3403299930000685,True,greedy,elementary,0,False,12,12,0,0,RETURNED,False
BA_20_m2_seed1__h1_k1__r1__cadical,BA_20_m2_seed1,BA,1,1,cadical,1,20,36,OPT,12,12,12,12,12,19,,degree / distinct spaced labels,0,True,NA,0.34433281399992666,True,greedy,elementary,0,False,12,12,0,0,RETURNED,False
BA_20_m2_seed1__h1_k1__r1__gurobi,BA_20_m2_seed1,BA,1,1,gurobi,1,20,36,OPT,12,12,12,12,12,19,,degree / distinct spaced labels,0,True,NA,0.6056599890000598,True,greedy,gurobi_optimal,2,False,12,12,0,0,RETURNED,False
BA_20_m2_seed1__h1_k1__r2__gurobi,BA_20_m2_seed1,BA,1,1,gurobi,2,20,36,OPT,12,12,12,12,12,19,,degree / distinct spaced labels,0,True,NA,0.45327841399989666,True,greedy,gurobi_optimal,2,False,12,12,0,0,RETURNED,False
BA_20_m2_seed1__h1_k1__r2__cadical,BA_20_m2_seed1,BA,1,1,cadical,2,20,36,OPT,12,12,12,12,12,19,,degree / distinct spaced labels,0,True,NA,0.34853539499999897,True,greedy,elementary,0,False,12,12,0,0,RETURNED,False
BA_20_m2_seed1__h2_k1__r0__gurobi,BA_20_m2_seed1,BA,2,1,gurobi,0,20,36,OPT,13,13,13,13,13,38,,degree / distinct spaced labels,0,True,NA,0.4910904099999698,True,gurobi_incumbent,gurobi_optimal,2,False,13,14,0,1,RETURNED,False
BA_20_m2_seed1__h2_k1__r0__cadical,BA_20_m2_seed1,BA,2,1,cadical,0,20,36,OPT,13,13,13,13,13,38,,degree / distinct spaced labels,0,True,NA,0.3700793660000272,True,sat,elementary,1,False,13,14,0,1,RETURNED,False
BA_20_m2_seed1__h2_k1__r1__cadical,BA_20_m2_seed1,BA,2,1,cadical,1,20,36,OPT,13,13,13,13,13,38,,degree / distinct spaced labels,0,True,NA,0.37010158699990825,True,sat,elementary,1,False,13,14,0,1,RETURNED,False
BA_20_m2_seed1__h2_k1__r1__gurobi,BA_20_m2_seed1,BA,2,1,gurobi,1,20,36,OPT,13,13,13,13,13,38,,degree / distinct spaced labels,0,True,NA,0.4971826460000557,True,gurobi_incumbent,gurobi_optimal,2,False,13,14,0,1,RETURNED,False
BA_20_m2_seed1__h2_k1__r2__gurobi,BA_20_m2_seed1,BA,2,1,gurobi,2,20,36,OPT,13,13,13,13,13,38,,degree / distinct spaced labels,0,True,NA,0.5115728789999139,True,gurobi_incumbent,gurobi_optimal,2,False,13,14,0,1,RETURNED,False
BA_20_m2_seed1__h2_k1__r2__cadical,BA_20_m2_seed1,BA,2,1,cadical,2,20,36,OPT,13,13,13,13,13,38,,degree / distinct spaced labels,0,True,NA,0.36950635700009116,True,sat,elementary,1,False,13,14,0,1,RETURNED,False
BA_20_m2_seed1__h3_k2__r0__gurobi,BA_20_m2_seed1,BA,3,2,gurobi,0,20,36,OPT,25,25,25,25,25,57,,degree / distinct spaced labels,0,True,NA,1.22818886999994,True,gurobi_incumbent,gurobi_optimal,4,False,25,30,0,5,RETURNED,False
BA_20_m2_seed1__h3_k2__r0__cadical,BA_20_m2_seed1,BA,3,2,cadical,0,20,36,OPT,25,25,25,25,25,57,,degree / distinct spaced labels,0,True,NA,0.6627475520001553,True,sat,elementary,3,False,25,30,0,5,RETURNED,False
BA_20_m2_seed1__h3_k2__r1__cadical,BA_20_m2_seed1,BA,3,2,cadical,1,20,36,OPT,25,25,25,25,25,57,,degree / distinct spaced labels,0,True,NA,0.6404596419999962,True,sat,elementary,3,False,25,30,0,5,RETURNED,False
BA_20_m2_seed1__h3_k2__r1__gurobi,BA_20_m2_seed1,BA,3,2,gurobi,1,20,36,OPT,25,25,25,25,25,57,,degree / distinct spaced labels,0,True,NA,1.0810171249997893,True,gurobi_incumbent,gurobi_optimal,4,False,25,30,0,5,RETURNED,False
BA_20_m2_seed1__h3_k2__r2__gurobi,BA_20_m2_seed1,BA,3,2,gurobi,2,20,36,OPT,25,25,25,25,25,57,,degree / distinct spaced labels,0,True,NA,1.084715468000013,True,gurobi_incumbent,gurobi_optimal,4,False,25,30,0,5,RETURNED,False
BA_20_m2_seed1__h3_k2__r2__cadical,BA_20_m2_seed1,BA,3,2,cadical,2,20,36,OPT,25,25,25,25,25,57,,degree / distinct spaced labels,0,True,NA,0.6305131140002231,True,sat,elementary,3,False,25,30,0,5,RETURNED,False
BA_20_m2_seed2__h1_k1__r0__cadical,BA_20_m2_seed2,BA,1,1,cadical,0,20,36,OPT,13,13,13,12,12,19,,degree / distinct spaced labels,1,False,NA,6.634814246000133,True,greedy,sat_unsat,1,False,12,13,1,0,RETURNED,False
BA_20_m2_seed2__h1_k1__r0__gurobi,BA_20_m2_seed2,BA,1,1,gurobi,0,20,36,OPT,13,13,13,12,12,19,,degree / distinct spaced labels,1,False,NA,0.4400911579998592,True,greedy,gurobi_optimal,2,False,12,13,1,0,RETURNED,False
BA_20_m2_seed2__h1_k1__r1__gurobi,BA_20_m2_seed2,BA,1,1,gurobi,1,20,36,OPT,13,13,13,12,12,19,,degree / distinct spaced labels,1,False,NA,0.43775982700003624,True,greedy,gurobi_optimal,2,False,12,13,1,0,RETURNED,False
BA_20_m2_seed2__h1_k1__r1__cadical,BA_20_m2_seed2,BA,1,1,cadical,1,20,36,OPT,13,13,13,12,12,19,,degree / distinct spaced labels,1,False,NA,6.7653554070000155,True,greedy,sat_unsat,1,False,12,13,1,0,RETURNED,False
BA_20_m2_seed2__h1_k1__r2__cadical,BA_20_m2_seed2,BA,1,1,cadical,2,20,36,OPT,13,13,13,12,12,19,,degree / distinct spaced labels,1,False,NA,6.536237179999944,True,greedy,sat_unsat,1,False,12,13,1,0,RETURNED,False
BA_20_m2_seed2__h1_k1__r2__gurobi,BA_20_m2_seed2,BA,1,1,gurobi,2,20,36,OPT,13,13,13,12,12,19,,degree / distinct spaced labels,1,False,NA,0.4365691230000266,True,greedy,gurobi_optimal,2,False,12,13,1,0,RETURNED,False
BA_20_m2_seed2__h2_k1__r0__cadical,BA_20_m2_seed2,BA,2,1,cadical,0,20,36,OPT,13,13,13,13,13,38,,degree / distinct spaced labels,0,True,NA,0.394132061999926,True,sat,elementary,2,False,13,15,0,2,RETURNED,False
BA_20_m2_seed2__h2_k1__r0__gurobi,BA_20_m2_seed2,BA,2,1,gurobi,0,20,36,OPT,13,13,13,13,13,38,,degree / distinct spaced labels,0,True,NA,0.5158169659998748,True,gurobi_incumbent,gurobi_optimal,2,False,13,15,0,2,RETURNED,False
BA_20_m2_seed2__h2_k1__r1__gurobi,BA_20_m2_seed2,BA,2,1,gurobi,1,20,36,OPT,13,13,13,13,13,38,,degree / distinct spaced labels,0,True,NA,0.5033320520001325,True,gurobi_incumbent,gurobi_optimal,2,False,13,15,0,2,RETURNED,False
BA_20_m2_seed2__h2_k1__r1__cadical,BA_20_m2_seed2,BA,2,1,cadical,1,20,36,OPT,13,13,13,13,13,38,,degree / distinct spaced labels,0,True,NA,0.39961415600009786,True,sat,elementary,2,False,13,15,0,2,RETURNED,False
BA_20_m2_seed2__h2_k1__r2__cadical,BA_20_m2_seed2,BA,2,1,cadical,2,20,36,OPT,13,13,13,13,13,38,,degree / distinct spaced labels,0,True,NA,0.5564149020001423,True,sat,elementary,2,False,13,15,0,2,RETURNED,False
BA_20_m2_seed2__h2_k1__r2__gurobi,BA_20_m2_seed2,BA,2,1,gurobi,2,20,36,OPT,13,13,13,13,13,38,,degree / distinct spaced labels,0,True,NA,0.5101630099998147,True,gurobi_incumbent,gurobi_optimal,2,False,13,15,0,2,RETURNED,False
BA_20_m2_seed2__h3_k2__r0__cadical,BA_20_m2_seed2,BA,3,2,cadical,0,20,36,FEASIBLE,25,26,26,25,25,57,,degree / distinct spaced labels,1,False,NA,30.007711957000083,False,sat,elementary,2,False,25,30,0,4,WALL_TIMEOUT,False
BA_20_m2_seed2__h3_k2__r0__gurobi,BA_20_m2_seed2,BA,3,2,gurobi,0,20,36,OPT,26,26,26,25,25,57,,degree / distinct spaced labels,1,False,NA,1.9026753620000818,True,gurobi_incumbent,gurobi_optimal,5,False,25,30,1,4,RETURNED,False
BA_20_m2_seed2__h3_k2__r1__gurobi,BA_20_m2_seed2,BA,3,2,gurobi,1,20,36,OPT,26,26,26,25,25,57,,degree / distinct spaced labels,1,False,NA,1.515806221000048,True,gurobi_incumbent,gurobi_optimal,5,False,25,30,1,4,RETURNED,False
BA_20_m2_seed2__h3_k2__r1__cadical,BA_20_m2_seed2,BA,3,2,cadical,1,20,36,FEASIBLE,25,26,26,25,25,57,,degree / distinct spaced labels,1,False,NA,30.008144291000008,False,sat,elementary,2,False,25,30,0,4,WALL_TIMEOUT,False
BA_20_m2_seed2__h3_k2__r2__cadical,BA_20_m2_seed2,BA,3,2,cadical,2,20,36,FEASIBLE,25,26,26,25,25,57,,degree / distinct spaced labels,1,False,NA,30.009183753999878,False,sat,elementary,2,False,25,30,0,4,WALL_TIMEOUT,False
BA_20_m2_seed2__h3_k2__r2__gurobi,BA_20_m2_seed2,BA,3,2,gurobi,2,20,36,OPT,26,26,26,25,25,57,,degree / distinct spaced labels,1,False,NA,1.7563996619999216,True,gurobi_incumbent,gurobi_optimal,5,False,25,30,1,4,RETURNED,False
ER_40_p0.15_seed0__h1_k1__r0__gurobi,ER_40_p0.15_seed0,ER,1,1,gurobi,0,40,128,OPT,13,13,13,12,12,39,,degree / distinct spaced labels,1,False,NA,13.100107219999927,True,gurobi_incumbent,gurobi_optimal,5,False,12,17,1,4,RETURNED,False
ER_40_p0.15_seed0__h1_k1__r0__cadical,ER_40_p0.15_seed0,ER,1,1,cadical,0,40,128,FEASIBLE,12,13,13,12,12,39,,degree / distinct spaced labels,1,False,NA,30.00670094200018,False,sat,elementary,2,False,12,17,0,4,WALL_TIMEOUT,False
ER_40_p0.15_seed0__h1_k1__r1__cadical,ER_40_p0.15_seed0,ER,1,1,cadical,1,40,128,FEASIBLE,12,13,13,12,12,39,,degree / distinct spaced labels,1,False,NA,30.013321399000006,False,sat,elementary,2,False,12,17,0,4,WALL_TIMEOUT,False
ER_40_p0.15_seed0__h1_k1__r1__gurobi,ER_40_p0.15_seed0,ER,1,1,gurobi,1,40,128,OPT,13,13,13,12,12,39,,degree / distinct spaced labels,1,False,NA,28.486074764000023,True,gurobi_incumbent,gurobi_optimal,5,False,12,17,1,4,RETURNED,False
ER_40_p0.15_seed0__h1_k1__r2__gurobi,ER_40_p0.15_seed0,ER,1,1,gurobi,2,40,128,OPT,13,13,13,12,12,39,,degree / distinct spaced labels,1,False,NA,17.01982067300014,True,gurobi_incumbent,gurobi_optimal,5,False,12,17,1,4,RETURNED,False
ER_40_p0.15_seed0__h1_k1__r2__cadical,ER_40_p0.15_seed0,ER,1,1,cadical,2,40,128,FEASIBLE,12,13,13,12,12,39,,degree / distinct spaced labels,1,False,NA,30.006507550999913,False,sat,elementary,2,False,12,17,0,4,WALL_TIMEOUT,False
ER_40_p0.15_seed0__h2_k1__r0__gurobi,ER_40_p0.15_seed0,ER,2,1,gurobi,0,40,128,FEASIBLE,13,16,16,13,13,78,,degree / distinct spaced labels,3,False,NA,30.017802958000175,False,gurobi_incumbent,elementary,5,False,13,21,0,5,WALL_TIMEOUT,True
ER_40_p0.15_seed0__h2_k1__r0__cadical,ER_40_p0.15_seed0,ER,2,1,cadical,0,40,128,FEASIBLE,13,14,14,13,13,78,,degree / distinct spaced labels,1,False,NA,30.00733672199999,False,sat,elementary,3,False,13,21,0,7,WALL_TIMEOUT,True
ER_40_p0.15_seed0__h2_k1__r1__cadical,ER_40_p0.15_seed0,ER,2,1,cadical,1,40,128,FEASIBLE,13,14,14,13,13,78,,degree / distinct spaced labels,1,False,NA,30.007100648000005,False,sat,elementary,3,False,13,21,0,7,WALL_TIMEOUT,True
ER_40_p0.15_seed0__h2_k1__r1__gurobi,ER_40_p0.15_seed0,ER,2,1,gurobi,1,40,128,FEASIBLE,13,15,15,13,13,78,,degree / distinct spaced labels,2,False,NA,30.008451595999986,False,gurobi_incumbent,elementary,6,False,13,21,0,6,WALL_TIMEOUT,True
ER_40_p0.15_seed0__h2_k1__r2__gurobi,ER_40_p0.15_seed0,ER,2,1,gurobi,2,40,128,FEASIBLE,13,15,15,13,13,78,,degree / distinct spaced labels,2,False,NA,30.009143347999952,False,gurobi_incumbent,elementary,6,False,13,21,0,6,WALL_TIMEOUT,True
ER_40_p0.15_seed0__h2_k1__r2__cadical,ER_40_p0.15_seed0,ER,2,1,cadical,2,40,128,FEASIBLE,13,14,14,13,13,78,,degree / distinct spaced labels,1,False,NA,30.008187808000002,False,sat,elementary,3,False,13,21,0,7,WALL_TIMEOUT,True
ER_40_p0.15_seed0__h3_k2__r0__gurobi,ER_40_p0.15_seed0,ER,3,2,gurobi,0,40,128,FEASIBLE,25,34,34,25,25,117,,degree / distinct spaced labels,9,False,NA,30.022089585000003,False,gurobi_incumbent,elementary,9,False,25,44,0,10,WALL_TIMEOUT,True
ER_40_p0.15_seed0__h3_k2__r0__cadical,ER_40_p0.15_seed0,ER,3,2,cadical,0,40,128,FEASIBLE,25,29,29,25,25,117,,degree / distinct spaced labels,4,False,NA,30.010448363000023,False,sat,elementary,2,False,25,44,0,15,WALL_TIMEOUT,True
ER_40_p0.15_seed0__h3_k2__r1__cadical,ER_40_p0.15_seed0,ER,3,2,cadical,1,40,128,FEASIBLE,25,29,29,25,25,117,,degree / distinct spaced labels,4,False,NA,30.010476428999937,False,sat,elementary,2,False,25,44,0,15,WALL_TIMEOUT,True
ER_40_p0.15_seed0__h3_k2__r1__gurobi,ER_40_p0.15_seed0,ER,3,2,gurobi,1,40,128,FEASIBLE,25,34,34,25,25,117,,degree / distinct spaced labels,9,False,NA,30.012824302000126,False,gurobi_incumbent,elementary,9,False,25,44,0,10,WALL_TIMEOUT,True
ER_40_p0.15_seed0__h3_k2__r2__gurobi,ER_40_p0.15_seed0,ER,3,2,gurobi,2,40,128,FEASIBLE,25,34,34,25,25,117,,degree / distinct spaced labels,9,False,NA,30.014843972000108,False,gurobi_incumbent,elementary,9,False,25,44,0,10,WALL_TIMEOUT,True
ER_40_p0.15_seed0__h3_k2__r2__cadical,ER_40_p0.15_seed0,ER,3,2,cadical,2,40,128,FEASIBLE,25,29,29,25,25,117,,degree / distinct spaced labels,4,False,NA,30.0120725390002,False,sat,elementary,2,False,25,44,0,15,WALL_TIMEOUT,True
ER_40_p0.15_seed1__h1_k1__r0__cadical,ER_40_p0.15_seed1,ER,1,1,cadical,0,40,115,FEASIBLE,12,13,13,10,10,39,,degree / distinct spaced labels,3,False,NA,30.006559798000126,False,sat,sat_unsat,2,False,10,17,2,4,WALL_TIMEOUT,False
ER_40_p0.15_seed1__h1_k1__r0__gurobi,ER_40_p0.15_seed1,ER,1,1,gurobi,0,40,115,OPT,13,13,13,10,10,39,,degree / distinct spaced labels,3,False,NA,27.67909755699975,True,gurobi_incumbent,gurobi_optimal,6,False,10,17,3,4,RETURNED,False
ER_40_p0.15_seed1__h1_k1__r1__gurobi,ER_40_p0.15_seed1,ER,1,1,gurobi,1,40,115,OPT,13,13,13,10,10,39,,degree / distinct spaced labels,3,False,NA,28.127886740000122,True,gurobi_incumbent,gurobi_optimal,6,False,10,17,3,4,RETURNED,False
ER_40_p0.15_seed1__h1_k1__r1__cadical,ER_40_p0.15_seed1,ER,1,1,cadical,1,40,115,FEASIBLE,12,13,13,10,10,39,,degree / distinct spaced labels,3,False,NA,30.007903905999683,False,sat,sat_unsat,2,False,10,17,2,4,WALL_TIMEOUT,False
ER_40_p0.15_seed1__h1_k1__r2__cadical,ER_40_p0.15_seed1,ER,1,1,cadical,2,40,115,FEASIBLE,12,13,13,10,10,39,,degree / distinct spaced labels,3,False,NA,30.007966983000188,False,sat,sat_unsat,2,False,10,17,2,4,WALL_TIMEOUT,False
ER_40_p0.15_seed1__h1_k1__r2__gurobi,ER_40_p0.15_seed1,ER,1,1,gurobi,2,40,115,FEASIBLE,12,13,13,10,10,39,,degree / distinct spaced labels,3,False,NA,30.008673833000103,False,gurobi_incumbent,gurobi_dual,5,False,10,17,2,4,WALL_TIMEOUT,False
ER_40_p0.15_seed1__h2_k1__r0__cadical,ER_40_p0.15_seed1,ER,2,1,cadical,0,40,115,FEASIBLE,11,13,13,11,11,78,,degree / distinct spaced labels,2,False,NA,30.006440609000038,False,sat,elementary,2,False,11,20,0,7,WALL_TIMEOUT,True
ER_40_p0.15_seed1__h2_k1__r0__gurobi,ER_40_p0.15_seed1,ER,2,1,gurobi,0,40,115,FEASIBLE,11,14,14,11,11,78,,degree / distinct spaced labels,3,False,NA,30.014510277000227,False,gurobi_incumbent,elementary,6,False,11,20,0,6,WALL_TIMEOUT,True
ER_40_p0.15_seed1__h2_k1__r1__gurobi,ER_40_p0.15_seed1,ER,2,1,gurobi,1,40,115,FEASIBLE,12,14,14,11,11,78,,degree / distinct spaced labels,3,False,NA,30.008962282000084,False,gurobi_incumbent,gurobi_dual,7,False,11,20,1,6,WALL_TIMEOUT,True
ER_40_p0.15_seed1__h2_k1__r1__cadical,ER_40_p0.15_seed1,ER,2,1,cadical,1,40,115,FEASIBLE,11,13,13,11,11,78,,degree / distinct spaced labels,2,False,NA,30.00794205000011,False,sat,elementary,2,False,11,20,0,7,WALL_TIMEOUT,True
ER_40_p0.15_seed1__h2_k1__r2__cadical,ER_40_p0.15_seed1,ER,2,1,cadical,2,40,115,FEASIBLE,11,13,13,11,11,78,,degree / distinct spaced labels,2,False,NA,30.010052060999897,False,sat,elementary,2,False,11,20,0,7,WALL_TIMEOUT,True
ER_40_p0.15_seed1__h2_k1__r2__gurobi,ER_40_p0.15_seed1,ER,2,1,gurobi,2,40,115,FEASIBLE,11,14,14,11,11,78,,degree / distinct spaced labels,3,False,NA,30.010482088000117,False,gurobi_incumbent,elementary,6,False,11,20,0,6,WALL_TIMEOUT,True
ER_40_p0.15_seed1__h3_k2__r0__cadical,ER_40_p0.15_seed1,ER,3,2,cadical,0,40,115,FEASIBLE,21,32,32,21,21,117,,degree / distinct spaced labels,11,False,NA,30.008380149000004,False,sat,elementary,1,False,21,43,0,11,WALL_TIMEOUT,True
ER_40_p0.15_seed1__h3_k2__r0__gurobi,ER_40_p0.15_seed1,ER,3,2,gurobi,0,40,115,FEASIBLE,21,35,35,21,21,117,,degree / distinct spaced labels,14,False,NA,30.012371636000353,False,gurobi_incumbent,elementary,3,False,21,43,0,8,WALL_TIMEOUT,True
ER_40_p0.15_seed1__h3_k2__r1__gurobi,ER_40_p0.15_seed1,ER,3,2,gurobi,1,40,115,FEASIBLE,21,34,34,21,21,117,,degree / distinct spaced labels,13,False,NA,30.01282600200011,False,gurobi_incumbent,elementary,4,False,21,43,0,9,WALL_TIMEOUT,True
ER_40_p0.15_seed1__h3_k2__r1__cadical,ER_40_p0.15_seed1,ER,3,2,cadical,1,40,115,FEASIBLE,21,32,32,21,21,117,,degree / distinct spaced labels,11,False,NA,30.008593263999956,False,sat,elementary,1,False,21,43,0,11,WALL_TIMEOUT,True
ER_40_p0.15_seed1__h3_k2__r2__cadical,ER_40_p0.15_seed1,ER,3,2,cadical,2,40,115,FEASIBLE,21,32,32,21,21,117,,degree / distinct spaced labels,11,False,NA,30.01101193600016,False,sat,elementary,1,False,21,43,0,11,WALL_TIMEOUT,True
ER_40_p0.15_seed1__h3_k2__r2__gurobi,ER_40_p0.15_seed1,ER,3,2,gurobi,2,40,115,FEASIBLE,21,35,35,21,21,117,,degree / distinct spaced labels,14,False,NA,30.03297651899993,False,gurobi_incumbent,elementary,3,False,21,43,0,8,WALL_TIMEOUT,True
ER_40_p0.15_seed2__h1_k1__r0__gurobi,ER_40_p0.15_seed2,ER,1,1,gurobi,0,40,114,FEASIBLE,12,13,13,12,12,39,,degree / distinct spaced labels,1,False,NA,30.013415456000075,False,gurobi_incumbent,elementary,3,False,12,16,0,3,WALL_TIMEOUT,True
ER_40_p0.15_seed2__h1_k1__r0__cadical,ER_40_p0.15_seed2,ER,1,1,cadical,0,40,114,FEASIBLE,12,13,13,12,12,39,,degree / distinct spaced labels,1,False,NA,30.01033031599991,False,sat,elementary,2,False,12,16,0,3,WALL_TIMEOUT,True
ER_40_p0.15_seed2__h1_k1__r1__cadical,ER_40_p0.15_seed2,ER,1,1,cadical,1,40,114,FEASIBLE,12,13,13,12,12,39,,degree / distinct spaced labels,1,False,NA,30.02611740800012,False,sat,elementary,2,False,12,16,0,3,WALL_TIMEOUT,True
ER_40_p0.15_seed2__h1_k1__r1__gurobi,ER_40_p0.15_seed2,ER,1,1,gurobi,1,40,114,FEASIBLE,12,13,13,12,12,39,,degree / distinct spaced labels,1,False,NA,30.020492724999713,False,gurobi_incumbent,elementary,3,False,12,16,0,3,WALL_TIMEOUT,True
ER_40_p0.15_seed2__h1_k1__r2__gurobi,ER_40_p0.15_seed2,ER,1,1,gurobi,2,40,114,FEASIBLE,12,13,13,12,12,39,,degree / distinct spaced labels,1,False,NA,30.00730491000013,False,gurobi_incumbent,elementary,3,False,12,16,0,3,WALL_TIMEOUT,True
ER_40_p0.15_seed2__h1_k1__r2__cadical,ER_40_p0.15_seed2,ER,1,1,cadical,2,40,114,FEASIBLE,12,13,13,12,12,39,,degree / distinct spaced labels,1,False,NA,30.034641401000044,False,sat,elementary,2,False,12,16,0,3,WALL_TIMEOUT,True
ER_40_p0.15_seed2__h2_k1__r0__gurobi,ER_40_p0.15_seed2,ER,2,1,gurobi,0,40,114,FEASIBLE,13,15,15,13,13,78,,degree / distinct spaced labels,2,False,NA,30.0082081380001,False,gurobi_incumbent,elementary,5,False,13,20,0,5,WALL_TIMEOUT,True
ER_40_p0.15_seed2__h2_k1__r0__cadical,ER_40_p0.15_seed2,ER,2,1,cadical,0,40,114,FEASIBLE,13,14,14,13,13,78,,degree / distinct spaced labels,1,False,NA,30.005647414999657,False,sat,elementary,2,False,13,20,0,6,WALL_TIMEOUT,True
ER_40_p0.15_seed2__h2_k1__r1__cadical,ER_40_p0.15_seed2,ER,2,1,cadical,1,40,114,FEASIBLE,13,14,14,13,13,78,,degree / distinct spaced labels,1,False,NA,30.008239417999903,False,sat,elementary,2,False,13,20,0,6,WALL_TIMEOUT,True
ER_40_p0.15_seed2__h2_k1__r1__gurobi,ER_40_p0.15_seed2,ER,2,1,gurobi,1,40,114,FEASIBLE,13,15,15,13,13,78,,degree / distinct spaced labels,2,False,NA,30.00663445200007,False,gurobi_incumbent,elementary,5,False,13,20,0,5,WALL_TIMEOUT,True
ER_40_p0.15_seed2__h2_k1__r2__gurobi,ER_40_p0.15_seed2,ER,2,1,gurobi,2,40,114,FEASIBLE,13,15,15,13,13,78,,degree / distinct spaced labels,2,False,NA,30.006040891999874,False,gurobi_incumbent,elementary,5,False,13,20,0,5,WALL_TIMEOUT,True
ER_40_p0.15_seed2__h2_k1__r2__cadical,ER_40_p0.15_seed2,ER,2,1,cadical,2,40,114,FEASIBLE,13,14,14,13,13,78,,degree / distinct spaced labels,1,False,NA,30.006205873,False,sat,elementary,2,False,13,20,0,6,WALL_TIMEOUT,True
ER_40_p0.15_seed2__h3_k2__r0__gurobi,ER_40_p0.15_seed2,ER,3,2,gurobi,0,40,114,FEASIBLE,25,32,32,25,25,117,,degree / distinct spaced labels,7,False,NA,30.00891174599974,False,gurobi_incumbent,elementary,4,False,25,39,0,7,WALL_TIMEOUT,True
ER_40_p0.15_seed2__h3_k2__r0__cadical,ER_40_p0.15_seed2,ER,3,2,cadical,0,40,114,FEASIBLE,25,28,28,25,25,117,,degree / distinct spaced labels,3,False,NA,30.009400194000136,False,sat,elementary,2,False,25,39,0,11,WALL_TIMEOUT,True
ER_40_p0.15_seed2__h3_k2__r1__cadical,ER_40_p0.15_seed2,ER,3,2,cadical,1,40,114,FEASIBLE,25,28,28,25,25,117,,degree / distinct spaced labels,3,False,NA,30.00876151400007,False,sat,elementary,2,False,25,39,0,11,WALL_TIMEOUT,True
ER_40_p0.15_seed2__h3_k2__r1__gurobi,ER_40_p0.15_seed2,ER,3,2,gurobi,1,40,114,FEASIBLE,25,32,32,25,25,117,,degree / distinct spaced labels,7,False,NA,30.009190621000016,False,gurobi_incumbent,elementary,4,False,25,39,0,7,WALL_TIMEOUT,True
ER_40_p0.15_seed2__h3_k2__r2__gurobi,ER_40_p0.15_seed2,ER,3,2,gurobi,2,40,114,FEASIBLE,25,32,32,25,25,117,,degree / distinct spaced labels,7,False,NA,30.009240729999874,False,gurobi_incumbent,elementary,4,False,25,39,0,7,WALL_TIMEOUT,True
ER_40_p0.15_seed2__h3_k2__r2__cadical,ER_40_p0.15_seed2,ER,3,2,cadical,2,40,114,FEASIBLE,25,28,28,25,25,117,,degree / distinct spaced labels,3,False,NA,30.010300575999736,False,sat,elementary,2,False,25,39,0,11,WALL_TIMEOUT,True
ER_40_p0.30_seed0__h1_k1__r0__cadical,ER_40_p0.30_seed0,ER,1,1,cadical,0,40,230,FEASIBLE,17,35,35,17,17,39,,degree / distinct spaced labels,18,False,NA,30.008454033000362,False,greedy,elementary,0,True,17,35,0,0,WALL_TIMEOUT,False
ER_40_p0.30_seed0__h1_k1__r0__gurobi,ER_40_p0.30_seed0,ER,1,1,gurobi,0,40,230,OPT,32,32,32,17,17,39,,degree / distinct spaced labels,15,False,NA,1.6866096030003064,True,gurobi_incumbent,gurobi_optimal,4,False,17,35,15,3,RETURNED,False
ER_40_p0.30_seed0__h1_k1__r1__gurobi,ER_40_p0.30_seed0,ER,1,1,gurobi,1,40,230,OPT,32,32,32,17,17,39,,degree / distinct spaced labels,15,False,NA,1.2537099260002833,True,gurobi_incumbent,gurobi_optimal,4,False,17,35,15,3,RETURNED,False
ER_40_p0.30_seed0__h1_k1__r1__cadical,ER_40_p0.30_seed0,ER,1,1,cadical,1,40,230,FEASIBLE,17,35,35,17,17,39,,degree / distinct spaced labels,18,False,NA,30.010743295999873,False,greedy,elementary,0,True,17,35,0,0,WALL_TIMEOUT,False
ER_40_p0.30_seed0__h1_k1__r2__cadical,ER_40_p0.30_seed0,ER,1,1,cadical,2,40,230,FEASIBLE,17,35,35,17,17,39,,degree / distinct spaced labels,18,False,NA,30.0113014210001,False,greedy,elementary,0,True,17,35,0,0,WALL_TIMEOUT,False
ER_40_p0.30_seed0__h1_k1__r2__gurobi,ER_40_p0.30_seed0,ER,1,1,gurobi,2,40,230,OPT,32,32,32,17,17,39,,degree / distinct spaced labels,15,False,NA,1.2939747030000035,True,gurobi_incumbent,gurobi_optimal,4,False,17,35,15,3,RETURNED,False
ER_40_p0.30_seed0__h2_k1__r0__cadical,ER_40_p0.30_seed0,ER,2,1,cadical,0,40,230,FEASIBLE,18,36,36,18,18,78,,degree / distinct spaced labels,18,False,NA,30.009277408000344,False,greedy,elementary,0,True,18,36,0,0,WALL_TIMEOUT,False
ER_40_p0.30_seed0__h2_k1__r0__gurobi,ER_40_p0.30_seed0,ER,2,1,gurobi,0,40,230,OPT,32,32,32,18,18,78,,degree / distinct spaced labels,14,False,NA,3.6375323679999383,True,gurobi_incumbent,gurobi_optimal,6,False,18,36,14,4,RETURNED,False
ER_40_p0.30_seed0__h2_k1__r1__gurobi,ER_40_p0.30_seed0,ER,2,1,gurobi,1,40,230,OPT,32,32,32,18,18,78,,degree / distinct spaced labels,14,False,NA,3.7457457319997047,True,gurobi_incumbent,gurobi_optimal,6,False,18,36,14,4,RETURNED,False
ER_40_p0.30_seed0__h2_k1__r1__cadical,ER_40_p0.30_seed0,ER,2,1,cadical,1,40,230,FEASIBLE,18,36,36,18,18,78,,degree / distinct spaced labels,18,False,NA,30.01071366799988,False,greedy,elementary,0,True,18,36,0,0,WALL_TIMEOUT,False
ER_40_p0.30_seed0__h2_k1__r2__cadical,ER_40_p0.30_seed0,ER,2,1,cadical,2,40,230,FEASIBLE,18,36,36,18,18,78,,degree / distinct spaced labels,18,False,NA,30.007222552999792,False,greedy,elementary,0,True,18,36,0,0,WALL_TIMEOUT,False
ER_40_p0.30_seed0__h2_k1__r2__gurobi,ER_40_p0.30_seed0,ER,2,1,gurobi,2,40,230,OPT,32,32,32,18,18,78,,degree / distinct spaced labels,14,False,NA,3.637286461000258,True,gurobi_incumbent,gurobi_optimal,6,False,18,36,14,4,RETURNED,False
ER_40_p0.30_seed0__h3_k2__r0__cadical,ER_40_p0.30_seed0,ER,3,2,cadical,0,40,230,FEASIBLE,35,77,77,35,35,117,,degree / distinct spaced labels,42,False,NA,30.01317567299975,False,greedy,elementary,0,True,35,77,0,0,WALL_TIMEOUT,True
ER_40_p0.30_seed0__h3_k2__r0__gurobi,ER_40_p0.30_seed0,ER,3,2,gurobi,0,40,230,FEASIBLE,59,66,66,35,35,117,,degree / distinct spaced labels,31,False,NA,30.016019901999698,False,gurobi_incumbent,gurobi_dual,19,False,35,77,24,11,WALL_TIMEOUT,True
ER_40_p0.30_seed0__h3_k2__r1__gurobi,ER_40_p0.30_seed0,ER,3,2,gurobi,1,40,230,FEASIBLE,59,66,66,35,35,117,,degree / distinct spaced labels,31,False,NA,30.015756265000164,False,gurobi_incumbent,gurobi_dual,19,False,35,77,24,11,WALL_TIMEOUT,True
ER_40_p0.30_seed0__h3_k2__r1__cadical,ER_40_p0.30_seed0,ER,3,2,cadical,1,40,230,FEASIBLE,35,77,77,35,35,117,,degree / distinct spaced labels,42,False,NA,30.012484508999933,False,greedy,elementary,0,True,35,77,0,0,WALL_TIMEOUT,True
ER_40_p0.30_seed0__h3_k2__r2__cadical,ER_40_p0.30_seed0,ER,3,2,cadical,2,40,230,FEASIBLE,35,77,77,35,35,117,,degree / distinct spaced labels,42,False,NA,30.01308711699994,False,greedy,elementary,0,True,35,77,0,0,WALL_TIMEOUT,True
ER_40_p0.30_seed0__h3_k2__r2__gurobi,ER_40_p0.30_seed0,ER,3,2,gurobi,2,40,230,FEASIBLE,59,66,66,35,35,117,,degree / distinct spaced labels,31,False,NA,30.01346527800024,False,gurobi_incumbent,gurobi_dual,19,False,35,77,24,11,WALL_TIMEOUT,True
ER_40_p0.30_seed1__h1_k1__r0__gurobi,ER_40_p0.30_seed1,ER,1,1,gurobi,0,40,228,OPT,32,32,32,17,17,39,,degree / distinct spaced labels,15,False,NA,1.0621771030000673,True,greedy,gurobi_optimal,2,False,17,32,15,0,RETURNED,False
ER_40_p0.30_seed1__h1_k1__r0__cadical,ER_40_p0.30_seed1,ER,1,1,cadical,0,40,228,FEASIBLE,17,32,32,17,17,39,,degree / distinct spaced labels,15,False,NA,30.008082909999757,False,greedy,elementary,0,True,17,32,0,0,WALL_TIMEOUT,False
ER_40_p0.30_seed1__h1_k1__r1__cadical,ER_40_p0.30_seed1,ER,1,1,cadical,1,40,228,FEASIBLE,17,32,32,17,17,39,,degree / distinct spaced labels,15,False,NA,30.00799594399996,False,greedy,elementary,0,True,17,32,0,0,WALL_TIMEOUT,False
ER_40_p0.30_seed1__h1_k1__r1__gurobi,ER_40_p0.30_seed1,ER,1,1,gurobi,1,40,228,OPT,32,32,32,17,17,39,,degree / distinct spaced labels,15,False,NA,1.203525122999963,True,greedy,gurobi_optimal,2,False,17,32,15,0,RETURNED,False
ER_40_p0.30_seed1__h1_k1__r2__gurobi,ER_40_p0.30_seed1,ER,1,1,gurobi,2,40,228,OPT,32,32,32,17,17,39,,degree / distinct spaced labels,15,False,NA,1.1210523029999422,True,greedy,gurobi_optimal,2,False,17,32,15,0,RETURNED,False
ER_40_p0.30_seed1__h1_k1__r2__cadical,ER_40_p0.30_seed1,ER,1,1,cadical,2,40,228,FEASIBLE,17,32,32,17,17,39,,degree / distinct spaced labels,15,False,NA,30.008068844999798,False,greedy,elementary,0,True,17,32,0,0,WALL_TIMEOUT,False
ER_40_p0.30_seed1__h2_k1__r0__gurobi,ER_40_p0.30_seed1,ER,2,1,gurobi,0,40,228,OPT,32,32,32,18,18,78,,degree / distinct spaced labels,14,False,NA,5.771140658000149,True,gurobi_incumbent,gurobi_optimal,4,False,18,36,14,4,RETURNED,False
ER_40_p0.30_seed1__h2_k1__r0__cadical,ER_40_p0.30_seed1,ER,2,1,cadical,0,40,228,FEASIBLE,18,36,36,18,18,78,,degree / distinct spaced labels,18,False,NA,30.00878304700018,False,greedy,elementary,0,True,18,36,0,0,WALL_TIMEOUT,False
ER_40_p0.30_seed1__h2_k1__r1__cadical,ER_40_p0.30_seed1,ER,2,1,cadical,1,40,228,FEASIBLE,18,36,36,18,18,78,,degree / distinct spaced labels,18,False,NA,30.007742981999854,False,greedy,elementary,0,True,18,36,0,0,WALL_TIMEOUT,False
ER_40_p0.30_seed1__h2_k1__r1__gurobi,ER_40_p0.30_seed1,ER,2,1,gurobi,1,40,228,OPT,32,32,32,18,18,78,,degree / distinct spaced labels,14,False,NA,5.284753970000111,True,gurobi_incumbent,gurobi_optimal,4,False,18,36,14,4,RETURNED,False
ER_40_p0.30_seed1__h2_k1__r2__gurobi,ER_40_p0.30_seed1,ER,2,1,gurobi,2,40,228,OPT,32,32,32,18,18,78,,degree / distinct spaced labels,14,False,NA,5.572087348999958,True,gurobi_incumbent,gurobi_optimal,4,False,18,36,14,4,RETURNED,False
ER_40_p0.30_seed1__h2_k1__r2__cadical,ER_40_p0.30_seed1,ER,2,1,cadical,2,40,228,FEASIBLE,18,36,36,18,18,78,,degree / distinct spaced labels,18,False,NA,30.00847680600009,False,greedy,elementary,0,True,18,36,0,0,WALL_TIMEOUT,False
ER_40_p0.30_seed1__h3_k2__r0__gurobi,ER_40_p0.30_seed1,ER,3,2,gurobi,0,40,228,FEASIBLE,53,64,64,35,35,117,,degree / distinct spaced labels,29,False,NA,30.014366283000072,False,gurobi_incumbent,gurobi_dual,11,False,35,78,18,14,WALL_TIMEOUT,True
ER_40_p0.30_seed1__h3_k2__r0__cadical,ER_40_p0.30_seed1,ER,3,2,cadical,0,40,228,FEASIBLE,35,78,78,35,35,117,,degree / distinct spaced labels,43,False,NA,30.012818893000258,False,greedy,elementary,0,True,35,78,0,0,WALL_TIMEOUT,True
ER_40_p0.30_seed1__h3_k2__r1__cadical,ER_40_p0.30_seed1,ER,3,2,cadical,1,40,228,FEASIBLE,35,78,78,35,35,117,,degree / distinct spaced labels,43,False,NA,30.014448094000272,False,greedy,elementary,0,True,35,78,0,0,WALL_TIMEOUT,True
ER_40_p0.30_seed1__h3_k2__r1__gurobi,ER_40_p0.30_seed1,ER,3,2,gurobi,1,40,228,FEASIBLE,53,64,64,35,35,117,,degree / distinct spaced labels,29,False,NA,30.01454010400039,False,gurobi_incumbent,gurobi_dual,11,False,35,78,18,14,WALL_TIMEOUT,True
ER_40_p0.30_seed1__h3_k2__r2__gurobi,ER_40_p0.30_seed1,ER,3,2,gurobi,2,40,228,FEASIBLE,53,64,64,35,35,117,,degree / distinct spaced labels,29,False,NA,30.095079074000296,False,gurobi_incumbent,gurobi_dual,11,False,35,78,18,14,WALL_TIMEOUT,True
ER_40_p0.30_seed1__h3_k2__r2__cadical,ER_40_p0.30_seed1,ER,3,2,cadical,2,40,228,FEASIBLE,35,78,78,35,35,117,,degree / distinct spaced labels,43,False,NA,30.01436731800004,False,greedy,elementary,0,True,35,78,0,0,WALL_TIMEOUT,True
ER_40_p0.30_seed2__h1_k1__r0__cadical,ER_40_p0.30_seed2,ER,1,1,cadical,0,40,226,FEASIBLE,18,32,32,18,18,39,,degree / distinct spaced labels,14,False,NA,30.008312556999954,False,greedy,elementary,0,True,18,32,0,0,WALL_TIMEOUT,False
ER_40_p0.30_seed2__h1_k1__r0__gurobi,ER_40_p0.30_seed2,ER,1,1,gurobi,0,40,226,OPT,32,32,32,18,18,39,,degree / distinct spaced labels,14,False,NA,0.9864254000003712,True,greedy,gurobi_optimal,2,False,18,32,14,0,RETURNED,False
ER_40_p0.30_seed2__h1_k1__r1__gurobi,ER_40_p0.30_seed2,ER,1,1,gurobi,1,40,226,OPT,32,32,32,18,18,39,,degree / distinct spaced labels,14,False,NA,0.9880334170002243,True,greedy,gurobi_optimal,2,False,18,32,14,0,RETURNED,False
ER_40_p0.30_seed2__h1_k1__r1__cadical,ER_40_p0.30_seed2,ER,1,1,cadical,1,40,226,FEASIBLE,18,32,32,18,18,39,,degree / distinct spaced labels,14,False,NA,30.007713206000062,False,greedy,elementary,0,True,18,32,0,0,WALL_TIMEOUT,False
ER_40_p0.30_seed2__h1_k1__r2__cadical,ER_40_p0.30_seed2,ER,1,1,cadical,2,40,226,FEASIBLE,18,32,32,18,18,39,,degree / distinct spaced labels,14,False,NA,30.009358282999983,False,greedy,elementary,0,True,18,32,0,0,WALL_TIMEOUT,False
ER_40_p0.30_seed2__h1_k1__r2__gurobi,ER_40_p0.30_seed2,ER,1,1,gurobi,2,40,226,OPT,32,32,32,18,18,39,,degree / distinct spaced labels,14,False,NA,0.9836837600000763,True,greedy,gurobi_optimal,2,False,18,32,14,0,RETURNED,False
ER_40_p0.30_seed2__h2_k1__r0__cadical,ER_40_p0.30_seed2,ER,2,1,cadical,0,40,226,FEASIBLE,19,36,36,19,19,78,,degree / distinct spaced labels,17,False,NA,30.009253163000267,False,greedy,elementary,0,True,19,36,0,0,WALL_TIMEOUT,False
ER_40_p0.30_seed2__h2_k1__r0__gurobi,ER_40_p0.30_seed2,ER,2,1,gurobi,0,40,226,OPT,32,32,32,19,19,78,,degree / distinct spaced labels,13,False,NA,4.346474514999954,True,gurobi_incumbent,gurobi_optimal,6,False,19,36,13,4,RETURNED,False
ER_40_p0.30_seed2__h2_k1__r1__gurobi,ER_40_p0.30_seed2,ER,2,1,gurobi,1,40,226,OPT,32,32,32,19,19,78,,degree / distinct spaced labels,13,False,NA,4.518113678999725,True,gurobi_incumbent,gurobi_optimal,6,False,19,36,13,4,RETURNED,False
ER_40_p0.30_seed2__h2_k1__r1__cadical,ER_40_p0.30_seed2,ER,2,1,cadical,1,40,226,FEASIBLE,19,36,36,19,19,78,,degree / distinct spaced labels,17,False,NA,30.00972418099991,False,greedy,elementary,0,True,19,36,0,0,WALL_TIMEOUT,False
ER_40_p0.30_seed2__h2_k1__r2__cadical,ER_40_p0.30_seed2,ER,2,1,cadical,2,40,226,FEASIBLE,19,36,36,19,19,78,,degree / distinct spaced labels,17,False,NA,30.00964949899935,False,greedy,elementary,0,True,19,36,0,0,WALL_TIMEOUT,False
ER_40_p0.30_seed2__h2_k1__r2__gurobi,ER_40_p0.30_seed2,ER,2,1,gurobi,2,40,226,OPT,32,32,32,19,19,78,,degree / distinct spaced labels,13,False,NA,17.417957169000147,True,gurobi_incumbent,gurobi_optimal,6,False,19,36,13,4,RETURNED,False
ER_40_p0.30_seed2__h3_k2__r0__cadical,ER_40_p0.30_seed2,ER,3,2,cadical,0,40,226,FEASIBLE,37,74,74,37,37,117,,degree / distinct spaced labels,37,False,NA,30.129256833,False,greedy,elementary,0,True,37,74,0,0,WALL_TIMEOUT,False
ER_40_p0.30_seed2__h3_k2__r0__gurobi,ER_40_p0.30_seed2,ER,3,2,gurobi,0,40,226,OPT,64,64,64,37,37,117,,degree / distinct spaced labels,27,False,NA,28.126599975000317,True,gurobi_incumbent,gurobi_optimal,18,False,37,74,27,10,RETURNED,False
ER_40_p0.30_seed2__h3_k2__r1__gurobi,ER_40_p0.30_seed2,ER,3,2,gurobi,1,40,226,OPT,64,64,64,37,37,117,,degree / distinct spaced labels,27,False,NA,24.934151838000616,True,gurobi_incumbent,gurobi_optimal,18,False,37,74,27,10,RETURNED,False
ER_40_p0.30_seed2__h3_k2__r1__cadical,ER_40_p0.30_seed2,ER,3,2,cadical,1,40,226,FEASIBLE,37,74,74,37,37,117,,degree / distinct spaced labels,37,False,NA,30.013411173999884,False,greedy,elementary,0,True,37,74,0,0,WALL_TIMEOUT,False
ER_40_p0.30_seed2__h3_k2__r2__cadical,ER_40_p0.30_seed2,ER,3,2,cadical,2,40,226,FEASIBLE,37,74,74,37,37,117,,degree / distinct spaced labels,37,False,NA,30.012796592000086,False,greedy,elementary,0,True,37,74,0,0,WALL_TIMEOUT,False
ER_40_p0.30_seed2__h3_k2__r2__gurobi,ER_40_p0.30_seed2,ER,3,2,gurobi,2,40,226,OPT,64,64,64,37,37,117,,degree / distinct spaced labels,27,False,NA,25.29222408700025,True,gurobi_incumbent,gurobi_optimal,18,False,37,74,27,10,RETURNED,False
BA_40_m2_seed0__h1_k1__r0__gurobi,BA_40_m2_seed0,BA,1,1,gurobi,0,40,76,OPT,15,15,15,15,15,39,,degree / distinct spaced labels,0,True,NA,0.5395202169993354,True,greedy,gurobi_optimal,2,False,15,15,0,0,RETURNED,False
BA_40_m2_seed0__h1_k1__r0__cadical,BA_40_m2_seed0,BA,1,1,cadical,0,40,76,OPT,15,15,15,15,15,39,,degree / distinct spaced labels,0,True,NA,0.3397583420000956,True,greedy,elementary,0,False,15,15,0,0,RETURNED,False
BA_40_m2_seed0__h1_k1__r1__cadical,BA_40_m2_seed0,BA,1,1,cadical,1,40,76,OPT,15,15,15,15,15,39,,degree / distinct spaced labels,0,True,NA,0.36305903200081957,True,greedy,elementary,0,False,15,15,0,0,RETURNED,False
BA_40_m2_seed0__h1_k1__r1__gurobi,BA_40_m2_seed0,BA,1,1,gurobi,1,40,76,OPT,15,15,15,15,15,39,,degree / distinct spaced labels,0,True,NA,0.5618425680004293,True,greedy,gurobi_optimal,2,False,15,15,0,0,RETURNED,False
BA_40_m2_seed0__h1_k1__r2__gurobi,BA_40_m2_seed0,BA,1,1,gurobi,2,40,76,OPT,15,15,15,15,15,39,,degree / distinct spaced labels,0,True,NA,0.537004366000474,True,greedy,gurobi_optimal,2,False,15,15,0,0,RETURNED,False
BA_40_m2_seed0__h1_k1__r2__cadical,BA_40_m2_seed0,BA,1,1,cadical,2,40,76,OPT,15,15,15,15,15,39,,degree / distinct spaced labels,0,True,NA,0.35033839200059447,True,greedy,elementary,0,False,15,15,0,0,RETURNED,False
BA_40_m2_seed0__h2_k1__r0__gurobi,BA_40_m2_seed0,BA,2,1,gurobi,0,40,76,OPT,16,16,16,16,16,78,,degree / distinct spaced labels,0,True,NA,0.7532128789998751,True,gurobi_incumbent,gurobi_optimal,2,False,16,17,0,1,RETURNED,False
BA_40_m2_seed0__h2_k1__r0__cadical,BA_40_m2_seed0,BA,2,1,cadical,0,40,76,OPT,16,16,16,16,16,78,,degree / distinct spaced labels,0,True,NA,0.4280148759999065,True,sat,elementary,1,False,16,17,0,1,RETURNED,False
BA_40_m2_seed0__h2_k1__r1__cadical,BA_40_m2_seed0,BA,2,1,cadical,1,40,76,OPT,16,16,16,16,16,78,,degree / distinct spaced labels,0,True,NA,0.42281899099998554,True,sat,elementary,1,False,16,17,0,1,RETURNED,False
BA_40_m2_seed0__h2_k1__r1__gurobi,BA_40_m2_seed0,BA,2,1,gurobi,1,40,76,OPT,16,16,16,16,16,78,,degree / distinct spaced labels,0,True,NA,0.9393507520007915,True,gurobi_incumbent,gurobi_optimal,2,False,16,17,0,1,RETURNED,False
BA_40_m2_seed0__h2_k1__r2__gurobi,BA_40_m2_seed0,BA,2,1,gurobi,2,40,76,OPT,16,16,16,16,16,78,,degree / distinct spaced labels,0,True,NA,0.7537426730004881,True,gurobi_incumbent,gurobi_optimal,2,False,16,17,0,1,RETURNED,False
BA_40_m2_seed0__h2_k1__r2__cadical,BA_40_m2_seed0,BA,2,1,cadical,2,40,76,OPT,16,16,16,16,16,78,,degree / distinct spaced labels,0,True,NA,0.4407663420006429,True,sat,elementary,1,False,16,17,0,1,RETURNED,False
BA_40_m2_seed0__h3_k2__r0__gurobi,BA_40_m2_seed0,BA,3,2,gurobi,0,40,76,OPT,31,31,31,31,31,117,,degree / distinct spaced labels,0,True,NA,3.677389485999811,True,gurobi_incumbent,gurobi_optimal,4,False,31,34,0,3,RETURNED,False
BA_40_m2_seed0__h3_k2__r0__cadical,BA_40_m2_seed0,BA,3,2,cadical,0,40,76,OPT,31,31,31,31,31,117,,degree / distinct spaced labels,0,True,NA,1.562896808000005,True,sat,elementary,2,False,31,34,0,3,RETURNED,False
BA_40_m2_seed0__h3_k2__r1__cadical,BA_40_m2_seed0,BA,3,2,cadical,1,40,76,OPT,31,31,31,31,31,117,,degree / distinct spaced labels,0,True,NA,1.5458252750004249,True,sat,elementary,2,False,31,34,0,3,RETURNED,False
BA_40_m2_seed0__h3_k2__r1__gurobi,BA_40_m2_seed0,BA,3,2,gurobi,1,40,76,OPT,31,31,31,31,31,117,,degree / distinct spaced labels,0,True,NA,3.660483841000314,True,gurobi_incumbent,gurobi_optimal,4,False,31,34,0,3,RETURNED,False
BA_40_m2_seed0__h3_k2__r2__gurobi,BA_40_m2_seed0,BA,3,2,gurobi,2,40,76,OPT,31,31,31,31,31,117,,degree / distinct spaced labels,0,True,NA,3.6559906950005825,True,gurobi_incumbent,gurobi_optimal,4,False,31,34,0,3,RETURNED,False
BA_40_m2_seed0__h3_k2__r2__cadical,BA_40_m2_seed0,BA,3,2,cadical,2,40,76,OPT,31,31,31,31,31,117,,degree / distinct spaced labels,0,True,NA,1.7033270029996856,True,sat,elementary,2,False,31,34,0,3,RETURNED,False
BA_40_m2_seed1__h1_k1__r0__cadical,BA_40_m2_seed1,BA,1,1,cadical,0,40,76,OPT,16,16,16,16,16,39,,degree / distinct spaced labels,0,True,NA,0.349922083999445,True,greedy,elementary,0,False,16,16,0,0,RETURNED,False
BA_40_m2_seed1__h1_k1__r0__gurobi,BA_40_m2_seed1,BA,1,1,gurobi,0,40,76,OPT,16,16,16,16,16,39,,degree / distinct spaced labels,0,True,NA,0.5347670230003132,True,greedy,gurobi_optimal,2,False,16,16,0,0,RETURNED,False
BA_40_m2_seed1__h1_k1__r1__gurobi,BA_40_m2_seed1,BA,1,1,gurobi,1,40,76,OPT,16,16,16,16,16,39,,degree / distinct spaced labels,0,True,NA,0.5417632720000256,True,greedy,gurobi_optimal,2,False,16,16,0,0,RETURNED,False
BA_40_m2_seed1__h1_k1__r1__cadical,BA_40_m2_seed1,BA,1,1,cadical,1,40,76,OPT,16,16,16,16,16,39,,degree / distinct spaced labels,0,True,NA,0.3447347279998212,True,greedy,elementary,0,False,16,16,0,0,RETURNED,False
BA_40_m2_seed1__h1_k1__r2__cadical,BA_40_m2_seed1,BA,1,1,cadical,2,40,76,OPT,16,16,16,16,16,39,,degree / distinct spaced labels,0,True,NA,0.3423557890000666,True,greedy,elementary,0,False,16,16,0,0,RETURNED,False
BA_40_m2_seed1__h1_k1__r2__gurobi,BA_40_m2_seed1,BA,1,1,gurobi,2,40,76,OPT,16,16,16,16,16,39,,degree / distinct spaced labels,0,True,NA,0.5408898949999639,True,greedy,gurobi_optimal,2,False,16,16,0,0,RETURNED,False
BA_40_m2_seed1__h2_k1__r0__cadical,BA_40_m2_seed1,BA,2,1,cadical,0,40,76,OPT,17,17,17,17,17,78,,degree / distinct spaced labels,0,True,NA,0.4238946969999233,True,sat,elementary,1,False,17,18,0,1,RETURNED,False
BA_40_m2_seed1__h2_k1__r0__gurobi,BA_40_m2_seed1,BA,2,1,gurobi,0,40,76,OPT,17,17,17,17,17,78,,degree / distinct spaced labels,0,True,NA,0.8986977409995234,True,gurobi_incumbent,gurobi_optimal,2,False,17,18,0,1,RETURNED,False
BA_40_m2_seed1__h2_k1__r1__gurobi,BA_40_m2_seed1,BA,2,1,gurobi,1,40,76,OPT,17,17,17,17,17,78,,degree / distinct spaced labels,0,True,NA,0.7226537179994921,True,gurobi_incumbent,gurobi_optimal,2,False,17,18,0,1,RETURNED,False
BA_40_m2_seed1__h2_k1__r1__cadical,BA_40_m2_seed1,BA,2,1,cadical,1,40,76,OPT,17,17,17,17,17,78,,degree / distinct spaced labels,0,True,NA,0.42434084700016683,True,sat,elementary,1,False,17,18,0,1,RETURNED,False
BA_40_m2_seed1__h2_k1__r2__cadical,BA_40_m2_seed1,BA,2,1,cadical,2,40,76,OPT,17,17,17,17,17,78,,degree / distinct spaced labels,0,True,NA,0.41838379700038786,True,sat,elementary,1,False,17,18,0,1,RETURNED,False
BA_40_m2_seed1__h2_k1__r2__gurobi,BA_40_m2_seed1,BA,2,1,gurobi,2,40,76,OPT,17,17,17,17,17,78,,degree / distinct spaced labels,0,True,NA,0.7091791789998751,True,gurobi_incumbent,gurobi_optimal,2,False,17,18,0,1,RETURNED,False
BA_40_m2_seed1__h3_k2__r0__cadical,BA_40_m2_seed1,BA,3,2,cadical,0,40,76,OPT,33,33,33,33,33,117,,degree / distinct spaced labels,0,True,NA,1.7793770420003057,True,sat,elementary,3,False,33,38,0,5,RETURNED,False
BA_40_m2_seed1__h3_k2__r0__gurobi,BA_40_m2_seed1,BA,3,2,gurobi,0,40,76,OPT,33,33,33,33,33,117,,degree / distinct spaced labels,0,True,NA,2.544921929999873,True,gurobi_incumbent,gurobi_optimal,4,False,33,38,0,5,RETURNED,False
BA_40_m2_seed1__h3_k2__r1__gurobi,BA_40_m2_seed1,BA,3,2,gurobi,1,40,76,OPT,33,33,33,33,33,117,,degree / distinct spaced labels,0,True,NA,2.547710477999317,True,gurobi_incumbent,gurobi_optimal,4,False,33,38,0,5,RETURNED,False
BA_40_m2_seed1__h3_k2__r1__cadical,BA_40_m2_seed1,BA,3,2,cadical,1,40,76,OPT,33,33,33,33,33,117,,degree / distinct spaced labels,0,True,NA,1.78231242900074,True,sat,elementary,3,False,33,38,0,5,RETURNED,False
BA_40_m2_seed1__h3_k2__r2__cadical,BA_40_m2_seed1,BA,3,2,cadical,2,40,76,OPT,33,33,33,33,33,117,,degree / distinct spaced labels,0,True,NA,1.7754963810002664,True,sat,elementary,3,False,33,38,0,5,RETURNED,False
BA_40_m2_seed1__h3_k2__r2__gurobi,BA_40_m2_seed1,BA,3,2,gurobi,2,40,76,OPT,33,33,33,33,33,117,,degree / distinct spaced labels,0,True,NA,2.6818250910000643,True,gurobi_incumbent,gurobi_optimal,4,False,33,38,0,5,RETURNED,False
BA_40_m2_seed2__h1_k1__r0__gurobi,BA_40_m2_seed2,BA,1,1,gurobi,0,40,76,OPT,16,16,16,16,16,39,,degree / distinct spaced labels,0,True,NA,0.5376312200005486,True,greedy,gurobi_optimal,2,False,16,16,0,0,RETURNED,False
BA_40_m2_seed2__h1_k1__r0__cadical,BA_40_m2_seed2,BA,1,1,cadical,0,40,76,OPT,16,16,16,16,16,39,,degree / distinct spaced labels,0,True,NA,0.3393364510002357,True,greedy,elementary,0,False,16,16,0,0,RETURNED,False
BA_40_m2_seed2__h1_k1__r1__cadical,BA_40_m2_seed2,BA,1,1,cadical,1,40,76,OPT,16,16,16,16,16,39,,degree / distinct spaced labels,0,True,NA,0.35134770199965715,True,greedy,elementary,0,False,16,16,0,0,RETURNED,False
BA_40_m2_seed2__h1_k1__r1__gurobi,BA_40_m2_seed2,BA,1,1,gurobi,1,40,76,OPT,16,16,16,16,16,39,,degree / distinct spaced labels,0,True,NA,0.5327099159994759,True,greedy,gurobi_optimal,2,False,16,16,0,0,RETURNED,False
BA_40_m2_seed2__h1_k1__r2__gurobi,BA_40_m2_seed2,BA,1,1,gurobi,2,40,76,OPT,16,16,16,16,16,39,,degree / distinct spaced labels,0,True,NA,0.5702293240001381,True,greedy,gurobi_optimal,2,False,16,16,0,0,RETURNED,False
BA_40_m2_seed2__h1_k1__r2__cadical,BA_40_m2_seed2,BA,1,1,cadical,2,40,76,OPT,16,16,16,16,16,39,,degree / distinct spaced labels,0,True,NA,0.35006188900024426,True,greedy,elementary,0,False,16,16,0,0,RETURNED,False
BA_40_m2_seed2__h2_k1__r0__gurobi,BA_40_m2_seed2,BA,2,1,gurobi,0,40,76,OPT,17,17,17,17,17,78,,degree / distinct spaced labels,0,True,NA,0.7326665720001984,True,gurobi_incumbent,gurobi_optimal,2,False,17,18,0,1,RETURNED,False
BA_40_m2_seed2__h2_k1__r0__cadical,BA_40_m2_seed2,BA,2,1,cadical,0,40,76,OPT,17,17,17,17,17,78,,degree / distinct spaced labels,0,True,NA,0.4335014839998621,True,sat,elementary,1,False,17,18,0,1,RETURNED,False
BA_40_m2_seed2__h2_k1__r1__cadical,BA_40_m2_seed2,BA,2,1,cadical,1,40,76,OPT,17,17,17,17,17,78,,degree / distinct spaced labels,0,True,NA,0.5569473619998462,True,sat,elementary,1,False,17,18,0,1,RETURNED,False
BA_40_m2_seed2__h2_k1__r1__gurobi,BA_40_m2_seed2,BA,2,1,gurobi,1,40,76,OPT,17,17,17,17,17,78,,degree / distinct spaced labels,0,True,NA,0.7426092699997753,True,gurobi_incumbent,gurobi_optimal,2,False,17,18,0,1,RETURNED,False
BA_40_m2_seed2__h2_k1__r2__gurobi,BA_40_m2_seed2,BA,2,1,gurobi,2,40,76,OPT,17,17,17,17,17,78,,degree / distinct spaced labels,0,True,NA,0.7374468269999852,True,gurobi_incumbent,gurobi_optimal,2,False,17,18,0,1,RETURNED,False
BA_40_m2_seed2__h2_k1__r2__cadical,BA_40_m2_seed2,BA,2,1,cadical,2,40,76,OPT,17,17,17,17,17,78,,degree / distinct spaced labels,0,True,NA,0.4228028600000471,True,sat,elementary,1,False,17,18,0,1,RETURNED,False
BA_40_m2_seed2__h3_k2__r0__gurobi,BA_40_m2_seed2,BA,3,2,gurobi,0,40,76,OPT,33,33,33,33,33,117,,degree / distinct spaced labels,0,True,NA,3.2199537919996146,True,gurobi_incumbent,gurobi_optimal,3,False,33,36,0,3,RETURNED,False
BA_40_m2_seed2__h3_k2__r0__cadical,BA_40_m2_seed2,BA,3,2,cadical,0,40,76,OPT,33,33,33,33,33,117,,degree / distinct spaced labels,0,True,NA,1.1947866420005084,True,sat,elementary,2,False,33,36,0,3,RETURNED,False
BA_40_m2_seed2__h3_k2__r1__cadical,BA_40_m2_seed2,BA,3,2,cadical,1,40,76,OPT,33,33,33,33,33,117,,degree / distinct spaced labels,0,True,NA,1.191189817999657,True,sat,elementary,2,False,33,36,0,3,RETURNED,False
BA_40_m2_seed2__h3_k2__r1__gurobi,BA_40_m2_seed2,BA,3,2,gurobi,1,40,76,OPT,33,33,33,33,33,117,,degree / distinct spaced labels,0,True,NA,3.5622609900001407,True,gurobi_incumbent,gurobi_optimal,3,False,33,36,0,3,RETURNED,False
BA_40_m2_seed2__h3_k2__r2__gurobi,BA_40_m2_seed2,BA,3,2,gurobi,2,40,76,OPT,33,33,33,33,33,117,,degree / distinct spaced labels,0,True,NA,3.25343992299986,True,gurobi_incumbent,gurobi_optimal,3,False,33,36,0,3,RETURNED,False
BA_40_m2_seed2__h3_k2__r2__cadical,BA_40_m2_seed2,BA,3,2,cadical,2,40,76,OPT,33,33,33,33,33,117,,degree / distinct spaced labels,0,True,NA,1.2043124279998665,True,sat,elementary,2,False,33,36,0,3,RETURNED,False
ER_60_p0.15_seed0__h1_k1__r0__cadical,ER_60_p0.15_seed0,ER,1,1,cadical,0,60,272,FEASIBLE,17,22,22,17,17,59,,degree / distinct spaced labels,5,False,NA,30.008844439000313,False,sat,elementary,1,False,17,27,0,5,WALL_TIMEOUT,True
ER_60_p0.15_seed0__h1_k1__r0__gurobi,ER_60_p0.15_seed0,ER,1,1,gurobi,0,60,272,FEASIBLE,17,24,24,17,17,59,,degree / distinct spaced labels,7,False,NA,30.008347843000593,False,gurobi_incumbent,elementary,3,False,17,27,0,3,WALL_TIMEOUT,True
ER_60_p0.15_seed0__h1_k1__r1__gurobi,ER_60_p0.15_seed0,ER,1,1,gurobi,1,60,272,FEASIBLE,17,24,24,17,17,59,,degree / distinct spaced labels,7,False,NA,30.008861644999342,False,gurobi_incumbent,elementary,3,False,17,27,0,3,WALL_TIMEOUT,True
ER_60_p0.15_seed0__h1_k1__r1__cadical,ER_60_p0.15_seed0,ER,1,1,cadical,1,60,272,FEASIBLE,17,22,22,17,17,59,,degree / distinct spaced labels,5,False,NA,30.0084871250001,False,sat,elementary,1,False,17,27,0,5,WALL_TIMEOUT,True
ER_60_p0.15_seed0__h1_k1__r2__cadical,ER_60_p0.15_seed0,ER,1,1,cadical,2,60,272,FEASIBLE,17,22,22,17,17,59,,degree / distinct spaced labels,5,False,NA,30.00866109799972,False,sat,elementary,1,False,17,27,0,5,WALL_TIMEOUT,True
ER_60_p0.15_seed0__h1_k1__r2__gurobi,ER_60_p0.15_seed0,ER,1,1,gurobi,2,60,272,FEASIBLE,17,24,24,17,17,59,,degree / distinct spaced labels,7,False,NA,30.008011764000003,False,gurobi_incumbent,elementary,3,False,17,27,0,3,WALL_TIMEOUT,True
ER_60_p0.15_seed0__h2_k1__r0__cadical,ER_60_p0.15_seed0,ER,2,1,cadical,0,60,272,FEASIBLE,18,24,24,18,18,118,,degree / distinct spaced labels,6,False,NA,30.008670598000208,False,sat,elementary,1,False,18,31,0,7,WALL_TIMEOUT,True
ER_60_p0.15_seed0__h2_k1__r0__gurobi,ER_60_p0.15_seed0,ER,2,1,gurobi,0,60,272,FEASIBLE,18,30,30,18,18,118,,degree / distinct spaced labels,12,False,NA,30.01006888699976,False,gurobi_incumbent,elementary,1,False,18,31,0,1,WALL_TIMEOUT,True
ER_60_p0.15_seed0__h2_k1__r1__gurobi,ER_60_p0.15_seed0,ER,2,1,gurobi,1,60,272,FEASIBLE,18,30,30,18,18,118,,degree / distinct spaced labels,12,False,NA,30.011590619000344,False,gurobi_incumbent,elementary,1,False,18,31,0,1,WALL_TIMEOUT,True
ER_60_p0.15_seed0__h2_k1__r1__cadical,ER_60_p0.15_seed0,ER,2,1,cadical,1,60,272,FEASIBLE,18,24,24,18,18,118,,degree / distinct spaced labels,6,False,NA,30.011283271999673,False,sat,elementary,1,False,18,31,0,7,WALL_TIMEOUT,True
ER_60_p0.15_seed0__h2_k1__r2__cadical,ER_60_p0.15_seed0,ER,2,1,cadical,2,60,272,FEASIBLE,18,24,24,18,18,118,,degree / distinct spaced labels,6,False,NA,30.009379492000335,False,sat,elementary,1,False,18,31,0,7,WALL_TIMEOUT,True
ER_60_p0.15_seed0__h2_k1__r2__gurobi,ER_60_p0.15_seed0,ER,2,1,gurobi,2,60,272,FEASIBLE,18,30,30,18,18,118,,degree / distinct spaced labels,12,False,NA,30.01222528100061,False,gurobi_incumbent,elementary,1,False,18,31,0,1,WALL_TIMEOUT,True
ER_60_p0.15_seed0__h3_k2__r0__cadical,ER_60_p0.15_seed0,ER,3,2,cadical,0,60,272,FEASIBLE,35,50,50,35,35,177,,degree / distinct spaced labels,15,False,NA,30.023916039999676,False,sat,elementary,1,False,35,66,0,16,WALL_TIMEOUT,True
ER_60_p0.15_seed0__h3_k2__r0__gurobi,ER_60_p0.15_seed0,ER,3,2,gurobi,0,60,272,FEASIBLE,35,60,60,35,35,177,,degree / distinct spaced labels,25,False,NA,30.026315260000047,False,gurobi_incumbent,elementary,1,False,35,66,0,6,WALL_TIMEOUT,True
ER_60_p0.15_seed0__h3_k2__r1__gurobi,ER_60_p0.15_seed0,ER,3,2,gurobi,1,60,272,FEASIBLE,35,60,60,35,35,177,,degree / distinct spaced labels,25,False,NA,30.03594415400039,False,gurobi_incumbent,elementary,1,False,35,66,0,6,WALL_TIMEOUT,True
ER_60_p0.15_seed0__h3_k2__r1__cadical,ER_60_p0.15_seed0,ER,3,2,cadical,1,60,272,FEASIBLE,35,50,50,35,35,177,,degree / distinct spaced labels,15,False,NA,30.0205474330005,False,sat,elementary,1,False,35,66,0,16,WALL_TIMEOUT,True
ER_60_p0.15_seed0__h3_k2__r2__cadical,ER_60_p0.15_seed0,ER,3,2,cadical,2,60,272,FEASIBLE,35,50,50,35,35,177,,degree / distinct spaced labels,15,False,NA,30.022318873000586,False,sat,elementary,1,False,35,66,0,16,WALL_TIMEOUT,True
ER_60_p0.15_seed0__h3_k2__r2__gurobi,ER_60_p0.15_seed0,ER,3,2,gurobi,2,60,272,FEASIBLE,35,60,60,35,35,177,,degree / distinct spaced labels,25,False,NA,30.063360507000652,False,gurobi_incumbent,elementary,1,False,35,66,0,6,WALL_TIMEOUT,True
ER_60_p0.15_seed1__h1_k1__r0__gurobi,ER_60_p0.15_seed1,ER,1,1,gurobi,0,60,261,FEASIBLE,17,22,22,17,17,59,,degree / distinct spaced labels,5,False,NA,30.00947707999967,False,gurobi_incumbent,elementary,5,False,17,27,0,5,WALL_TIMEOUT,True
ER_60_p0.15_seed1__h1_k1__r0__cadical,ER_60_p0.15_seed1,ER,1,1,cadical,0,60,261,FEASIBLE,17,22,22,17,17,59,,degree / distinct spaced labels,5,False,NA,30.009455861000788,False,sat,elementary,1,False,17,27,0,5,WALL_TIMEOUT,True
ER_60_p0.15_seed1__h1_k1__r1__cadical,ER_60_p0.15_seed1,ER,1,1,cadical,1,60,261,FEASIBLE,17,22,22,17,17,59,,degree / distinct spaced labels,5,False,NA,30.00951888600048,False,sat,elementary,1,False,17,27,0,5,WALL_TIMEOUT,True
ER_60_p0.15_seed1__h1_k1__r1__gurobi,ER_60_p0.15_seed1,ER,1,1,gurobi,1,60,261,FEASIBLE,17,22,22,17,17,59,,degree / distinct spaced labels,5,False,NA,30.010949857000014,False,gurobi_incumbent,elementary,5,False,17,27,0,5,WALL_TIMEOUT,True
ER_60_p0.15_seed1__h1_k1__r2__gurobi,ER_60_p0.15_seed1,ER,1,1,gurobi,2,60,261,FEASIBLE,17,22,22,17,17,59,,degree / distinct spaced labels,5,False,NA,30.010638370999914,False,gurobi_incumbent,elementary,5,False,17,27,0,5,WALL_TIMEOUT,True
ER_60_p0.15_seed1__h1_k1__r2__cadical,ER_60_p0.15_seed1,ER,1,1,cadical,2,60,261,FEASIBLE,17,22,22,17,17,59,,degree / distinct spaced labels,5,False,NA,30.04485833200033,False,sat,elementary,1,False,17,27,0,5,WALL_TIMEOUT,True
ER_60_p0.15_seed1__h2_k1__r0__gurobi,ER_60_p0.15_seed1,ER,2,1,gurobi,0,60,261,FEASIBLE,18,26,26,18,18,118,,degree / distinct spaced labels,8,False,NA,30.01229703199988,False,gurobi_incumbent,elementary,5,False,18,31,0,5,WALL_TIMEOUT,True
ER_60_p0.15_seed1__h2_k1__r0__cadical,ER_60_p0.15_seed1,ER,2,1,cadical,0,60,261,FEASIBLE,18,24,24,18,18,118,,degree / distinct spaced labels,6,False,NA,30.00912713300022,False,sat,elementary,1,False,18,31,0,7,WALL_TIMEOUT,True
ER_60_p0.15_seed1__h2_k1__r1__cadical,ER_60_p0.15_seed1,ER,2,1,cadical,1,60,261,FEASIBLE,18,24,24,18,18,118,,degree / distinct spaced labels,6,False,NA,30.009818740999435,False,sat,elementary,1,False,18,31,0,7,WALL_TIMEOUT,True
ER_60_p0.15_seed1__h2_k1__r1__gurobi,ER_60_p0.15_seed1,ER,2,1,gurobi,1,60,261,FEASIBLE,18,26,26,18,18,118,,degree / distinct spaced labels,8,False,NA,30.013204535000114,False,gurobi_incumbent,elementary,5,False,18,31,0,5,WALL_TIMEOUT,True
ER_60_p0.15_seed1__h2_k1__r2__gurobi,ER_60_p0.15_seed1,ER,2,1,gurobi,2,60,261,FEASIBLE,18,26,26,18,18,118,,degree / distinct spaced labels,8,False,NA,30.010653567999725,False,gurobi_incumbent,elementary,5,False,18,31,0,5,WALL_TIMEOUT,True
ER_60_p0.15_seed1__h2_k1__r2__cadical,ER_60_p0.15_seed1,ER,2,1,cadical,2,60,261,FEASIBLE,18,24,24,18,18,118,,degree / distinct spaced labels,6,False,NA,30.010518025999772,False,sat,elementary,1,False,18,31,0,7,WALL_TIMEOUT,True
ER_60_p0.15_seed1__h3_k2__r0__gurobi,ER_60_p0.15_seed1,ER,3,2,gurobi,0,60,261,FEASIBLE,35,61,61,35,35,177,,degree / distinct spaced labels,26,False,NA,30.05992461200003,False,gurobi_incumbent,elementary,2,False,35,64,0,3,WALL_TIMEOUT,True
ER_60_p0.15_seed1__h3_k2__r0__cadical,ER_60_p0.15_seed1,ER,3,2,cadical,0,60,261,FEASIBLE,35,49,49,35,35,177,,degree / distinct spaced labels,14,False,NA,30.017787494000004,False,sat,elementary,1,False,35,64,0,15,WALL_TIMEOUT,True
ER_60_p0.15_seed1__h3_k2__r1__cadical,ER_60_p0.15_seed1,ER,3,2,cadical,1,60,261,FEASIBLE,35,49,49,35,35,177,,degree / distinct spaced labels,14,False,NA,30.019940002999647,False,sat,elementary,1,False,35,64,0,15,WALL_TIMEOUT,True
ER_60_p0.15_seed1__h3_k2__r1__gurobi,ER_60_p0.15_seed1,ER,3,2,gurobi,1,60,261,FEASIBLE,35,61,61,35,35,177,,degree / distinct spaced labels,26,False,NA,30.021372701000473,False,gurobi_incumbent,elementary,2,False,35,64,0,3,WALL_TIMEOUT,True
ER_60_p0.15_seed1__h3_k2__r2__gurobi,ER_60_p0.15_seed1,ER,3,2,gurobi,2,60,261,FEASIBLE,35,61,61,35,35,177,,degree / distinct spaced labels,26,False,NA,30.02094474400019,False,gurobi_incumbent,elementary,2,False,35,64,0,3,WALL_TIMEOUT,True
ER_60_p0.15_seed1__h3_k2__r2__cadical,ER_60_p0.15_seed1,ER,3,2,cadical,2,60,261,FEASIBLE,35,49,49,35,35,177,,degree / distinct spaced labels,14,False,NA,30.017742557999554,False,sat,elementary,1,False,35,64,0,15,WALL_TIMEOUT,True
ER_60_p0.15_seed2__h1_k1__r0__cadical,ER_60_p0.15_seed2,ER,1,1,cadical,0,60,251,FEASIBLE,14,25,25,14,14,59,,degree / distinct spaced labels,11,False,NA,30.008602543999586,False,greedy,elementary,0,True,14,25,0,0,WALL_TIMEOUT,True
ER_60_p0.15_seed2__h1_k1__r0__gurobi,ER_60_p0.15_seed2,ER,1,1,gurobi,0,60,251,FEASIBLE,17,20,20,14,14,59,,degree / distinct spaced labels,6,False,NA,30.011338168000293,False,gurobi_incumbent,gurobi_dual,8,False,14,25,3,5,WALL_TIMEOUT,True
ER_60_p0.15_seed2__h1_k1__r1__gurobi,ER_60_p0.15_seed2,ER,1,1,gurobi,1,60,251,FEASIBLE,17,20,20,14,14,59,,degree / distinct spaced labels,6,False,NA,30.00946788100009,False,gurobi_incumbent,gurobi_dual,8,False,14,25,3,5,WALL_TIMEOUT,True
ER_60_p0.15_seed2__h1_k1__r1__cadical,ER_60_p0.15_seed2,ER,1,1,cadical,1,60,251,FEASIBLE,14,25,25,14,14,59,,degree / distinct spaced labels,11,False,NA,30.009121134000452,False,greedy,elementary,0,True,14,25,0,0,WALL_TIMEOUT,True
ER_60_p0.15_seed2__h1_k1__r2__cadical,ER_60_p0.15_seed2,ER,1,1,cadical,2,60,251,FEASIBLE,14,25,25,14,14,59,,degree / distinct spaced labels,11,False,NA,30.00798017699981,False,greedy,elementary,0,True,14,25,0,0,WALL_TIMEOUT,True
ER_60_p0.15_seed2__h1_k1__r2__gurobi,ER_60_p0.15_seed2,ER,1,1,gurobi,2,60,251,FEASIBLE,17,20,20,14,14,59,,degree / distinct spaced labels,6,False,NA,30.010460907999914,False,gurobi_incumbent,gurobi_dual,8,False,14,25,3,5,WALL_TIMEOUT,True
ER_60_p0.15_seed2__h2_k1__r0__cadical,ER_60_p0.15_seed2,ER,2,1,cadical,0,60,251,FEASIBLE,15,21,21,15,15,118,,degree / distinct spaced labels,6,False,NA,30.008401405999393,False,sat,elementary,1,False,15,28,0,7,WALL_TIMEOUT,True
ER_60_p0.15_seed2__h2_k1__r0__gurobi,ER_60_p0.15_seed2,ER,2,1,gurobi,0,60,251,FEASIBLE,15,24,24,15,15,118,,degree / distinct spaced labels,9,False,NA,30.010622976000377,False,gurobi_incumbent,elementary,3,False,15,28,0,4,WALL_TIMEOUT,True
ER_60_p0.15_seed2__h2_k1__r1__gurobi,ER_60_p0.15_seed2,ER,2,1,gurobi,1,60,251,FEASIBLE,15,24,24,15,15,118,,degree / distinct spaced labels,9,False,NA,30.009817164000196,False,gurobi_incumbent,elementary,3,False,15,28,0,4,WALL_TIMEOUT,True
ER_60_p0.15_seed2__h2_k1__r1__cadical,ER_60_p0.15_seed2,ER,2,1,cadical,1,60,251,FEASIBLE,15,21,21,15,15,118,,degree / distinct spaced labels,6,False,NA,30.00814368200008,False,sat,elementary,1,False,15,28,0,7,WALL_TIMEOUT,True
ER_60_p0.15_seed2__h2_k1__r2__cadical,ER_60_p0.15_seed2,ER,2,1,cadical,2,60,251,FEASIBLE,15,21,21,15,15,118,,degree / distinct spaced labels,6,False,NA,30.008642444000543,False,sat,elementary,1,False,15,28,0,7,WALL_TIMEOUT,True
ER_60_p0.15_seed2__h2_k1__r2__gurobi,ER_60_p0.15_seed2,ER,2,1,gurobi,2,60,251,FEASIBLE,15,24,24,15,15,118,,degree / distinct spaced labels,9,False,NA,30.012255831999937,False,gurobi_incumbent,elementary,3,False,15,28,0,4,WALL_TIMEOUT,True
ER_60_p0.15_seed2__h3_k2__r0__cadical,ER_60_p0.15_seed2,ER,3,2,cadical,0,60,251,FEASIBLE,29,46,46,29,29,177,,degree / distinct spaced labels,17,False,NA,30.014284425999904,False,sat,elementary,1,False,29,63,0,17,WALL_TIMEOUT,True
ER_60_p0.15_seed2__h3_k2__r0__gurobi,ER_60_p0.15_seed2,ER,3,2,gurobi,0,60,251,FEASIBLE,29,55,55,29,29,177,,degree / distinct spaced labels,26,False,NA,30.039140973999565,False,gurobi_incumbent,elementary,1,False,29,63,0,8,WALL_TIMEOUT,True
ER_60_p0.15_seed2__h3_k2__r1__gurobi,ER_60_p0.15_seed2,ER,3,2,gurobi,1,60,251,FEASIBLE,29,55,55,29,29,177,,degree / distinct spaced labels,26,False,NA,30.027528066999366,False,gurobi_incumbent,elementary,1,False,29,63,0,8,WALL_TIMEOUT,True
ER_60_p0.15_seed2__h3_k2__r1__cadical,ER_60_p0.15_seed2,ER,3,2,cadical,1,60,251,FEASIBLE,29,46,46,29,29,177,,degree / distinct spaced labels,17,False,NA,30.012925091000398,False,sat,elementary,1,False,29,63,0,17,WALL_TIMEOUT,True
ER_60_p0.15_seed2__h3_k2__r2__cadical,ER_60_p0.15_seed2,ER,3,2,cadical,2,60,251,FEASIBLE,29,46,46,29,29,177,,degree / distinct spaced labels,17,False,NA,30.01431652300016,False,sat,elementary,1,False,29,63,0,17,WALL_TIMEOUT,True
ER_60_p0.15_seed2__h3_k2__r2__gurobi,ER_60_p0.15_seed2,ER,3,2,gurobi,2,60,251,FEASIBLE,29,55,55,29,29,177,,degree / distinct spaced labels,26,False,NA,30.02251241399972,False,gurobi_incumbent,elementary,1,False,29,63,0,8,WALL_TIMEOUT,True
ER_60_p0.30_seed0__h1_k1__r0__gurobi,ER_60_p0.30_seed0,ER,1,1,gurobi,0,60,510,OPT,55,55,55,24,24,59,,degree / distinct spaced labels,31,False,NA,3.297374729000694,True,gurobi_incumbent,gurobi_optimal,4,False,24,56,31,1,RETURNED,False
ER_60_p0.30_seed0__h1_k1__r0__cadical,ER_60_p0.30_seed0,ER,1,1,cadical,0,60,510,FEASIBLE,24,56,56,24,24,59,,degree / distinct spaced labels,32,False,NA,30.01128729999982,False,greedy,elementary,0,True,24,56,0,0,WALL_TIMEOUT,False
ER_60_p0.30_seed0__h1_k1__r1__cadical,ER_60_p0.30_seed0,ER,1,1,cadical,1,60,510,FEASIBLE,24,56,56,24,24,59,,degree / distinct spaced labels,32,False,NA,30.01172753100036,False,greedy,elementary,0,True,24,56,0,0,WALL_TIMEOUT,False
ER_60_p0.30_seed0__h1_k1__r1__gurobi,ER_60_p0.30_seed0,ER,1,1,gurobi,1,60,510,OPT,55,55,55,24,24,59,,degree / distinct spaced labels,31,False,NA,3.553084912000486,True,gurobi_incumbent,gurobi_optimal,4,False,24,56,31,1,RETURNED,False
ER_60_p0.30_seed0__h1_k1__r2__gurobi,ER_60_p0.30_seed0,ER,1,1,gurobi,2,60,510,OPT,55,55,55,24,24,59,,degree / distinct spaced labels,31,False,NA,3.083698307999839,True,gurobi_incumbent,gurobi_optimal,4,False,24,56,31,1,RETURNED,False
ER_60_p0.30_seed0__h1_k1__r2__cadical,ER_60_p0.30_seed0,ER,1,1,cadical,2,60,510,FEASIBLE,24,56,56,24,24,59,,degree / distinct spaced labels,32,False,NA,30.010817864000273,False,greedy,elementary,0,True,24,56,0,0,WALL_TIMEOUT,False
ER_60_p0.30_seed0__h2_k1__r0__gurobi,ER_60_p0.30_seed0,ER,2,1,gurobi,0,60,510,OPT,55,55,55,25,25,118,,degree / distinct spaced labels,30,False,NA,10.495307457999843,True,gurobi_incumbent,gurobi_optimal,7,False,25,57,30,2,RETURNED,False
ER_60_p0.30_seed0__h2_k1__r0__cadical,ER_60_p0.30_seed0,ER,2,1,cadical,0,60,510,FEASIBLE,25,57,57,25,25,118,,degree / distinct spaced labels,32,False,NA,30.016278520000014,False,greedy,elementary,0,True,25,57,0,0,WALL_TIMEOUT,False
ER_60_p0.30_seed0__h2_k1__r1__cadical,ER_60_p0.30_seed0,ER,2,1,cadical,1,60,510,FEASIBLE,25,57,57,25,25,118,,degree / distinct spaced labels,32,False,NA,30.0270097800003,False,greedy,elementary,0,True,25,57,0,0,WALL_TIMEOUT,False
ER_60_p0.30_seed0__h2_k1__r1__gurobi,ER_60_p0.30_seed0,ER,2,1,gurobi,1,60,510,OPT,55,55,55,25,25,118,,degree / distinct spaced labels,30,False,NA,11.85886118399958,True,gurobi_incumbent,gurobi_optimal,7,False,25,57,30,2,RETURNED,False
ER_60_p0.30_seed0__h2_k1__r2__gurobi,ER_60_p0.30_seed0,ER,2,1,gurobi,2,60,510,OPT,55,55,55,25,25,118,,degree / distinct spaced labels,30,False,NA,8.037394760999632,True,gurobi_incumbent,gurobi_optimal,7,False,25,57,30,2,RETURNED,False
ER_60_p0.30_seed0__h2_k1__r2__cadical,ER_60_p0.30_seed0,ER,2,1,cadical,2,60,510,FEASIBLE,25,57,57,25,25,118,,degree / distinct spaced labels,32,False,NA,30.016219170999648,False,greedy,elementary,0,True,25,57,0,0,WALL_TIMEOUT,False
ER_60_p0.30_seed0__h3_k2__r0__gurobi,ER_60_p0.30_seed0,ER,3,2,gurobi,0,60,510,FEASIBLE,49,114,114,49,49,177,,degree / distinct spaced labels,65,False,NA,30.032487581999703,False,gurobi_incumbent,elementary,6,False,49,125,0,11,WALL_TIMEOUT,True
ER_60_p0.30_seed0__h3_k2__r0__cadical,ER_60_p0.30_seed0,ER,3,2,cadical,0,60,510,FEASIBLE,49,125,125,49,49,177,,degree / distinct spaced labels,76,False,NA,30.027849645999595,False,greedy,elementary,0,True,49,125,0,0,WALL_TIMEOUT,True
ER_60_p0.30_seed0__h3_k2__r1__cadical,ER_60_p0.30_seed0,ER,3,2,cadical,1,60,510,FEASIBLE,49,125,125,49,49,177,,degree / distinct spaced labels,76,False,NA,30.031865935000496,False,greedy,elementary,0,True,49,125,0,0,WALL_TIMEOUT,True
ER_60_p0.30_seed0__h3_k2__r1__gurobi,ER_60_p0.30_seed0,ER,3,2,gurobi,1,60,510,FEASIBLE,49,114,114,49,49,177,,degree / distinct spaced labels,65,False,NA,30.045811076000064,False,gurobi_incumbent,elementary,6,False,49,125,0,11,WALL_TIMEOUT,True
ER_60_p0.30_seed0__h3_k2__r2__gurobi,ER_60_p0.30_seed0,ER,3,2,gurobi,2,60,510,FEASIBLE,49,118,118,49,49,177,,degree / distinct spaced labels,69,False,NA,30.040272565000123,False,gurobi_incumbent,elementary,4,False,49,125,0,7,WALL_TIMEOUT,True
ER_60_p0.30_seed0__h3_k2__r2__cadical,ER_60_p0.30_seed0,ER,3,2,cadical,2,60,510,FEASIBLE,49,125,125,49,49,177,,degree / distinct spaced labels,76,False,NA,30.027632250999886,False,greedy,elementary,0,True,49,125,0,0,WALL_TIMEOUT,True
ER_60_p0.30_seed1__h1_k1__r0__cadical,ER_60_p0.30_seed1,ER,1,1,cadical,0,60,518,FEASIBLE,28,55,55,28,28,59,,degree / distinct spaced labels,27,False,NA,30.009529410999676,False,greedy,elementary,0,True,28,55,0,0,WALL_TIMEOUT,False
ER_60_p0.30_seed1__h1_k1__r0__gurobi,ER_60_p0.30_seed1,ER,1,1,gurobi,0,60,518,OPT,55,55,55,28,28,59,,degree / distinct spaced labels,27,False,NA,2.387350467000033,True,greedy,gurobi_optimal,2,False,28,55,27,0,RETURNED,False
ER_60_p0.30_seed1__h1_k1__r1__gurobi,ER_60_p0.30_seed1,ER,1,1,gurobi,1,60,518,OPT,55,55,55,28,28,59,,degree / distinct spaced labels,27,False,NA,2.031344230000286,True,greedy,gurobi_optimal,2,False,28,55,27,0,RETURNED,False
ER_60_p0.30_seed1__h1_k1__r1__cadical,ER_60_p0.30_seed1,ER,1,1,cadical,1,60,518,FEASIBLE,28,55,55,28,28,59,,degree / distinct spaced labels,27,False,NA,30.0103291180003,False,greedy,elementary,0,True,28,55,0,0,WALL_TIMEOUT,False
ER_60_p0.30_seed1__h1_k1__r2__cadical,ER_60_p0.30_seed1,ER,1,1,cadical,2,60,518,FEASIBLE,28,55,55,28,28,59,,degree / distinct spaced labels,27,False,NA,30.00955912400059,False,greedy,elementary,0,True,28,55,0,0,WALL_TIMEOUT,False
ER_60_p0.30_seed1__h1_k1__r2__gurobi,ER_60_p0.30_seed1,ER,1,1,gurobi,2,60,518,OPT,55,55,55,28,28,59,,degree / distinct spaced labels,27,False,NA,2.61302793699997,True,greedy,gurobi_optimal,2,False,28,55,27,0,RETURNED,False
ER_60_p0.30_seed1__h2_k1__r0__cadical,ER_60_p0.30_seed1,ER,2,1,cadical,0,60,518,FEASIBLE,29,58,58,29,29,118,,degree / distinct spaced labels,29,False,NA,30.01203167999938,False,greedy,elementary,0,True,29,58,0,0,WALL_TIMEOUT,False
ER_60_p0.30_seed1__h2_k1__r0__gurobi,ER_60_p0.30_seed1,ER,2,1,gurobi,0,60,518,OPT,55,55,55,29,29,118,,degree / distinct spaced labels,26,False,NA,11.105940286000077,True,gurobi_incumbent,gurobi_optimal,14,False,29,58,26,3,RETURNED,False
ER_60_p0.30_seed1__h2_k1__r1__gurobi,ER_60_p0.30_seed1,ER,2,1,gurobi,1,60,518,OPT,55,55,55,29,29,118,,degree / distinct spaced labels,26,False,NA,11.43120190799982,True,gurobi_incumbent,gurobi_optimal,14,False,29,58,26,3,RETURNED,False
ER_60_p0.30_seed1__h2_k1__r1__cadical,ER_60_p0.30_seed1,ER,2,1,cadical,1,60,518,FEASIBLE,29,58,58,29,29,118,,degree / distinct spaced labels,29,False,NA,30.01092296600018,False,greedy,elementary,0,True,29,58,0,0,WALL_TIMEOUT,False
ER_60_p0.30_seed1__h2_k1__r2__cadical,ER_60_p0.30_seed1,ER,2,1,cadical,2,60,518,FEASIBLE,29,58,58,29,29,118,,degree / distinct spaced labels,29,False,NA,30.010880114999964,False,greedy,elementary,0,True,29,58,0,0,WALL_TIMEOUT,False
ER_60_p0.30_seed1__h2_k1__r2__gurobi,ER_60_p0.30_seed1,ER,2,1,gurobi,2,60,518,OPT,55,55,55,29,29,118,,degree / distinct spaced labels,26,False,NA,11.244421012000203,True,gurobi_incumbent,gurobi_optimal,14,False,29,58,26,3,RETURNED,False
ER_60_p0.30_seed1__h3_k2__r0__cadical,ER_60_p0.30_seed1,ER,3,2,cadical,0,60,518,FEASIBLE,57,131,131,57,57,177,,degree / distinct spaced labels,74,False,NA,30.030339697999807,False,greedy,elementary,0,True,57,131,0,0,WALL_TIMEOUT,True
ER_60_p0.30_seed1__h3_k2__r0__gurobi,ER_60_p0.30_seed1,ER,3,2,gurobi,0,60,518,FEASIBLE,59,110,110,57,57,177,,degree / distinct spaced labels,53,False,NA,30.035243573000116,False,gurobi_incumbent,gurobi_dual,6,False,57,131,2,21,WALL_TIMEOUT,True
ER_60_p0.30_seed1__h3_k2__r1__gurobi,ER_60_p0.30_seed1,ER,3,2,gurobi,1,60,518,FEASIBLE,59,110,110,57,57,177,,degree / distinct spaced labels,53,False,NA,30.034428930000104,False,gurobi_incumbent,gurobi_dual,6,False,57,131,2,21,WALL_TIMEOUT,True
ER_60_p0.30_seed1__h3_k2__r1__cadical,ER_60_p0.30_seed1,ER,3,2,cadical,1,60,518,FEASIBLE,57,131,131,57,57,177,,degree / distinct spaced labels,74,False,NA,30.027333936000105,False,greedy,elementary,0,True,57,131,0,0,WALL_TIMEOUT,True
ER_60_p0.30_seed1__h3_k2__r2__cadical,ER_60_p0.30_seed1,ER,3,2,cadical,2,60,518,FEASIBLE,57,131,131,57,57,177,,degree / distinct spaced labels,74,False,NA,30.026292309999917,False,greedy,elementary,0,True,57,131,0,0,WALL_TIMEOUT,True
ER_60_p0.30_seed1__h3_k2__r2__gurobi,ER_60_p0.30_seed1,ER,3,2,gurobi,2,60,518,FEASIBLE,59,110,110,57,57,177,,degree / distinct spaced labels,53,False,NA,30.031236621000062,False,gurobi_incumbent,gurobi_dual,6,False,57,131,2,21,WALL_TIMEOUT,True
ER_60_p0.30_seed2__h1_k1__r0__gurobi,ER_60_p0.30_seed2,ER,1,1,gurobi,0,60,519,OPT,56,56,56,24,24,59,,degree / distinct spaced labels,32,False,NA,2.231725349000044,True,greedy,gurobi_optimal,2,False,24,56,32,0,RETURNED,False
ER_60_p0.30_seed2__h1_k1__r0__cadical,ER_60_p0.30_seed2,ER,1,1,cadical,0,60,519,FEASIBLE,24,56,56,24,24,59,,degree / distinct spaced labels,32,False,NA,30.007906144000117,False,greedy,elementary,0,True,24,56,0,0,WALL_TIMEOUT,False
ER_60_p0.30_seed2__h1_k1__r1__cadical,ER_60_p0.30_seed2,ER,1,1,cadical,1,60,519,FEASIBLE,24,56,56,24,24,59,,degree / distinct spaced labels,32,False,NA,30.01049855800011,False,greedy,elementary,0,True,24,56,0,0,WALL_TIMEOUT,False
ER_60_p0.30_seed2__h1_k1__r1__gurobi,ER_60_p0.30_seed2,ER,1,1,gurobi,1,60,519,OPT,56,56,56,24,24,59,,degree / distinct spaced labels,32,False,NA,2.0030568749998565,True,greedy,gurobi_optimal,2,False,24,56,32,0,RETURNED,False
ER_60_p0.30_seed2__h1_k1__r2__gurobi,ER_60_p0.30_seed2,ER,1,1,gurobi,2,60,519,OPT,56,56,56,24,24,59,,degree / distinct spaced labels,32,False,NA,2.065362696000193,True,greedy,gurobi_optimal,2,False,24,56,32,0,RETURNED,False
ER_60_p0.30_seed2__h1_k1__r2__cadical,ER_60_p0.30_seed2,ER,1,1,cadical,2,60,519,FEASIBLE,24,56,56,24,24,59,,degree / distinct spaced labels,32,False,NA,30.010548840999945,False,greedy,elementary,0,True,24,56,0,0,WALL_TIMEOUT,False
ER_60_p0.30_seed2__h2_k1__r0__gurobi,ER_60_p0.30_seed2,ER,2,1,gurobi,0,60,519,OPT,56,56,56,25,25,118,,degree / distinct spaced labels,31,False,NA,15.721143222000137,True,gurobi_incumbent,gurobi_optimal,8,False,25,57,31,1,RETURNED,False
ER_60_p0.30_seed2__h2_k1__r0__cadical,ER_60_p0.30_seed2,ER,2,1,cadical,0,60,519,FEASIBLE,25,57,57,25,25,118,,degree / distinct spaced labels,32,False,NA,30.01439814599962,False,greedy,elementary,0,True,25,57,0,0,WALL_TIMEOUT,False
ER_60_p0.30_seed2__h2_k1__r1__cadical,ER_60_p0.30_seed2,ER,2,1,cadical,1,60,519,FEASIBLE,25,57,57,25,25,118,,degree / distinct spaced labels,32,False,NA,30.013449858999593,False,greedy,elementary,0,True,25,57,0,0,WALL_TIMEOUT,False
ER_60_p0.30_seed2__h2_k1__r1__gurobi,ER_60_p0.30_seed2,ER,2,1,gurobi,1,60,519,OPT,56,56,56,25,25,118,,degree / distinct spaced labels,31,False,NA,15.979496848000053,True,gurobi_incumbent,gurobi_optimal,8,False,25,57,31,1,RETURNED,False
ER_60_p0.30_seed2__h2_k1__r2__gurobi,ER_60_p0.30_seed2,ER,2,1,gurobi,2,60,519,OPT,56,56,56,25,25,118,,degree / distinct spaced labels,31,False,NA,15.587813842999822,True,gurobi_incumbent,gurobi_optimal,8,False,25,57,31,1,RETURNED,False
ER_60_p0.30_seed2__h2_k1__r2__cadical,ER_60_p0.30_seed2,ER,2,1,cadical,2,60,519,FEASIBLE,25,57,57,25,25,118,,degree / distinct spaced labels,32,False,NA,30.01089441499971,False,greedy,elementary,0,True,25,57,0,0,WALL_TIMEOUT,False
ER_60_p0.30_seed2__h3_k2__r0__gurobi,ER_60_p0.30_seed2,ER,3,2,gurobi,0,60,519,FEASIBLE,49,118,118,49,49,177,,degree / distinct spaced labels,69,False,NA,30.03559794499961,False,gurobi_incumbent,elementary,7,False,49,132,0,14,WALL_TIMEOUT,True
ER_60_p0.30_seed2__h3_k2__r0__cadical,ER_60_p0.30_seed2,ER,3,2,cadical,0,60,519,FEASIBLE,49,132,132,49,49,177,,degree / distinct spaced labels,83,False,NA,30.025735827000062,False,greedy,elementary,0,True,49,132,0,0,WALL_TIMEOUT,True
ER_60_p0.30_seed2__h3_k2__r1__cadical,ER_60_p0.30_seed2,ER,3,2,cadical,1,60,519,FEASIBLE,49,132,132,49,49,177,,degree / distinct spaced labels,83,False,NA,30.026802293999936,False,greedy,elementary,0,True,49,132,0,0,WALL_TIMEOUT,True
ER_60_p0.30_seed2__h3_k2__r1__gurobi,ER_60_p0.30_seed2,ER,3,2,gurobi,1,60,519,FEASIBLE,49,118,118,49,49,177,,degree / distinct spaced labels,69,False,NA,30.030498388000524,False,gurobi_incumbent,elementary,7,False,49,132,0,14,WALL_TIMEOUT,True
ER_60_p0.30_seed2__h3_k2__r2__gurobi,ER_60_p0.30_seed2,ER,3,2,gurobi,2,60,519,FEASIBLE,49,118,118,49,49,177,,degree / distinct spaced labels,69,False,NA,30.02879483600009,False,gurobi_incumbent,elementary,7,False,49,132,0,14,WALL_TIMEOUT,True
ER_60_p0.30_seed2__h3_k2__r2__cadical,ER_60_p0.30_seed2,ER,3,2,cadical,2,60,519,FEASIBLE,49,132,132,49,49,177,,degree / distinct spaced labels,83,False,NA,30.02670152599967,False,greedy,elementary,0,True,49,132,0,0,WALL_TIMEOUT,True
BA_60_m2_seed0__h1_k1__r0__cadical,BA_60_m2_seed0,BA,1,1,cadical,0,60,116,OPT,19,19,19,19,19,59,,degree / distinct spaced labels,0,True,NA,0.28341680799985625,True,greedy,elementary,0,False,19,19,0,0,RETURNED,False
BA_60_m2_seed0__h1_k1__r0__gurobi,BA_60_m2_seed0,BA,1,1,gurobi,0,60,116,OPT,19,19,19,19,19,59,,degree / distinct spaced labels,0,True,NA,0.7433847629999946,True,greedy,gurobi_optimal,2,False,19,19,0,0,RETURNED,False
BA_60_m2_seed0__h1_k1__r1__gurobi,BA_60_m2_seed0,BA,1,1,gurobi,1,60,116,OPT,19,19,19,19,19,59,,degree / distinct spaced labels,0,True,NA,0.6102036699994642,True,greedy,gurobi_optimal,2,False,19,19,0,0,RETURNED,False
BA_60_m2_seed0__h1_k1__r1__cadical,BA_60_m2_seed0,BA,1,1,cadical,1,60,116,OPT,19,19,19,19,19,59,,degree / distinct spaced labels,0,True,NA,0.28841620799994416,True,greedy,elementary,0,False,19,19,0,0,RETURNED,False
BA_60_m2_seed0__h1_k1__r2__cadical,BA_60_m2_seed0,BA,1,1,cadical,2,60,116,OPT,19,19,19,19,19,59,,degree / distinct spaced labels,0,True,NA,0.42940533500041056,True,greedy,elementary,0,False,19,19,0,0,RETURNED,False
BA_60_m2_seed0__h1_k1__r2__gurobi,BA_60_m2_seed0,BA,1,1,gurobi,2,60,116,OPT,19,19,19,19,19,59,,degree / distinct spaced labels,0,True,NA,0.6854224139997314,True,greedy,gurobi_optimal,2,False,19,19,0,0,RETURNED,False
BA_60_m2_seed0__h2_k1__r0__cadical,BA_60_m2_seed0,BA,2,1,cadical,0,60,116,OPT,20,20,20,20,20,118,,degree / distinct spaced labels,0,True,NA,0.5618472799997107,True,sat,elementary,1,False,20,21,0,1,RETURNED,False
BA_60_m2_seed0__h2_k1__r0__gurobi,BA_60_m2_seed0,BA,2,1,gurobi,0,60,116,OPT,20,20,20,20,20,118,,degree / distinct spaced labels,0,True,NA,0.8654692899999645,True,gurobi_incumbent,gurobi_optimal,2,False,20,21,0,1,RETURNED,False
BA_60_m2_seed0__h2_k1__r1__gurobi,BA_60_m2_seed0,BA,2,1,gurobi,1,60,116,OPT,20,20,20,20,20,118,,degree / distinct spaced labels,0,True,NA,0.971268807999877,True,gurobi_incumbent,gurobi_optimal,2,False,20,21,0,1,RETURNED,False
BA_60_m2_seed0__h2_k1__r1__cadical,BA_60_m2_seed0,BA,2,1,cadical,1,60,116,OPT,20,20,20,20,20,118,,degree / distinct spaced labels,0,True,NA,0.4019919909997043,True,sat,elementary,1,False,20,21,0,1,RETURNED,False
BA_60_m2_seed0__h2_k1__r2__cadical,BA_60_m2_seed0,BA,2,1,cadical,2,60,116,OPT,20,20,20,20,20,118,,degree / distinct spaced labels,0,True,NA,0.4074140820002867,True,sat,elementary,1,False,20,21,0,1,RETURNED,False
BA_60_m2_seed0__h2_k1__r2__gurobi,BA_60_m2_seed0,BA,2,1,gurobi,2,60,116,OPT,20,20,20,20,20,118,,degree / distinct spaced labels,0,True,NA,1.058260492000045,True,gurobi_incumbent,gurobi_optimal,2,False,20,21,0,1,RETURNED,False
BA_60_m2_seed0__h3_k2__r0__cadical,BA_60_m2_seed0,BA,3,2,cadical,0,60,116,OPT,39,39,39,39,39,177,,degree / distinct spaced labels,0,True,NA,1.6628295040000012,True,sat,elementary,2,False,39,42,0,3,RETURNED,False
BA_60_m2_seed0__h3_k2__r0__gurobi,BA_60_m2_seed0,BA,3,2,gurobi,0,60,116,OPT,39,39,39,39,39,177,,degree / distinct spaced labels,0,True,NA,3.864666282000144,True,gurobi_incumbent,gurobi_optimal,3,False,39,42,0,3,RETURNED,False
BA_60_m2_seed0__h3_k2__r1__gurobi,BA_60_m2_seed0,BA,3,2,gurobi,1,60,116,OPT,39,39,39,39,39,177,,degree / distinct spaced labels,0,True,NA,3.703594888000225,True,gurobi_incumbent,gurobi_optimal,3,False,39,42,0,3,RETURNED,False
BA_60_m2_seed0__h3_k2__r1__cadical,BA_60_m2_seed0,BA,3,2,cadical,1,60,116,OPT,39,39,39,39,39,177,,degree / distinct spaced labels,0,True,NA,1.614976542000477,True,sat,elementary,2,False,39,42,0,3,RETURNED,False
BA_60_m2_seed0__h3_k2__r2__cadical,BA_60_m2_seed0,BA,3,2,cadical,2,60,116,OPT,39,39,39,39,39,177,,degree / distinct spaced labels,0,True,NA,1.7709948120000263,True,sat,elementary,2,False,39,42,0,3,RETURNED,False
BA_60_m2_seed0__h3_k2__r2__gurobi,BA_60_m2_seed0,BA,3,2,gurobi,2,60,116,OPT,39,39,39,39,39,177,,degree / distinct spaced labels,0,True,NA,3.7021204080001553,True,gurobi_incumbent,gurobi_optimal,3,False,39,42,0,3,RETURNED,False
BA_60_m2_seed1__h1_k1__r0__gurobi,BA_60_m2_seed1,BA,1,1,gurobi,0,60,116,OPT,18,18,18,18,18,59,,degree / distinct spaced labels,0,True,NA,0.6972439399996802,True,greedy,gurobi_optimal,2,False,18,18,0,0,RETURNED,False
BA_60_m2_seed1__h1_k1__r0__cadical,BA_60_m2_seed1,BA,1,1,cadical,0,60,116,OPT,18,18,18,18,18,59,,degree / distinct spaced labels,0,True,NA,0.27349738300017634,True,greedy,elementary,0,False,18,18,0,0,RETURNED,False
BA_60_m2_seed1__h1_k1__r1__cadical,BA_60_m2_seed1,BA,1,1,cadical,1,60,116,OPT,18,18,18,18,18,59,,degree / distinct spaced labels,0,True,NA,0.3209672889997819,True,greedy,elementary,0,False,18,18,0,0,RETURNED,False
BA_60_m2_seed1__h1_k1__r1__gurobi,BA_60_m2_seed1,BA,1,1,gurobi,1,60,116,OPT,18,18,18,18,18,59,,degree / distinct spaced labels,0,True,NA,0.8068842669999867,True,greedy,gurobi_optimal,2,False,18,18,0,0,RETURNED,False
BA_60_m2_seed1__h1_k1__r2__gurobi,BA_60_m2_seed1,BA,1,1,gurobi,2,60,116,OPT,18,18,18,18,18,59,,degree / distinct spaced labels,0,True,NA,0.5875783470000897,True,greedy,gurobi_optimal,2,False,18,18,0,0,RETURNED,False
BA_60_m2_seed1__h1_k1__r2__cadical,BA_60_m2_seed1,BA,1,1,cadical,2,60,116,OPT,18,18,18,18,18,59,,degree / distinct spaced labels,0,True,NA,0.41248529000040435,True,greedy,elementary,0,False,18,18,0,0,RETURNED,False
BA_60_m2_seed1__h2_k1__r0__gurobi,BA_60_m2_seed1,BA,2,1,gurobi,0,60,116,OPT,19,19,19,19,19,118,,degree / distinct spaced labels,0,True,NA,1.069145032999586,True,gurobi_incumbent,gurobi_optimal,2,False,19,20,0,1,RETURNED,False
BA_60_m2_seed1__h2_k1__r0__cadical,BA_60_m2_seed1,BA,2,1,cadical,0,60,116,OPT,19,19,19,19,19,118,,degree / distinct spaced labels,0,True,NA,0.41161620399998355,True,sat,elementary,1,False,19,20,0,1,RETURNED,False
BA_60_m2_seed1__h2_k1__r1__cadical,BA_60_m2_seed1,BA,2,1,cadical,1,60,116,OPT,19,19,19,19,19,118,,degree / distinct spaced labels,0,True,NA,0.5660150329995304,True,sat,elementary,1,False,19,20,0,1,RETURNED,False
BA_60_m2_seed1__h2_k1__r1__gurobi,BA_60_m2_seed1,BA,2,1,gurobi,1,60,116,OPT,19,19,19,19,19,118,,degree / distinct spaced labels,0,True,NA,1.2473856609994982,True,gurobi_incumbent,gurobi_optimal,2,False,19,20,0,1,RETURNED,False
BA_60_m2_seed1__h2_k1__r2__gurobi,BA_60_m2_seed1,BA,2,1,gurobi,2,60,116,OPT,19,19,19,19,19,118,,degree / distinct spaced labels,0,True,NA,0.9048444279997057,True,gurobi_incumbent,gurobi_optimal,2,False,19,20,0,1,RETURNED,False
BA_60_m2_seed1__h2_k1__r2__cadical,BA_60_m2_seed1,BA,2,1,cadical,2,60,116,OPT,19,19,19,19,19,118,,degree / distinct spaced labels,0,True,NA,0.5415591090004455,True,sat,elementary,1,False,19,20,0,1,RETURNED,False
BA_60_m2_seed1__h3_k2__r0__gurobi,BA_60_m2_seed1,BA,3,2,gurobi,0,60,116,OPT,37,37,37,37,37,177,,degree / distinct spaced labels,0,True,NA,4.309929485000794,True,gurobi_incumbent,gurobi_optimal,5,False,37,42,0,5,RETURNED,False
BA_60_m2_seed1__h3_k2__r0__cadical,BA_60_m2_seed1,BA,3,2,cadical,0,60,116,OPT,37,37,37,37,37,177,,degree / distinct spaced labels,0,True,NA,2.326208418000533,True,sat,elementary,3,False,37,42,0,5,RETURNED,False
BA_60_m2_seed1__h3_k2__r1__cadical,BA_60_m2_seed1,BA,3,2,cadical,1,60,116,OPT,37,37,37,37,37,177,,degree / distinct spaced labels,0,True,NA,2.426092327000333,True,sat,elementary,3,False,37,42,0,5,RETURNED,False
BA_60_m2_seed1__h3_k2__r1__gurobi,BA_60_m2_seed1,BA,3,2,gurobi,1,60,116,OPT,37,37,37,37,37,177,,degree / distinct spaced labels,0,True,NA,4.348617134000051,True,gurobi_incumbent,gurobi_optimal,5,False,37,42,0,5,RETURNED,False
BA_60_m2_seed1__h3_k2__r2__gurobi,BA_60_m2_seed1,BA,3,2,gurobi,2,60,116,OPT,37,37,37,37,37,177,,degree / distinct spaced labels,0,True,NA,4.4484399500006475,True,gurobi_incumbent,gurobi_optimal,5,False,37,42,0,5,RETURNED,False
BA_60_m2_seed1__h3_k2__r2__cadical,BA_60_m2_seed1,BA,3,2,cadical,2,60,116,OPT,37,37,37,37,37,177,,degree / distinct spaced labels,0,True,NA,2.3264410920000955,True,sat,elementary,3,False,37,42,0,5,RETURNED,False
BA_60_m2_seed2__h1_k1__r0__cadical,BA_60_m2_seed2,BA,1,1,cadical,0,60,116,OPT,20,20,20,20,20,59,,degree / distinct spaced labels,0,True,NA,0.2785527979995095,True,greedy,elementary,0,False,20,20,0,0,RETURNED,False
BA_60_m2_seed2__h1_k1__r0__gurobi,BA_60_m2_seed2,BA,1,1,gurobi,0,60,116,OPT,20,20,20,20,20,59,,degree / distinct spaced labels,0,True,NA,0.7622905569996874,True,greedy,gurobi_optimal,2,False,20,20,0,0,RETURNED,False
BA_60_m2_seed2__h1_k1__r1__gurobi,BA_60_m2_seed2,BA,1,1,gurobi,1,60,116,OPT,20,20,20,20,20,59,,degree / distinct spaced labels,0,True,NA,0.5905939340000259,True,greedy,gurobi_optimal,2,False,20,20,0,0,RETURNED,False
BA_60_m2_seed2__h1_k1__r1__cadical,BA_60_m2_seed2,BA,1,1,cadical,1,60,116,OPT,20,20,20,20,20,59,,degree / distinct spaced labels,0,True,NA,0.4187882060004995,True,greedy,elementary,0,False,20,20,0,0,RETURNED,False
BA_60_m2_seed2__h1_k1__r2__cadical,BA_60_m2_seed2,BA,1,1,cadical,2,60,116,OPT,20,20,20,20,20,59,,degree / distinct spaced labels,0,True,NA,0.30806536999989476,True,greedy,elementary,0,False,20,20,0,0,RETURNED,False
BA_60_m2_seed2__h1_k1__r2__gurobi,BA_60_m2_seed2,BA,1,1,gurobi,2,60,116,OPT,20,20,20,20,20,59,,degree / distinct spaced labels,0,True,NA,0.6515447929996299,True,greedy,gurobi_optimal,2,False,20,20,0,0,RETURNED,False
BA_60_m2_seed2__h2_k1__r0__cadical,BA_60_m2_seed2,BA,2,1,cadical,0,60,116,OPT,21,21,21,21,21,118,,degree / distinct spaced labels,0,True,NA,0.5584820280000713,True,sat,elementary,1,False,21,22,0,1,RETURNED,False
BA_60_m2_seed2__h2_k1__r0__gurobi,BA_60_m2_seed2,BA,2,1,gurobi,0,60,116,OPT,21,21,21,21,21,118,,degree / distinct spaced labels,0,True,NA,0.9153137069997683,True,gurobi_incumbent,gurobi_optimal,2,False,21,22,0,1,RETURNED,False
BA_60_m2_seed2__h2_k1__r1__gurobi,BA_60_m2_seed2,BA,2,1,gurobi,1,60,116,OPT,21,21,21,21,21,118,,degree / distinct spaced labels,0,True,NA,1.0562065920003079,True,gurobi_incumbent,gurobi_optimal,2,False,21,22,0,1,RETURNED,False
BA_60_m2_seed2__h2_k1__r1__cadical,BA_60_m2_seed2,BA,2,1,cadical,1,60,116,OPT,21,21,21,21,21,118,,degree / distinct spaced labels,0,True,NA,0.4213825110000471,True,sat,elementary,1,False,21,22,0,1,RETURNED,False
BA_60_m2_seed2__h2_k1__r2__cadical,BA_60_m2_seed2,BA,2,1,cadical,2,60,116,OPT,21,21,21,21,21,118,,degree / distinct spaced labels,0,True,NA,0.45921812999949907,True,sat,elementary,1,False,21,22,0,1,RETURNED,False
BA_60_m2_seed2__h2_k1__r2__gurobi,BA_60_m2_seed2,BA,2,1,gurobi,2,60,116,OPT,21,21,21,21,21,118,,degree / distinct spaced labels,0,True,NA,1.2721578680002494,True,gurobi_incumbent,gurobi_optimal,2,False,21,22,0,1,RETURNED,False
BA_60_m2_seed2__h3_k2__r0__cadical,BA_60_m2_seed2,BA,3,2,cadical,0,60,116,OPT,41,41,41,41,41,177,,degree / distinct spaced labels,0,True,NA,2.5009932270004356,True,sat,elementary,3,False,41,47,0,6,RETURNED,False
BA_60_m2_seed2__h3_k2__r0__gurobi,BA_60_m2_seed2,BA,3,2,gurobi,0,60,116,OPT,41,41,41,41,41,177,,degree / distinct spaced labels,0,True,NA,6.677531697999257,True,gurobi_incumbent,gurobi_optimal,7,False,41,47,0,6,RETURNED,False
BA_60_m2_seed2__h3_k2__r1__gurobi,BA_60_m2_seed2,BA,3,2,gurobi,1,60,116,OPT,41,41,41,41,41,177,,degree / distinct spaced labels,0,True,NA,6.478104939000332,True,gurobi_incumbent,gurobi_optimal,7,False,41,47,0,6,RETURNED,False
BA_60_m2_seed2__h3_k2__r1__cadical,BA_60_m2_seed2,BA,3,2,cadical,1,60,116,OPT,41,41,41,41,41,177,,degree / distinct spaced labels,0,True,NA,2.6161294769999586,True,sat,elementary,3,False,41,47,0,6,RETURNED,False
BA_60_m2_seed2__h3_k2__r2__cadical,BA_60_m2_seed2,BA,3,2,cadical,2,60,116,OPT,41,41,41,41,41,177,,degree / distinct spaced labels,0,True,NA,2.4900918229996023,True,sat,elementary,3,False,41,47,0,6,RETURNED,False
BA_60_m2_seed2__h3_k2__r2__gurobi,BA_60_m2_seed2,BA,3,2,gurobi,2,60,116,OPT,41,41,41,41,41,177,,degree / distinct spaced labels,0,True,NA,6.60089102100028,True,gurobi_incumbent,gurobi_optimal,7,False,41,47,0,6,RETURNED,False
