Graph,Instance,Family,h,k,Method,Repeat,V,E,Status,Recorded_LB,Span,Witness_Span,Degree_LB,Theory_LB,Theory_UB,Exact_Reference,Reference,Excess_Over_Theory_LB,Theory_Optimal,Reference_Check,Wall_Time,Within_Budget
tree_20_seed0__h1_k1__r0__cadical,tree_20_seed0,tree,1,1,cadical,0,20,19,OPT,3,3,3,3,3,3,3,equal-gap tree: h*Delta,0,True,MATCH,0.6864230759993006,True
tree_20_seed0__h1_k1__r0__gurobi,tree_20_seed0,tree,1,1,gurobi,0,20,19,OPT,3,3,3,3,3,3,3,equal-gap tree: h*Delta,0,True,MATCH,0.5373801270006879,True
tree_20_seed0__h1_k1__r1__gurobi,tree_20_seed0,tree,1,1,gurobi,1,20,19,OPT,3,3,3,3,3,3,3,equal-gap tree: h*Delta,0,True,MATCH,0.5674054860000979,True
tree_20_seed0__h1_k1__r1__cadical,tree_20_seed0,tree,1,1,cadical,1,20,19,OPT,3,3,3,3,3,3,3,equal-gap tree: h*Delta,0,True,MATCH,0.3853369300004488,True
tree_20_seed0__h1_k1__r2__cadical,tree_20_seed0,tree,1,1,cadical,2,20,19,OPT,3,3,3,3,3,3,3,equal-gap tree: h*Delta,0,True,MATCH,0.4330922389999614,True
tree_20_seed0__h1_k1__r2__gurobi,tree_20_seed0,tree,1,1,gurobi,2,20,19,OPT,3,3,3,3,3,3,3,equal-gap tree: h*Delta,0,True,MATCH,0.6090736959995411,True
tree_20_seed0__h2_k1__r0__cadical,tree_20_seed0,tree,2,1,cadical,0,20,19,OPT,5,5,5,4,4,38,,degree / distinct spaced labels,1,False,NA,0.40393629699974554,True
tree_20_seed0__h2_k1__r0__gurobi,tree_20_seed0,tree,2,1,gurobi,0,20,19,OPT,5,5,5,4,4,38,,degree / distinct spaced labels,1,False,NA,0.731395629999497,True
tree_20_seed0__h2_k1__r1__gurobi,tree_20_seed0,tree,2,1,gurobi,1,20,19,OPT,5,5,5,4,4,38,,degree / distinct spaced labels,1,False,NA,0.6173203360003754,True
tree_20_seed0__h2_k1__r1__cadical,tree_20_seed0,tree,2,1,cadical,1,20,19,OPT,5,5,5,4,4,38,,degree / distinct spaced labels,1,False,NA,0.48897248299999774,True
tree_20_seed0__h2_k1__r2__cadical,tree_20_seed0,tree,2,1,cadical,2,20,19,OPT,5,5,5,4,4,38,,degree / distinct spaced labels,1,False,NA,0.41405937900071876,True
tree_20_seed0__h2_k1__r2__gurobi,tree_20_seed0,tree,2,1,gurobi,2,20,19,OPT,5,5,5,4,4,38,,degree / distinct spaced labels,1,False,NA,0.5535985410006106,True
tree_20_seed0__h3_k2__r0__cadical,tree_20_seed0,tree,3,2,cadical,0,20,19,OPT,8,8,8,7,7,57,,degree / distinct spaced labels,1,False,NA,0.45005763700009993,True
tree_20_seed0__h3_k2__r0__gurobi,tree_20_seed0,tree,3,2,gurobi,0,20,19,OPT,8,8,8,7,7,57,,degree / distinct spaced labels,1,False,NA,0.601954415000364,True
tree_20_seed0__h3_k2__r1__gurobi,tree_20_seed0,tree,3,2,gurobi,1,20,19,OPT,8,8,8,7,7,57,,degree / distinct spaced labels,1,False,NA,0.6072814550007024,True
tree_20_seed0__h3_k2__r1__cadical,tree_20_seed0,tree,3,2,cadical,1,20,19,OPT,8,8,8,7,7,57,,degree / distinct spaced labels,1,False,NA,0.4442462789993442,True
tree_20_seed0__h3_k2__r2__cadical,tree_20_seed0,tree,3,2,cadical,2,20,19,OPT,8,8,8,7,7,57,,degree / distinct spaced labels,1,False,NA,0.3912131750003027,True
tree_20_seed0__h3_k2__r2__gurobi,tree_20_seed0,tree,3,2,gurobi,2,20,19,OPT,8,8,8,7,7,57,,degree / distinct spaced labels,1,False,NA,0.6568057889999181,True
tree_20_seed1__h1_k1__r0__gurobi,tree_20_seed1,tree,1,1,gurobi,0,20,19,OPT,4,4,4,4,4,4,4,equal-gap tree: h*Delta,0,True,MATCH,0.4820319719992767,True
tree_20_seed1__h1_k1__r0__cadical,tree_20_seed1,tree,1,1,cadical,0,20,19,OPT,4,4,4,4,4,4,4,equal-gap tree: h*Delta,0,True,MATCH,0.36702343899924017,True
tree_20_seed1__h1_k1__r1__cadical,tree_20_seed1,tree,1,1,cadical,1,20,19,OPT,4,4,4,4,4,4,4,equal-gap tree: h*Delta,0,True,MATCH,0.35697033399992506,True
tree_20_seed1__h1_k1__r1__gurobi,tree_20_seed1,tree,1,1,gurobi,1,20,19,OPT,4,4,4,4,4,4,4,equal-gap tree: h*Delta,0,True,MATCH,0.41955648200018913,True
tree_20_seed1__h1_k1__r2__gurobi,tree_20_seed1,tree,1,1,gurobi,2,20,19,OPT,4,4,4,4,4,4,4,equal-gap tree: h*Delta,0,True,MATCH,0.4224075929996616,True
tree_20_seed1__h1_k1__r2__cadical,tree_20_seed1,tree,1,1,cadical,2,20,19,OPT,4,4,4,4,4,4,4,equal-gap tree: h*Delta,0,True,MATCH,0.3611736689999816,True
tree_20_seed1__h2_k1__r0__gurobi,tree_20_seed1,tree,2,1,gurobi,0,20,19,OPT,5,5,5,5,5,38,,degree / distinct spaced labels,0,True,NA,0.44631844499963336,True
tree_20_seed1__h2_k1__r0__cadical,tree_20_seed1,tree,2,1,cadical,0,20,19,OPT,5,5,5,5,5,38,,degree / distinct spaced labels,0,True,NA,0.373118825000347,True
tree_20_seed1__h2_k1__r1__cadical,tree_20_seed1,tree,2,1,cadical,1,20,19,OPT,5,5,5,5,5,38,,degree / distinct spaced labels,0,True,NA,0.37213047400018695,True
tree_20_seed1__h2_k1__r1__gurobi,tree_20_seed1,tree,2,1,gurobi,1,20,19,OPT,5,5,5,5,5,38,,degree / distinct spaced labels,0,True,NA,0.4498149490000287,True
tree_20_seed1__h2_k1__r2__gurobi,tree_20_seed1,tree,2,1,gurobi,2,20,19,OPT,5,5,5,5,5,38,,degree / distinct spaced labels,0,True,NA,0.5240457320005589,True
tree_20_seed1__h2_k1__r2__cadical,tree_20_seed1,tree,2,1,cadical,2,20,19,OPT,5,5,5,5,5,38,,degree / distinct spaced labels,0,True,NA,0.5257243810001455,True
tree_20_seed1__h3_k2__r0__gurobi,tree_20_seed1,tree,3,2,gurobi,0,20,19,OPT,9,9,9,9,9,57,,degree / distinct spaced labels,0,True,NA,0.807904500999939,True
tree_20_seed1__h3_k2__r0__cadical,tree_20_seed1,tree,3,2,cadical,0,20,19,OPT,9,9,9,9,9,57,,degree / distinct spaced labels,0,True,NA,0.5020995570002924,True
tree_20_seed1__h3_k2__r1__cadical,tree_20_seed1,tree,3,2,cadical,1,20,19,OPT,9,9,9,9,9,57,,degree / distinct spaced labels,0,True,NA,0.4255800199998703,True
tree_20_seed1__h3_k2__r1__gurobi,tree_20_seed1,tree,3,2,gurobi,1,20,19,OPT,9,9,9,9,9,57,,degree / distinct spaced labels,0,True,NA,0.5273810220005544,True
tree_20_seed1__h3_k2__r2__gurobi,tree_20_seed1,tree,3,2,gurobi,2,20,19,OPT,9,9,9,9,9,57,,degree / distinct spaced labels,0,True,NA,0.48584783600017545,True
tree_20_seed1__h3_k2__r2__cadical,tree_20_seed1,tree,3,2,cadical,2,20,19,OPT,9,9,9,9,9,57,,degree / distinct spaced labels,0,True,NA,0.3817268310003783,True
tree_20_seed2__h1_k1__r0__cadical,tree_20_seed2,tree,1,1,cadical,0,20,19,OPT,3,3,3,3,3,3,3,equal-gap tree: h*Delta,0,True,MATCH,0.45341629199992894,True
tree_20_seed2__h1_k1__r0__gurobi,tree_20_seed2,tree,1,1,gurobi,0,20,19,OPT,3,3,3,3,3,3,3,equal-gap tree: h*Delta,0,True,MATCH,0.5473401270000977,True
tree_20_seed2__h1_k1__r1__gurobi,tree_20_seed2,tree,1,1,gurobi,1,20,19,OPT,3,3,3,3,3,3,3,equal-gap tree: h*Delta,0,True,MATCH,0.5913091289994554,True
tree_20_seed2__h1_k1__r1__cadical,tree_20_seed2,tree,1,1,cadical,1,20,19,OPT,3,3,3,3,3,3,3,equal-gap tree: h*Delta,0,True,MATCH,0.6521029430005001,True
tree_20_seed2__h1_k1__r2__cadical,tree_20_seed2,tree,1,1,cadical,2,20,19,OPT,3,3,3,3,3,3,3,equal-gap tree: h*Delta,0,True,MATCH,0.7964812349991917,True
tree_20_seed2__h1_k1__r2__gurobi,tree_20_seed2,tree,1,1,gurobi,2,20,19,OPT,3,3,3,3,3,3,3,equal-gap tree: h*Delta,0,True,MATCH,0.5380190730002141,True
tree_20_seed2__h2_k1__r0__cadical,tree_20_seed2,tree,2,1,cadical,0,20,19,OPT,4,4,4,4,4,38,,degree / distinct spaced labels,0,True,NA,0.4735426839997672,True
tree_20_seed2__h2_k1__r0__gurobi,tree_20_seed2,tree,2,1,gurobi,0,20,19,OPT,4,4,4,4,4,38,,degree / distinct spaced labels,0,True,NA,0.734907600999577,True
tree_20_seed2__h2_k1__r1__gurobi,tree_20_seed2,tree,2,1,gurobi,1,20,19,OPT,4,4,4,4,4,38,,degree / distinct spaced labels,0,True,NA,0.5357612269999663,True
tree_20_seed2__h2_k1__r1__cadical,tree_20_seed2,tree,2,1,cadical,1,20,19,OPT,4,4,4,4,4,38,,degree / distinct spaced labels,0,True,NA,0.42157866500019736,True
tree_20_seed2__h2_k1__r2__cadical,tree_20_seed2,tree,2,1,cadical,2,20,19,OPT,4,4,4,4,4,38,,degree / distinct spaced labels,0,True,NA,0.535127000999637,True
tree_20_seed2__h2_k1__r2__gurobi,tree_20_seed2,tree,2,1,gurobi,2,20,19,OPT,4,4,4,4,4,38,,degree / distinct spaced labels,0,True,NA,0.5261656379998385,True
tree_20_seed2__h3_k2__r0__cadical,tree_20_seed2,tree,3,2,cadical,0,20,19,OPT,8,8,8,7,7,57,,degree / distinct spaced labels,1,False,NA,0.47720641600062663,True
tree_20_seed2__h3_k2__r0__gurobi,tree_20_seed2,tree,3,2,gurobi,0,20,19,OPT,8,8,8,7,7,57,,degree / distinct spaced labels,1,False,NA,0.8166667739997138,True
tree_20_seed2__h3_k2__r1__gurobi,tree_20_seed2,tree,3,2,gurobi,1,20,19,OPT,8,8,8,7,7,57,,degree / distinct spaced labels,1,False,NA,0.610142659000303,True
tree_20_seed2__h3_k2__r1__cadical,tree_20_seed2,tree,3,2,cadical,1,20,19,OPT,8,8,8,7,7,57,,degree / distinct spaced labels,1,False,NA,0.430299109999396,True
tree_20_seed2__h3_k2__r2__cadical,tree_20_seed2,tree,3,2,cadical,2,20,19,OPT,8,8,8,7,7,57,,degree / distinct spaced labels,1,False,NA,0.3805551670002387,True
tree_20_seed2__h3_k2__r2__gurobi,tree_20_seed2,tree,3,2,gurobi,2,20,19,OPT,8,8,8,7,7,57,,degree / distinct spaced labels,1,False,NA,0.5445577200007392,True
tree_40_seed0__h1_k1__r0__gurobi,tree_40_seed0,tree,1,1,gurobi,0,40,39,OPT,4,4,4,4,4,4,4,equal-gap tree: h*Delta,0,True,MATCH,0.4477637069994671,True
tree_40_seed0__h1_k1__r0__cadical,tree_40_seed0,tree,1,1,cadical,0,40,39,OPT,4,4,4,4,4,4,4,equal-gap tree: h*Delta,0,True,MATCH,0.6054615469993223,True
tree_40_seed0__h1_k1__r1__cadical,tree_40_seed0,tree,1,1,cadical,1,40,39,OPT,4,4,4,4,4,4,4,equal-gap tree: h*Delta,0,True,MATCH,0.41950481599997147,True
tree_40_seed0__h1_k1__r1__gurobi,tree_40_seed0,tree,1,1,gurobi,1,40,39,OPT,4,4,4,4,4,4,4,equal-gap tree: h*Delta,0,True,MATCH,0.47213190799993754,True
tree_40_seed0__h1_k1__r2__gurobi,tree_40_seed0,tree,1,1,gurobi,2,40,39,OPT,4,4,4,4,4,4,4,equal-gap tree: h*Delta,0,True,MATCH,0.6470713520002391,True
tree_40_seed0__h1_k1__r2__cadical,tree_40_seed0,tree,1,1,cadical,2,40,39,OPT,4,4,4,4,4,4,4,equal-gap tree: h*Delta,0,True,MATCH,0.4256672379997326,True
tree_40_seed0__h2_k1__r0__gurobi,tree_40_seed0,tree,2,1,gurobi,0,40,39,OPT,5,5,5,5,5,78,,degree / distinct spaced labels,0,True,NA,0.4863008849997641,True
tree_40_seed0__h2_k1__r0__cadical,tree_40_seed0,tree,2,1,cadical,0,40,39,OPT,5,5,5,5,5,78,,degree / distinct spaced labels,0,True,NA,0.48069635499996366,True
tree_40_seed0__h2_k1__r1__cadical,tree_40_seed0,tree,2,1,cadical,1,40,39,OPT,5,5,5,5,5,78,,degree / distinct spaced labels,0,True,NA,0.5166724720002094,True
tree_40_seed0__h2_k1__r1__gurobi,tree_40_seed0,tree,2,1,gurobi,1,40,39,OPT,5,5,5,5,5,78,,degree / distinct spaced labels,0,True,NA,0.6274444420005238,True
tree_40_seed0__h2_k1__r2__gurobi,tree_40_seed0,tree,2,1,gurobi,2,40,39,OPT,5,5,5,5,5,78,,degree / distinct spaced labels,0,True,NA,0.4849739569999656,True
tree_40_seed0__h2_k1__r2__cadical,tree_40_seed0,tree,2,1,cadical,2,40,39,OPT,5,5,5,5,5,78,,degree / distinct spaced labels,0,True,NA,0.37902142299935804,True
tree_40_seed0__h3_k2__r0__gurobi,tree_40_seed0,tree,3,2,gurobi,0,40,39,OPT,9,9,9,9,9,117,,degree / distinct spaced labels,0,True,NA,0.7160110949998852,True
tree_40_seed0__h3_k2__r0__cadical,tree_40_seed0,tree,3,2,cadical,0,40,39,OPT,9,9,9,9,9,117,,degree / distinct spaced labels,0,True,NA,0.4508377720003409,True
tree_40_seed0__h3_k2__r1__cadical,tree_40_seed0,tree,3,2,cadical,1,40,39,OPT,9,9,9,9,9,117,,degree / distinct spaced labels,0,True,NA,0.6929452589993161,True
tree_40_seed0__h3_k2__r1__gurobi,tree_40_seed0,tree,3,2,gurobi,1,40,39,OPT,9,9,9,9,9,117,,degree / distinct spaced labels,0,True,NA,0.819854860000305,True
tree_40_seed0__h3_k2__r2__gurobi,tree_40_seed0,tree,3,2,gurobi,2,40,39,OPT,9,9,9,9,9,117,,degree / distinct spaced labels,0,True,NA,0.8334277519998068,True
tree_40_seed0__h3_k2__r2__cadical,tree_40_seed0,tree,3,2,cadical,2,40,39,OPT,9,9,9,9,9,117,,degree / distinct spaced labels,0,True,NA,0.532156128000679,True
tree_40_seed1__h1_k1__r0__cadical,tree_40_seed1,tree,1,1,cadical,0,40,39,OPT,6,6,6,6,6,6,6,equal-gap tree: h*Delta,0,True,MATCH,2.576563052999518,True
tree_40_seed1__h1_k1__r0__gurobi,tree_40_seed1,tree,1,1,gurobi,0,40,39,OPT,6,6,6,6,6,6,6,equal-gap tree: h*Delta,0,True,MATCH,0.7164976089998163,True
tree_40_seed1__h1_k1__r1__gurobi,tree_40_seed1,tree,1,1,gurobi,1,40,39,OPT,6,6,6,6,6,6,6,equal-gap tree: h*Delta,0,True,MATCH,0.5303652209995562,True
tree_40_seed1__h1_k1__r1__cadical,tree_40_seed1,tree,1,1,cadical,1,40,39,OPT,6,6,6,6,6,6,6,equal-gap tree: h*Delta,0,True,MATCH,0.4893814540000676,True
tree_40_seed1__h1_k1__r2__cadical,tree_40_seed1,tree,1,1,cadical,2,40,39,OPT,6,6,6,6,6,6,6,equal-gap tree: h*Delta,0,True,MATCH,0.3953710800005865,True
tree_40_seed1__h1_k1__r2__gurobi,tree_40_seed1,tree,1,1,gurobi,2,40,39,OPT,6,6,6,6,6,6,6,equal-gap tree: h*Delta,0,True,MATCH,0.5359805569996752,True
tree_40_seed1__h2_k1__r0__cadical,tree_40_seed1,tree,2,1,cadical,0,40,39,OPT,7,7,7,7,7,78,,degree / distinct spaced labels,0,True,NA,0.44751342099971225,True
tree_40_seed1__h2_k1__r0__gurobi,tree_40_seed1,tree,2,1,gurobi,0,40,39,OPT,7,7,7,7,7,78,,degree / distinct spaced labels,0,True,NA,0.5655993970003692,True
tree_40_seed1__h2_k1__r1__gurobi,tree_40_seed1,tree,2,1,gurobi,1,40,39,OPT,7,7,7,7,7,78,,degree / distinct spaced labels,0,True,NA,0.5628007959994648,True
tree_40_seed1__h2_k1__r1__cadical,tree_40_seed1,tree,2,1,cadical,1,40,39,OPT,7,7,7,7,7,78,,degree / distinct spaced labels,0,True,NA,0.4368558940004732,True
tree_40_seed1__h2_k1__r2__cadical,tree_40_seed1,tree,2,1,cadical,2,40,39,OPT,7,7,7,7,7,78,,degree / distinct spaced labels,0,True,NA,0.37248237099993275,True
tree_40_seed1__h2_k1__r2__gurobi,tree_40_seed1,tree,2,1,gurobi,2,40,39,OPT,7,7,7,7,7,78,,degree / distinct spaced labels,0,True,NA,0.602094574000148,True
tree_40_seed1__h3_k2__r0__cadical,tree_40_seed1,tree,3,2,cadical,0,40,39,OPT,13,13,13,13,13,117,,degree / distinct spaced labels,0,True,NA,0.3569667659994593,True
tree_40_seed1__h3_k2__r0__gurobi,tree_40_seed1,tree,3,2,gurobi,0,40,39,OPT,13,13,13,13,13,117,,degree / distinct spaced labels,0,True,NA,0.6089971729998069,True
tree_40_seed1__h3_k2__r1__gurobi,tree_40_seed1,tree,3,2,gurobi,1,40,39,OPT,13,13,13,13,13,117,,degree / distinct spaced labels,0,True,NA,0.9025029149997863,True
tree_40_seed1__h3_k2__r1__cadical,tree_40_seed1,tree,3,2,cadical,1,40,39,OPT,13,13,13,13,13,117,,degree / distinct spaced labels,0,True,NA,0.37238020500080893,True
tree_40_seed1__h3_k2__r2__cadical,tree_40_seed1,tree,3,2,cadical,2,40,39,OPT,13,13,13,13,13,117,,degree / distinct spaced labels,0,True,NA,0.3731316869998409,True
tree_40_seed1__h3_k2__r2__gurobi,tree_40_seed1,tree,3,2,gurobi,2,40,39,OPT,13,13,13,13,13,117,,degree / distinct spaced labels,0,True,NA,0.6159876780002378,True
tree_40_seed2__h1_k1__r0__gurobi,tree_40_seed2,tree,1,1,gurobi,0,40,39,OPT,4,4,4,4,4,4,4,equal-gap tree: h*Delta,0,True,MATCH,0.44879562099959003,True
tree_40_seed2__h1_k1__r0__cadical,tree_40_seed2,tree,1,1,cadical,0,40,39,OPT,4,4,4,4,4,4,4,equal-gap tree: h*Delta,0,True,MATCH,0.3549009180005669,True
tree_40_seed2__h1_k1__r1__cadical,tree_40_seed2,tree,1,1,cadical,1,40,39,OPT,4,4,4,4,4,4,4,equal-gap tree: h*Delta,0,True,MATCH,0.45062073999997665,True
tree_40_seed2__h1_k1__r1__gurobi,tree_40_seed2,tree,1,1,gurobi,1,40,39,OPT,4,4,4,4,4,4,4,equal-gap tree: h*Delta,0,True,MATCH,0.43722617300045385,True
tree_40_seed2__h1_k1__r2__gurobi,tree_40_seed2,tree,1,1,gurobi,2,40,39,OPT,4,4,4,4,4,4,4,equal-gap tree: h*Delta,0,True,MATCH,0.6032273640003041,True
tree_40_seed2__h1_k1__r2__cadical,tree_40_seed2,tree,1,1,cadical,2,40,39,OPT,4,4,4,4,4,4,4,equal-gap tree: h*Delta,0,True,MATCH,0.7489294659999359,True
tree_40_seed2__h2_k1__r0__gurobi,tree_40_seed2,tree,2,1,gurobi,0,40,39,OPT,5,5,5,5,5,78,,degree / distinct spaced labels,0,True,NA,0.5895907109998006,True
tree_40_seed2__h2_k1__r0__cadical,tree_40_seed2,tree,2,1,cadical,0,40,39,OPT,5,5,5,5,5,78,,degree / distinct spaced labels,0,True,NA,0.4030872299999828,True
tree_40_seed2__h2_k1__r1__cadical,tree_40_seed2,tree,2,1,cadical,1,40,39,OPT,5,5,5,5,5,78,,degree / distinct spaced labels,0,True,NA,0.4051329310004803,True
tree_40_seed2__h2_k1__r1__gurobi,tree_40_seed2,tree,2,1,gurobi,1,40,39,OPT,5,5,5,5,5,78,,degree / distinct spaced labels,0,True,NA,0.5293285809993904,True
tree_40_seed2__h2_k1__r2__gurobi,tree_40_seed2,tree,2,1,gurobi,2,40,39,OPT,5,5,5,5,5,78,,degree / distinct spaced labels,0,True,NA,0.5377470450002875,True
tree_40_seed2__h2_k1__r2__cadical,tree_40_seed2,tree,2,1,cadical,2,40,39,OPT,5,5,5,5,5,78,,degree / distinct spaced labels,0,True,NA,0.42416262599999754,True
tree_40_seed2__h3_k2__r0__gurobi,tree_40_seed2,tree,3,2,gurobi,0,40,39,OPT,10,10,10,9,9,117,,degree / distinct spaced labels,1,False,NA,0.898966632000338,True
tree_40_seed2__h3_k2__r0__cadical,tree_40_seed2,tree,3,2,cadical,0,40,39,OPT,10,10,10,9,9,117,,degree / distinct spaced labels,1,False,NA,0.433343996000076,True
tree_40_seed2__h3_k2__r1__cadical,tree_40_seed2,tree,3,2,cadical,1,40,39,OPT,10,10,10,9,9,117,,degree / distinct spaced labels,1,False,NA,0.7063319399994725,True
tree_40_seed2__h3_k2__r1__gurobi,tree_40_seed2,tree,3,2,gurobi,1,40,39,OPT,10,10,10,9,9,117,,degree / distinct spaced labels,1,False,NA,0.8601110640001934,True
tree_40_seed2__h3_k2__r2__gurobi,tree_40_seed2,tree,3,2,gurobi,2,40,39,OPT,10,10,10,9,9,117,,degree / distinct spaced labels,1,False,NA,0.8493918189997203,True
tree_40_seed2__h3_k2__r2__cadical,tree_40_seed2,tree,3,2,cadical,2,40,39,OPT,10,10,10,9,9,117,,degree / distinct spaced labels,1,False,NA,0.46795175100032793,True
tree_60_seed0__h1_k1__r0__cadical,tree_60_seed0,tree,1,1,cadical,0,60,59,OPT,5,5,5,5,5,5,5,equal-gap tree: h*Delta,0,True,MATCH,0.38101170899972203,True
tree_60_seed0__h1_k1__r0__gurobi,tree_60_seed0,tree,1,1,gurobi,0,60,59,OPT,5,5,5,5,5,5,5,equal-gap tree: h*Delta,0,True,MATCH,0.6364628420005829,True
tree_60_seed0__h1_k1__r1__gurobi,tree_60_seed0,tree,1,1,gurobi,1,60,59,OPT,5,5,5,5,5,5,5,equal-gap tree: h*Delta,0,True,MATCH,0.6321129730004031,True
tree_60_seed0__h1_k1__r1__cadical,tree_60_seed0,tree,1,1,cadical,1,60,59,OPT,5,5,5,5,5,5,5,equal-gap tree: h*Delta,0,True,MATCH,0.3882320870006879,True
tree_60_seed0__h1_k1__r2__cadical,tree_60_seed0,tree,1,1,cadical,2,60,59,OPT,5,5,5,5,5,5,5,equal-gap tree: h*Delta,0,True,MATCH,0.3978997189997244,True
tree_60_seed0__h1_k1__r2__gurobi,tree_60_seed0,tree,1,1,gurobi,2,60,59,OPT,5,5,5,5,5,5,5,equal-gap tree: h*Delta,0,True,MATCH,0.45751646400003665,True
tree_60_seed0__h2_k1__r0__cadical,tree_60_seed0,tree,2,1,cadical,0,60,59,OPT,6,6,6,6,6,118,,degree / distinct spaced labels,0,True,NA,0.6384368980006911,True
tree_60_seed0__h2_k1__r0__gurobi,tree_60_seed0,tree,2,1,gurobi,0,60,59,OPT,6,6,6,6,6,118,,degree / distinct spaced labels,0,True,NA,0.5328580669993244,True
tree_60_seed0__h2_k1__r1__gurobi,tree_60_seed0,tree,2,1,gurobi,1,60,59,OPT,6,6,6,6,6,118,,degree / distinct spaced labels,0,True,NA,0.6387129859995184,True
tree_60_seed0__h2_k1__r1__cadical,tree_60_seed0,tree,2,1,cadical,1,60,59,OPT,6,6,6,6,6,118,,degree / distinct spaced labels,0,True,NA,0.42837902000064787,True
tree_60_seed0__h2_k1__r2__cadical,tree_60_seed0,tree,2,1,cadical,2,60,59,OPT,6,6,6,6,6,118,,degree / distinct spaced labels,0,True,NA,0.4246530509999502,True
tree_60_seed0__h2_k1__r2__gurobi,tree_60_seed0,tree,2,1,gurobi,2,60,59,OPT,6,6,6,6,6,118,,degree / distinct spaced labels,0,True,NA,0.5419762759993318,True
tree_60_seed0__h3_k2__r0__cadical,tree_60_seed0,tree,3,2,cadical,0,60,59,OPT,11,11,11,11,11,177,,degree / distinct spaced labels,0,True,NA,0.4777006469994376,True
tree_60_seed0__h3_k2__r0__gurobi,tree_60_seed0,tree,3,2,gurobi,0,60,59,OPT,11,11,11,11,11,177,,degree / distinct spaced labels,0,True,NA,0.7705115540002225,True
tree_60_seed0__h3_k2__r1__gurobi,tree_60_seed0,tree,3,2,gurobi,1,60,59,OPT,11,11,11,11,11,177,,degree / distinct spaced labels,0,True,NA,1.0564620889999787,True
tree_60_seed0__h3_k2__r1__cadical,tree_60_seed0,tree,3,2,cadical,1,60,59,OPT,11,11,11,11,11,177,,degree / distinct spaced labels,0,True,NA,1.4294342780003717,True
tree_60_seed0__h3_k2__r2__cadical,tree_60_seed0,tree,3,2,cadical,2,60,59,OPT,11,11,11,11,11,177,,degree / distinct spaced labels,0,True,NA,0.7183907850003379,True
tree_60_seed0__h3_k2__r2__gurobi,tree_60_seed0,tree,3,2,gurobi,2,60,59,OPT,11,11,11,11,11,177,,degree / distinct spaced labels,0,True,NA,0.7815811479995318,True
tree_60_seed1__h1_k1__r0__gurobi,tree_60_seed1,tree,1,1,gurobi,0,60,59,OPT,6,6,6,6,6,6,6,equal-gap tree: h*Delta,0,True,MATCH,0.4972872130001633,True
tree_60_seed1__h1_k1__r0__cadical,tree_60_seed1,tree,1,1,cadical,0,60,59,OPT,6,6,6,6,6,6,6,equal-gap tree: h*Delta,0,True,MATCH,0.4094173530002081,True
tree_60_seed1__h1_k1__r1__cadical,tree_60_seed1,tree,1,1,cadical,1,60,59,OPT,6,6,6,6,6,6,6,equal-gap tree: h*Delta,0,True,MATCH,0.4156012860003102,True
tree_60_seed1__h1_k1__r1__gurobi,tree_60_seed1,tree,1,1,gurobi,1,60,59,OPT,6,6,6,6,6,6,6,equal-gap tree: h*Delta,0,True,MATCH,0.5617300510002678,True
tree_60_seed1__h1_k1__r2__gurobi,tree_60_seed1,tree,1,1,gurobi,2,60,59,OPT,6,6,6,6,6,6,6,equal-gap tree: h*Delta,0,True,MATCH,0.562120889999278,True
tree_60_seed1__h1_k1__r2__cadical,tree_60_seed1,tree,1,1,cadical,2,60,59,OPT,6,6,6,6,6,6,6,equal-gap tree: h*Delta,0,True,MATCH,0.6045200300004581,True
tree_60_seed1__h2_k1__r0__gurobi,tree_60_seed1,tree,2,1,gurobi,0,60,59,OPT,7,7,7,7,7,118,,degree / distinct spaced labels,0,True,NA,0.5418646339994666,True
tree_60_seed1__h2_k1__r0__cadical,tree_60_seed1,tree,2,1,cadical,0,60,59,OPT,7,7,7,7,7,118,,degree / distinct spaced labels,0,True,NA,0.45520325299912656,True
tree_60_seed1__h2_k1__r1__cadical,tree_60_seed1,tree,2,1,cadical,1,60,59,OPT,7,7,7,7,7,118,,degree / distinct spaced labels,0,True,NA,0.38879408999946463,True
tree_60_seed1__h2_k1__r1__gurobi,tree_60_seed1,tree,2,1,gurobi,1,60,59,OPT,7,7,7,7,7,118,,degree / distinct spaced labels,0,True,NA,0.5281192490001558,True
tree_60_seed1__h2_k1__r2__gurobi,tree_60_seed1,tree,2,1,gurobi,2,60,59,OPT,7,7,7,7,7,118,,degree / distinct spaced labels,0,True,NA,0.5109989040001892,True
tree_60_seed1__h2_k1__r2__cadical,tree_60_seed1,tree,2,1,cadical,2,60,59,OPT,7,7,7,7,7,118,,degree / distinct spaced labels,0,True,NA,0.388812856000186,True
tree_60_seed1__h3_k2__r0__gurobi,tree_60_seed1,tree,3,2,gurobi,0,60,59,OPT,13,13,13,13,13,177,,degree / distinct spaced labels,0,True,NA,0.788127644999804,True
tree_60_seed1__h3_k2__r0__cadical,tree_60_seed1,tree,3,2,cadical,0,60,59,OPT,13,13,13,13,13,177,,degree / distinct spaced labels,0,True,NA,0.4491315619998204,True
tree_60_seed1__h3_k2__r1__cadical,tree_60_seed1,tree,3,2,cadical,1,60,59,OPT,13,13,13,13,13,177,,degree / distinct spaced labels,0,True,NA,0.4508150049996402,True
tree_60_seed1__h3_k2__r1__gurobi,tree_60_seed1,tree,3,2,gurobi,1,60,59,OPT,13,13,13,13,13,177,,degree / distinct spaced labels,0,True,NA,0.7754894780000541,True
tree_60_seed1__h3_k2__r2__gurobi,tree_60_seed1,tree,3,2,gurobi,2,60,59,OPT,13,13,13,13,13,177,,degree / distinct spaced labels,0,True,NA,0.7862883970001349,True
tree_60_seed1__h3_k2__r2__cadical,tree_60_seed1,tree,3,2,cadical,2,60,59,OPT,13,13,13,13,13,177,,degree / distinct spaced labels,0,True,NA,0.45702498399987235,True
tree_60_seed2__h1_k1__r0__cadical,tree_60_seed2,tree,1,1,cadical,0,60,59,OPT,4,4,4,4,4,4,4,equal-gap tree: h*Delta,0,True,MATCH,0.3929689140004484,True
tree_60_seed2__h1_k1__r0__gurobi,tree_60_seed2,tree,1,1,gurobi,0,60,59,OPT,4,4,4,4,4,4,4,equal-gap tree: h*Delta,0,True,MATCH,0.47721391199957,True
tree_60_seed2__h1_k1__r1__gurobi,tree_60_seed2,tree,1,1,gurobi,1,60,59,OPT,4,4,4,4,4,4,4,equal-gap tree: h*Delta,0,True,MATCH,0.4885742450005637,True
tree_60_seed2__h1_k1__r1__cadical,tree_60_seed2,tree,1,1,cadical,1,60,59,OPT,4,4,4,4,4,4,4,equal-gap tree: h*Delta,0,True,MATCH,0.37757796599998983,True
tree_60_seed2__h1_k1__r2__cadical,tree_60_seed2,tree,1,1,cadical,2,60,59,OPT,4,4,4,4,4,4,4,equal-gap tree: h*Delta,0,True,MATCH,0.3851260880001064,True
tree_60_seed2__h1_k1__r2__gurobi,tree_60_seed2,tree,1,1,gurobi,2,60,59,OPT,4,4,4,4,4,4,4,equal-gap tree: h*Delta,0,True,MATCH,0.49831472399910126,True
tree_60_seed2__h2_k1__r0__cadical,tree_60_seed2,tree,2,1,cadical,0,60,59,OPT,5,5,5,5,5,118,,degree / distinct spaced labels,0,True,NA,0.6233784400001241,True
tree_60_seed2__h2_k1__r0__gurobi,tree_60_seed2,tree,2,1,gurobi,0,60,59,OPT,5,5,5,5,5,118,,degree / distinct spaced labels,0,True,NA,0.5861534540008506,True
tree_60_seed2__h2_k1__r1__gurobi,tree_60_seed2,tree,2,1,gurobi,1,60,59,OPT,5,5,5,5,5,118,,degree / distinct spaced labels,0,True,NA,0.5793077840007754,True
tree_60_seed2__h2_k1__r1__cadical,tree_60_seed2,tree,2,1,cadical,1,60,59,OPT,5,5,5,5,5,118,,degree / distinct spaced labels,0,True,NA,0.42642284900011873,True
tree_60_seed2__h2_k1__r2__cadical,tree_60_seed2,tree,2,1,cadical,2,60,59,OPT,5,5,5,5,5,118,,degree / distinct spaced labels,0,True,NA,0.42873501399935776,True
tree_60_seed2__h2_k1__r2__gurobi,tree_60_seed2,tree,2,1,gurobi,2,60,59,OPT,5,5,5,5,5,118,,degree / distinct spaced labels,0,True,NA,0.5695819250004206,True
tree_60_seed2__h3_k2__r0__cadical,tree_60_seed2,tree,3,2,cadical,0,60,59,OPT,10,10,10,9,9,177,,degree / distinct spaced labels,1,False,NA,0.5940265509998426,True
tree_60_seed2__h3_k2__r0__gurobi,tree_60_seed2,tree,3,2,gurobi,0,60,59,OPT,10,10,10,9,9,177,,degree / distinct spaced labels,1,False,NA,0.814384641000288,True
tree_60_seed2__h3_k2__r1__gurobi,tree_60_seed2,tree,3,2,gurobi,1,60,59,OPT,10,10,10,9,9,177,,degree / distinct spaced labels,1,False,NA,0.8316928120002558,True
tree_60_seed2__h3_k2__r1__cadical,tree_60_seed2,tree,3,2,cadical,1,60,59,OPT,10,10,10,9,9,177,,degree / distinct spaced labels,1,False,NA,0.5281560359999276,True
tree_60_seed2__h3_k2__r2__cadical,tree_60_seed2,tree,3,2,cadical,2,60,59,OPT,10,10,10,9,9,177,,degree / distinct spaced labels,1,False,NA,1.0389955430000555,True
tree_60_seed2__h3_k2__r2__gurobi,tree_60_seed2,tree,3,2,gurobi,2,60,59,OPT,10,10,10,9,9,177,,degree / distinct spaced labels,1,False,NA,1.277405286999965,True
P_4xP_5__h1_k1__r0__gurobi,P_4xP_5,PxP,1,1,gurobi,0,20,31,OPT,4,4,4,4,4,19,,degree / distinct spaced labels,0,True,NA,0.47984665100011625,True
P_4xP_5__h1_k1__r0__cadical,P_4xP_5,PxP,1,1,cadical,0,20,31,OPT,4,4,4,4,4,19,,degree / distinct spaced labels,0,True,NA,0.35643093699945894,True
P_4xP_5__h1_k1__r1__cadical,P_4xP_5,PxP,1,1,cadical,1,20,31,OPT,4,4,4,4,4,19,,degree / distinct spaced labels,0,True,NA,0.3676387760006037,True
P_4xP_5__h1_k1__r1__gurobi,P_4xP_5,PxP,1,1,gurobi,1,20,31,OPT,4,4,4,4,4,19,,degree / distinct spaced labels,0,True,NA,0.4362692530003187,True
P_4xP_5__h1_k1__r2__gurobi,P_4xP_5,PxP,1,1,gurobi,2,20,31,OPT,4,4,4,4,4,19,,degree / distinct spaced labels,0,True,NA,0.4376891150004667,True
P_4xP_5__h1_k1__r2__cadical,P_4xP_5,PxP,1,1,cadical,2,20,31,OPT,4,4,4,4,4,19,,degree / distinct spaced labels,0,True,NA,0.39091617000030965,True
P_4xP_5__h2_k1__r0__gurobi,P_4xP_5,PxP,2,1,gurobi,0,20,31,OPT,6,6,6,5,6,6,6,"grid L(2,1), both dimensions >=4",0,True,MATCH,0.8069107290002648,True
P_4xP_5__h2_k1__r0__cadical,P_4xP_5,PxP,2,1,cadical,0,20,31,OPT,6,6,6,5,6,6,6,"grid L(2,1), both dimensions >=4",0,True,MATCH,0.3805591379996258,True
P_4xP_5__h2_k1__r1__cadical,P_4xP_5,PxP,2,1,cadical,1,20,31,OPT,6,6,6,5,6,6,6,"grid L(2,1), both dimensions >=4",0,True,MATCH,0.3768661570002223,True
P_4xP_5__h2_k1__r1__gurobi,P_4xP_5,PxP,2,1,gurobi,1,20,31,OPT,6,6,6,5,6,6,6,"grid L(2,1), both dimensions >=4",0,True,MATCH,0.5798827629996595,True
P_4xP_5__h2_k1__r2__gurobi,P_4xP_5,PxP,2,1,gurobi,2,20,31,OPT,6,6,6,5,6,6,6,"grid L(2,1), both dimensions >=4",0,True,MATCH,0.5798412180001833,True
P_4xP_5__h2_k1__r2__cadical,P_4xP_5,PxP,2,1,cadical,2,20,31,OPT,6,6,6,5,6,6,6,"grid L(2,1), both dimensions >=4",0,True,MATCH,0.368838825000239,True
P_4xP_5__h3_k2__r0__gurobi,P_4xP_5,PxP,3,2,gurobi,0,20,31,OPT,11,11,11,9,9,57,,degree / distinct spaced labels,2,False,NA,2.064686538999922,True
P_4xP_5__h3_k2__r0__cadical,P_4xP_5,PxP,3,2,cadical,0,20,31,OPT,11,11,11,9,9,57,,degree / distinct spaced labels,2,False,NA,0.48668552300023293,True
P_4xP_5__h3_k2__r1__cadical,P_4xP_5,PxP,3,2,cadical,1,20,31,OPT,11,11,11,9,9,57,,degree / distinct spaced labels,2,False,NA,0.4248257970002669,True
P_4xP_5__h3_k2__r1__gurobi,P_4xP_5,PxP,3,2,gurobi,1,20,31,OPT,11,11,11,9,9,57,,degree / distinct spaced labels,2,False,NA,2.206949510999948,True
P_4xP_5__h3_k2__r2__gurobi,P_4xP_5,PxP,3,2,gurobi,2,20,31,OPT,11,11,11,9,9,57,,degree / distinct spaced labels,2,False,NA,2.0628188580003552,True
P_4xP_5__h3_k2__r2__cadical,P_4xP_5,PxP,3,2,cadical,2,20,31,OPT,11,11,11,9,9,57,,degree / distinct spaced labels,2,False,NA,0.4734790130005422,True
P_5xP_8__h1_k1__r0__cadical,P_5xP_8,PxP,1,1,cadical,0,40,67,OPT,4,4,4,4,4,39,,degree / distinct spaced labels,0,True,NA,0.36635133199979464,True
P_5xP_8__h1_k1__r0__gurobi,P_5xP_8,PxP,1,1,gurobi,0,40,67,OPT,4,4,4,4,4,39,,degree / distinct spaced labels,0,True,NA,0.6071302370000922,True
P_5xP_8__h1_k1__r1__gurobi,P_5xP_8,PxP,1,1,gurobi,1,40,67,OPT,4,4,4,4,4,39,,degree / distinct spaced labels,0,True,NA,0.6020410340006492,True
P_5xP_8__h1_k1__r1__cadical,P_5xP_8,PxP,1,1,cadical,1,40,67,OPT,4,4,4,4,4,39,,degree / distinct spaced labels,0,True,NA,0.3682446319999144,True
P_5xP_8__h1_k1__r2__cadical,P_5xP_8,PxP,1,1,cadical,2,40,67,OPT,4,4,4,4,4,39,,degree / distinct spaced labels,0,True,NA,0.3661796879996473,True
P_5xP_8__h1_k1__r2__gurobi,P_5xP_8,PxP,1,1,gurobi,2,40,67,OPT,4,4,4,4,4,39,,degree / distinct spaced labels,0,True,NA,0.6077666580004006,True
P_5xP_8__h2_k1__r0__cadical,P_5xP_8,PxP,2,1,cadical,0,40,67,OPT,6,6,6,5,6,6,6,"grid L(2,1), both dimensions >=4",0,True,MATCH,0.6094797890000336,True
P_5xP_8__h2_k1__r0__gurobi,P_5xP_8,PxP,2,1,gurobi,0,40,67,OPT,6,6,6,5,6,6,6,"grid L(2,1), both dimensions >=4",0,True,MATCH,2.107169763999991,True
P_5xP_8__h2_k1__r1__gurobi,P_5xP_8,PxP,2,1,gurobi,1,40,67,OPT,6,6,6,5,6,6,6,"grid L(2,1), both dimensions >=4",0,True,MATCH,2.068073920999268,True
P_5xP_8__h2_k1__r1__cadical,P_5xP_8,PxP,2,1,cadical,1,40,67,OPT,6,6,6,5,6,6,6,"grid L(2,1), both dimensions >=4",0,True,MATCH,0.41776347599989094,True
P_5xP_8__h2_k1__r2__cadical,P_5xP_8,PxP,2,1,cadical,2,40,67,OPT,6,6,6,5,6,6,6,"grid L(2,1), both dimensions >=4",0,True,MATCH,0.4181857370003854,True
P_5xP_8__h2_k1__r2__gurobi,P_5xP_8,PxP,2,1,gurobi,2,40,67,OPT,6,6,6,5,6,6,6,"grid L(2,1), both dimensions >=4",0,True,MATCH,2.2378280189996076,True
P_5xP_8__h3_k2__r0__cadical,P_5xP_8,PxP,3,2,cadical,0,40,67,OPT,11,11,11,9,9,117,,degree / distinct spaced labels,2,False,NA,0.587479734000226,True
P_5xP_8__h3_k2__r0__gurobi,P_5xP_8,PxP,3,2,gurobi,0,40,67,OPT,11,11,11,9,9,117,,degree / distinct spaced labels,2,False,NA,9.661575737000021,True
P_5xP_8__h3_k2__r1__gurobi,P_5xP_8,PxP,3,2,gurobi,1,40,67,OPT,11,11,11,9,9,117,,degree / distinct spaced labels,2,False,NA,9.41847491199951,True
P_5xP_8__h3_k2__r1__cadical,P_5xP_8,PxP,3,2,cadical,1,40,67,OPT,11,11,11,9,9,117,,degree / distinct spaced labels,2,False,NA,0.6520966529997168,True
P_5xP_8__h3_k2__r2__cadical,P_5xP_8,PxP,3,2,cadical,2,40,67,OPT,11,11,11,9,9,117,,degree / distinct spaced labels,2,False,NA,0.5735520830003225,True
P_5xP_8__h3_k2__r2__gurobi,P_5xP_8,PxP,3,2,gurobi,2,40,67,OPT,11,11,11,9,9,117,,degree / distinct spaced labels,2,False,NA,9.328264953000144,True
P_6xP_10__h1_k1__r0__gurobi,P_6xP_10,PxP,1,1,gurobi,0,60,104,OPT,4,4,4,4,4,59,,degree / distinct spaced labels,0,True,NA,0.8109652980001556,True
P_6xP_10__h1_k1__r0__cadical,P_6xP_10,PxP,1,1,cadical,0,60,104,OPT,4,4,4,4,4,59,,degree / distinct spaced labels,0,True,NA,0.38484440600041125,True
P_6xP_10__h1_k1__r1__cadical,P_6xP_10,PxP,1,1,cadical,1,60,104,OPT,4,4,4,4,4,59,,degree / distinct spaced labels,0,True,NA,0.39453910700012784,True
P_6xP_10__h1_k1__r1__gurobi,P_6xP_10,PxP,1,1,gurobi,1,60,104,OPT,4,4,4,4,4,59,,degree / distinct spaced labels,0,True,NA,0.6151384239992694,True
P_6xP_10__h1_k1__r2__gurobi,P_6xP_10,PxP,1,1,gurobi,2,60,104,OPT,4,4,4,4,4,59,,degree / distinct spaced labels,0,True,NA,0.6077684660003797,True
P_6xP_10__h1_k1__r2__cadical,P_6xP_10,PxP,1,1,cadical,2,60,104,OPT,4,4,4,4,4,59,,degree / distinct spaced labels,0,True,NA,0.38318114499998046,True
P_6xP_10__h2_k1__r0__gurobi,P_6xP_10,PxP,2,1,gurobi,0,60,104,OPT,6,6,6,5,6,6,6,"grid L(2,1), both dimensions >=4",0,True,MATCH,8.243605568999556,True
P_6xP_10__h2_k1__r0__cadical,P_6xP_10,PxP,2,1,cadical,0,60,104,OPT,6,6,6,5,6,6,6,"grid L(2,1), both dimensions >=4",0,True,MATCH,0.4820923950001088,True
P_6xP_10__h2_k1__r1__cadical,P_6xP_10,PxP,2,1,cadical,1,60,104,OPT,6,6,6,5,6,6,6,"grid L(2,1), both dimensions >=4",0,True,MATCH,0.6228307629999108,True
P_6xP_10__h2_k1__r1__gurobi,P_6xP_10,PxP,2,1,gurobi,1,60,104,OPT,6,6,6,5,6,6,6,"grid L(2,1), both dimensions >=4",0,True,MATCH,8.3167218159997,True
P_6xP_10__h2_k1__r2__gurobi,P_6xP_10,PxP,2,1,gurobi,2,60,104,OPT,6,6,6,5,6,6,6,"grid L(2,1), both dimensions >=4",0,True,MATCH,8.262959584000782,True
P_6xP_10__h2_k1__r2__cadical,P_6xP_10,PxP,2,1,cadical,2,60,104,OPT,6,6,6,5,6,6,6,"grid L(2,1), both dimensions >=4",0,True,MATCH,0.45776317099989683,True
P_6xP_10__h3_k2__r0__gurobi,P_6xP_10,PxP,3,2,gurobi,0,60,104,FEASIBLE,9,18,18,9,9,177,,degree / distinct spaced labels,9,False,NA,30.009457561999625,False
P_6xP_10__h3_k2__r0__cadical,P_6xP_10,PxP,3,2,cadical,0,60,104,OPT,11,11,11,9,9,177,,degree / distinct spaced labels,2,False,NA,0.7724713759998849,True
P_6xP_10__h3_k2__r1__cadical,P_6xP_10,PxP,3,2,cadical,1,60,104,OPT,11,11,11,9,9,177,,degree / distinct spaced labels,2,False,NA,0.7161846099998002,True
P_6xP_10__h3_k2__r1__gurobi,P_6xP_10,PxP,3,2,gurobi,1,60,104,FEASIBLE,9,18,18,9,9,177,,degree / distinct spaced labels,9,False,NA,30.008016968000447,False
P_6xP_10__h3_k2__r2__gurobi,P_6xP_10,PxP,3,2,gurobi,2,60,104,FEASIBLE,9,18,18,9,9,177,,degree / distinct spaced labels,9,False,NA,30.009149690999948,False
P_6xP_10__h3_k2__r2__cadical,P_6xP_10,PxP,3,2,cadical,2,60,104,OPT,11,11,11,9,9,177,,degree / distinct spaced labels,2,False,NA,1.0452341959999103,True
ER_20_p0.15_seed0__h1_k1__r0__cadical,ER_20_p0.15_seed0,ER,1,1,cadical,0,20,23,OPT,7,7,7,7,7,19,,degree / distinct spaced labels,0,True,NA,0.3791480150002826,True
ER_20_p0.15_seed0__h1_k1__r0__gurobi,ER_20_p0.15_seed0,ER,1,1,gurobi,0,20,23,OPT,7,7,7,7,7,19,,degree / distinct spaced labels,0,True,NA,0.9593719419999616,True
ER_20_p0.15_seed0__h1_k1__r1__gurobi,ER_20_p0.15_seed0,ER,1,1,gurobi,1,20,23,OPT,7,7,7,7,7,19,,degree / distinct spaced labels,0,True,NA,0.4245084929998484,True
ER_20_p0.15_seed0__h1_k1__r1__cadical,ER_20_p0.15_seed0,ER,1,1,cadical,1,20,23,OPT,7,7,7,7,7,19,,degree / distinct spaced labels,0,True,NA,0.3425016949995552,True
ER_20_p0.15_seed0__h1_k1__r2__cadical,ER_20_p0.15_seed0,ER,1,1,cadical,2,20,23,OPT,7,7,7,7,7,19,,degree / distinct spaced labels,0,True,NA,0.34693068400065386,True
ER_20_p0.15_seed0__h1_k1__r2__gurobi,ER_20_p0.15_seed0,ER,1,1,gurobi,2,20,23,OPT,7,7,7,7,7,19,,degree / distinct spaced labels,0,True,NA,0.4124472820003575,True
ER_20_p0.15_seed0__h2_k1__r0__cadical,ER_20_p0.15_seed0,ER,2,1,cadical,0,20,23,OPT,8,8,8,8,8,38,,degree / distinct spaced labels,0,True,NA,0.3600131530001818,True
ER_20_p0.15_seed0__h2_k1__r0__gurobi,ER_20_p0.15_seed0,ER,2,1,gurobi,0,20,23,OPT,8,8,8,8,8,38,,degree / distinct spaced labels,0,True,NA,0.4306509729995014,True
ER_20_p0.15_seed0__h2_k1__r1__gurobi,ER_20_p0.15_seed0,ER,2,1,gurobi,1,20,23,OPT,8,8,8,8,8,38,,degree / distinct spaced labels,0,True,NA,0.4386650649994408,True
ER_20_p0.15_seed0__h2_k1__r1__cadical,ER_20_p0.15_seed0,ER,2,1,cadical,1,20,23,OPT,8,8,8,8,8,38,,degree / distinct spaced labels,0,True,NA,0.3478515240003617,True
ER_20_p0.15_seed0__h2_k1__r2__cadical,ER_20_p0.15_seed0,ER,2,1,cadical,2,20,23,OPT,8,8,8,8,8,38,,degree / distinct spaced labels,0,True,NA,0.3518469239998012,True
ER_20_p0.15_seed0__h2_k1__r2__gurobi,ER_20_p0.15_seed0,ER,2,1,gurobi,2,20,23,OPT,8,8,8,8,8,38,,degree / distinct spaced labels,0,True,NA,0.6487986900001488,True
ER_20_p0.15_seed0__h3_k2__r0__cadical,ER_20_p0.15_seed0,ER,3,2,cadical,0,20,23,OPT,15,15,15,15,15,57,,degree / distinct spaced labels,0,True,NA,0.40281805299946427,True
ER_20_p0.15_seed0__h3_k2__r0__gurobi,ER_20_p0.15_seed0,ER,3,2,gurobi,0,20,23,OPT,15,15,15,15,15,57,,degree / distinct spaced labels,0,True,NA,0.6165483659997335,True
ER_20_p0.15_seed0__h3_k2__r1__gurobi,ER_20_p0.15_seed0,ER,3,2,gurobi,1,20,23,OPT,15,15,15,15,15,57,,degree / distinct spaced labels,0,True,NA,0.6244358880003347,True
ER_20_p0.15_seed0__h3_k2__r1__cadical,ER_20_p0.15_seed0,ER,3,2,cadical,1,20,23,OPT,15,15,15,15,15,57,,degree / distinct spaced labels,0,True,NA,0.4008191659995646,True
ER_20_p0.15_seed0__h3_k2__r2__cadical,ER_20_p0.15_seed0,ER,3,2,cadical,2,20,23,OPT,15,15,15,15,15,57,,degree / distinct spaced labels,0,True,NA,0.4082115020000856,True
ER_20_p0.15_seed0__h3_k2__r2__gurobi,ER_20_p0.15_seed0,ER,3,2,gurobi,2,20,23,OPT,15,15,15,15,15,57,,degree / distinct spaced labels,0,True,NA,0.6250753450003685,True
ER_20_p0.15_seed1__h1_k1__r0__gurobi,ER_20_p0.15_seed1,ER,1,1,gurobi,0,20,28,OPT,7,7,7,7,7,19,,degree / distinct spaced labels,0,True,NA,0.4370500280001579,True
ER_20_p0.15_seed1__h1_k1__r0__cadical,ER_20_p0.15_seed1,ER,1,1,cadical,0,20,28,OPT,7,7,7,7,7,19,,degree / distinct spaced labels,0,True,NA,0.34434790699924633,True
ER_20_p0.15_seed1__h1_k1__r1__cadical,ER_20_p0.15_seed1,ER,1,1,cadical,1,20,28,OPT,7,7,7,7,7,19,,degree / distinct spaced labels,0,True,NA,0.3854666040006123,True
ER_20_p0.15_seed1__h1_k1__r1__gurobi,ER_20_p0.15_seed1,ER,1,1,gurobi,1,20,28,OPT,7,7,7,7,7,19,,degree / distinct spaced labels,0,True,NA,0.4322365769994576,True
ER_20_p0.15_seed1__h1_k1__r2__gurobi,ER_20_p0.15_seed1,ER,1,1,gurobi,2,20,28,OPT,7,7,7,7,7,19,,degree / distinct spaced labels,0,True,NA,0.526549664000413,True
ER_20_p0.15_seed1__h1_k1__r2__cadical,ER_20_p0.15_seed1,ER,1,1,cadical,2,20,28,OPT,7,7,7,7,7,19,,degree / distinct spaced labels,0,True,NA,0.3469313940004213,True
ER_20_p0.15_seed1__h2_k1__r0__gurobi,ER_20_p0.15_seed1,ER,2,1,gurobi,0,20,28,OPT,8,8,8,8,8,38,,degree / distinct spaced labels,0,True,NA,0.45772069600025134,True
ER_20_p0.15_seed1__h2_k1__r0__cadical,ER_20_p0.15_seed1,ER,2,1,cadical,0,20,28,OPT,8,8,8,8,8,38,,degree / distinct spaced labels,0,True,NA,0.3915952750003271,True
ER_20_p0.15_seed1__h2_k1__r1__cadical,ER_20_p0.15_seed1,ER,2,1,cadical,1,20,28,OPT,8,8,8,8,8,38,,degree / distinct spaced labels,0,True,NA,0.3844714289998592,True
ER_20_p0.15_seed1__h2_k1__r1__gurobi,ER_20_p0.15_seed1,ER,2,1,gurobi,1,20,28,OPT,8,8,8,8,8,38,,degree / distinct spaced labels,0,True,NA,0.458997484000065,True
ER_20_p0.15_seed1__h2_k1__r2__gurobi,ER_20_p0.15_seed1,ER,2,1,gurobi,2,20,28,OPT,8,8,8,8,8,38,,degree / distinct spaced labels,0,True,NA,0.4526826790006453,True
ER_20_p0.15_seed1__h2_k1__r2__cadical,ER_20_p0.15_seed1,ER,2,1,cadical,2,20,28,OPT,8,8,8,8,8,38,,degree / distinct spaced labels,0,True,NA,0.3651811390000148,True
ER_20_p0.15_seed1__h3_k2__r0__gurobi,ER_20_p0.15_seed1,ER,3,2,gurobi,0,20,28,OPT,15,15,15,15,15,57,,degree / distinct spaced labels,0,True,NA,0.9541427920003116,True
ER_20_p0.15_seed1__h3_k2__r0__cadical,ER_20_p0.15_seed1,ER,3,2,cadical,0,20,28,OPT,15,15,15,15,15,57,,degree / distinct spaced labels,0,True,NA,0.47628563699981896,True
ER_20_p0.15_seed1__h3_k2__r1__cadical,ER_20_p0.15_seed1,ER,3,2,cadical,1,20,28,OPT,15,15,15,15,15,57,,degree / distinct spaced labels,0,True,NA,0.46607998499985115,True
ER_20_p0.15_seed1__h3_k2__r1__gurobi,ER_20_p0.15_seed1,ER,3,2,gurobi,1,20,28,OPT,15,15,15,15,15,57,,degree / distinct spaced labels,0,True,NA,1.106534505000127,True
ER_20_p0.15_seed1__h3_k2__r2__gurobi,ER_20_p0.15_seed1,ER,3,2,gurobi,2,20,28,OPT,15,15,15,15,15,57,,degree / distinct spaced labels,0,True,NA,1.0067688990002353,True
ER_20_p0.15_seed1__h3_k2__r2__cadical,ER_20_p0.15_seed1,ER,3,2,cadical,2,20,28,OPT,15,15,15,15,15,57,,degree / distinct spaced labels,0,True,NA,0.4877494789998309,True
ER_20_p0.15_seed2__h1_k1__r0__cadical,ER_20_p0.15_seed2,ER,1,1,cadical,0,20,29,OPT,6,6,6,6,6,19,,degree / distinct spaced labels,0,True,NA,0.34905568399972253,True
ER_20_p0.15_seed2__h1_k1__r0__gurobi,ER_20_p0.15_seed2,ER,1,1,gurobi,0,20,29,OPT,6,6,6,6,6,19,,degree / distinct spaced labels,0,True,NA,0.4364041070002713,True
ER_20_p0.15_seed2__h1_k1__r1__gurobi,ER_20_p0.15_seed2,ER,1,1,gurobi,1,20,29,OPT,6,6,6,6,6,19,,degree / distinct spaced labels,0,True,NA,0.4186067959999491,True
ER_20_p0.15_seed2__h1_k1__r1__cadical,ER_20_p0.15_seed2,ER,1,1,cadical,1,20,29,OPT,6,6,6,6,6,19,,degree / distinct spaced labels,0,True,NA,0.34540078500049276,True
ER_20_p0.15_seed2__h1_k1__r2__cadical,ER_20_p0.15_seed2,ER,1,1,cadical,2,20,29,OPT,6,6,6,6,6,19,,degree / distinct spaced labels,0,True,NA,0.3513862780000636,True
ER_20_p0.15_seed2__h1_k1__r2__gurobi,ER_20_p0.15_seed2,ER,1,1,gurobi,2,20,29,OPT,6,6,6,6,6,19,,degree / distinct spaced labels,0,True,NA,0.4382182429999375,True
ER_20_p0.15_seed2__h2_k1__r0__cadical,ER_20_p0.15_seed2,ER,2,1,cadical,0,20,29,OPT,7,7,7,7,7,38,,degree / distinct spaced labels,0,True,NA,0.5031119340001169,True
ER_20_p0.15_seed2__h2_k1__r0__gurobi,ER_20_p0.15_seed2,ER,2,1,gurobi,0,20,29,OPT,7,7,7,7,7,38,,degree / distinct spaced labels,0,True,NA,0.5961430050001582,True
ER_20_p0.15_seed2__h2_k1__r1__gurobi,ER_20_p0.15_seed2,ER,2,1,gurobi,1,20,29,OPT,7,7,7,7,7,38,,degree / distinct spaced labels,0,True,NA,0.5780254649998824,True
ER_20_p0.15_seed2__h2_k1__r1__cadical,ER_20_p0.15_seed2,ER,2,1,cadical,1,20,29,OPT,7,7,7,7,7,38,,degree / distinct spaced labels,0,True,NA,0.3645503359994109,True
ER_20_p0.15_seed2__h2_k1__r2__cadical,ER_20_p0.15_seed2,ER,2,1,cadical,2,20,29,OPT,7,7,7,7,7,38,,degree / distinct spaced labels,0,True,NA,0.36867631200038886,True
ER_20_p0.15_seed2__h2_k1__r2__gurobi,ER_20_p0.15_seed2,ER,2,1,gurobi,2,20,29,OPT,7,7,7,7,7,38,,degree / distinct spaced labels,0,True,NA,0.5662278750005498,True
ER_20_p0.15_seed2__h3_k2__r0__cadical,ER_20_p0.15_seed2,ER,3,2,cadical,0,20,29,OPT,14,14,14,13,13,57,,degree / distinct spaced labels,1,False,NA,0.5388445569997202,True
ER_20_p0.15_seed2__h3_k2__r0__gurobi,ER_20_p0.15_seed2,ER,3,2,gurobi,0,20,29,OPT,14,14,14,13,13,57,,degree / distinct spaced labels,1,False,NA,2.8544702050003252,True
ER_20_p0.15_seed2__h3_k2__r1__gurobi,ER_20_p0.15_seed2,ER,3,2,gurobi,1,20,29,OPT,14,14,14,13,13,57,,degree / distinct spaced labels,1,False,NA,2.9268479120000848,True
ER_20_p0.15_seed2__h3_k2__r1__cadical,ER_20_p0.15_seed2,ER,3,2,cadical,1,20,29,OPT,14,14,14,13,13,57,,degree / distinct spaced labels,1,False,NA,0.620182442999976,True
ER_20_p0.15_seed2__h3_k2__r2__cadical,ER_20_p0.15_seed2,ER,3,2,cadical,2,20,29,OPT,14,14,14,13,13,57,,degree / distinct spaced labels,1,False,NA,0.6081849600004716,True
ER_20_p0.15_seed2__h3_k2__r2__gurobi,ER_20_p0.15_seed2,ER,3,2,gurobi,2,20,29,OPT,14,14,14,13,13,57,,degree / distinct spaced labels,1,False,NA,2.7749009530007243,True
ER_20_p0.30_seed0__h1_k1__r0__gurobi,ER_20_p0.30_seed0,ER,1,1,gurobi,0,20,51,OPT,11,11,11,9,9,19,,degree / distinct spaced labels,2,False,NA,0.5827050300003975,True
ER_20_p0.30_seed0__h1_k1__r0__cadical,ER_20_p0.30_seed0,ER,1,1,cadical,0,20,51,OPT,11,11,11,9,9,19,,degree / distinct spaced labels,2,False,NA,1.3898434130005626,True
ER_20_p0.30_seed0__h1_k1__r1__cadical,ER_20_p0.30_seed0,ER,1,1,cadical,1,20,51,OPT,11,11,11,9,9,19,,degree / distinct spaced labels,2,False,NA,1.3260345740000048,True
ER_20_p0.30_seed0__h1_k1__r1__gurobi,ER_20_p0.30_seed0,ER,1,1,gurobi,1,20,51,OPT,11,11,11,9,9,19,,degree / distinct spaced labels,2,False,NA,0.4622761079999691,True
ER_20_p0.30_seed0__h1_k1__r2__gurobi,ER_20_p0.30_seed0,ER,1,1,gurobi,2,20,51,OPT,11,11,11,9,9,19,,degree / distinct spaced labels,2,False,NA,0.43763019499965594,True
ER_20_p0.30_seed0__h1_k1__r2__cadical,ER_20_p0.30_seed0,ER,1,1,cadical,2,20,51,OPT,11,11,11,9,9,19,,degree / distinct spaced labels,2,False,NA,1.2829561589996956,True
ER_20_p0.30_seed0__h2_k1__r0__gurobi,ER_20_p0.30_seed0,ER,2,1,gurobi,0,20,51,OPT,11,11,11,10,10,38,,degree / distinct spaced labels,1,False,NA,0.9009978040003261,True
ER_20_p0.30_seed0__h2_k1__r0__cadical,ER_20_p0.30_seed0,ER,2,1,cadical,0,20,51,OPT,11,11,11,10,10,38,,degree / distinct spaced labels,1,False,NA,1.0872842440003296,True
ER_20_p0.30_seed0__h2_k1__r1__cadical,ER_20_p0.30_seed0,ER,2,1,cadical,1,20,51,OPT,11,11,11,10,10,38,,degree / distinct spaced labels,1,False,NA,0.895384921999721,True
ER_20_p0.30_seed0__h2_k1__r1__gurobi,ER_20_p0.30_seed0,ER,2,1,gurobi,1,20,51,OPT,11,11,11,10,10,38,,degree / distinct spaced labels,1,False,NA,0.9276891839999735,True
ER_20_p0.30_seed0__h2_k1__r2__gurobi,ER_20_p0.30_seed0,ER,2,1,gurobi,2,20,51,OPT,11,11,11,10,10,38,,degree / distinct spaced labels,1,False,NA,0.9019790069996816,True
ER_20_p0.30_seed0__h2_k1__r2__cadical,ER_20_p0.30_seed0,ER,2,1,cadical,2,20,51,OPT,11,11,11,10,10,38,,degree / distinct spaced labels,1,False,NA,0.9030785320001087,True
ER_20_p0.30_seed0__h3_k2__r0__gurobi,ER_20_p0.30_seed0,ER,3,2,gurobi,0,20,51,OPT,22,22,22,19,19,57,,degree / distinct spaced labels,3,False,NA,7.772263611999733,True
ER_20_p0.30_seed0__h3_k2__r0__cadical,ER_20_p0.30_seed0,ER,3,2,cadical,0,20,51,OPT,22,22,22,19,19,57,,degree / distinct spaced labels,3,False,NA,14.787485597000341,True
ER_20_p0.30_seed0__h3_k2__r1__cadical,ER_20_p0.30_seed0,ER,3,2,cadical,1,20,51,OPT,22,22,22,19,19,57,,degree / distinct spaced labels,3,False,NA,14.748904588000187,True
ER_20_p0.30_seed0__h3_k2__r1__gurobi,ER_20_p0.30_seed0,ER,3,2,gurobi,1,20,51,OPT,22,22,22,19,19,57,,degree / distinct spaced labels,3,False,NA,7.93893270999979,True
ER_20_p0.30_seed0__h3_k2__r2__gurobi,ER_20_p0.30_seed0,ER,3,2,gurobi,2,20,51,OPT,22,22,22,19,19,57,,degree / distinct spaced labels,3,False,NA,7.612347377000333,True
ER_20_p0.30_seed0__h3_k2__r2__cadical,ER_20_p0.30_seed0,ER,3,2,cadical,2,20,51,OPT,22,22,22,19,19,57,,degree / distinct spaced labels,3,False,NA,14.82469605299957,True
ER_20_p0.30_seed1__h1_k1__r0__cadical,ER_20_p0.30_seed1,ER,1,1,cadical,0,20,58,OPT,13,13,13,11,11,19,,degree / distinct spaced labels,2,False,NA,28.46431006000057,True
ER_20_p0.30_seed1__h1_k1__r0__gurobi,ER_20_p0.30_seed1,ER,1,1,gurobi,0,20,58,OPT,13,13,13,11,11,19,,degree / distinct spaced labels,2,False,NA,0.9893118039999536,True
ER_20_p0.30_seed1__h1_k1__r1__gurobi,ER_20_p0.30_seed1,ER,1,1,gurobi,1,20,58,OPT,13,13,13,11,11,19,,degree / distinct spaced labels,2,False,NA,0.49916897200000676,True
ER_20_p0.30_seed1__h1_k1__r1__cadical,ER_20_p0.30_seed1,ER,1,1,cadical,1,20,58,FEASIBLE,11,14,14,11,11,19,,degree / distinct spaced labels,3,False,NA,30.32412861300054,False
ER_20_p0.30_seed1__h1_k1__r2__cadical,ER_20_p0.30_seed1,ER,1,1,cadical,2,20,58,FEASIBLE,11,14,14,11,11,19,,degree / distinct spaced labels,3,False,NA,30.009460188999583,False
ER_20_p0.30_seed1__h1_k1__r2__gurobi,ER_20_p0.30_seed1,ER,1,1,gurobi,2,20,58,OPT,13,13,13,11,11,19,,degree / distinct spaced labels,2,False,NA,0.633512595000866,True
ER_20_p0.30_seed1__h2_k1__r0__cadical,ER_20_p0.30_seed1,ER,2,1,cadical,0,20,58,OPT,13,13,13,12,12,38,,degree / distinct spaced labels,1,False,NA,6.6169508889997815,True
ER_20_p0.30_seed1__h2_k1__r0__gurobi,ER_20_p0.30_seed1,ER,2,1,gurobi,0,20,58,OPT,13,13,13,12,12,38,,degree / distinct spaced labels,1,False,NA,0.9902734279994547,True
ER_20_p0.30_seed1__h2_k1__r1__gurobi,ER_20_p0.30_seed1,ER,2,1,gurobi,1,20,58,OPT,13,13,13,12,12,38,,degree / distinct spaced labels,1,False,NA,0.986690359000022,True
ER_20_p0.30_seed1__h2_k1__r1__cadical,ER_20_p0.30_seed1,ER,2,1,cadical,1,20,58,OPT,13,13,13,12,12,38,,degree / distinct spaced labels,1,False,NA,6.859713717999512,True
ER_20_p0.30_seed1__h2_k1__r2__cadical,ER_20_p0.30_seed1,ER,2,1,cadical,2,20,58,OPT,13,13,13,12,12,38,,degree / distinct spaced labels,1,False,NA,6.6104856689999,True
ER_20_p0.30_seed1__h2_k1__r2__gurobi,ER_20_p0.30_seed1,ER,2,1,gurobi,2,20,58,OPT,13,13,13,12,12,38,,degree / distinct spaced labels,1,False,NA,0.9993906249992506,True
ER_20_p0.30_seed1__h3_k2__r0__cadical,ER_20_p0.30_seed1,ER,3,2,cadical,0,20,58,FEASIBLE,23,35,35,23,23,57,,degree / distinct spaced labels,12,False,NA,30.008599402999607,False
ER_20_p0.30_seed1__h3_k2__r0__gurobi,ER_20_p0.30_seed1,ER,3,2,gurobi,0,20,58,OPT,26,26,26,23,23,57,,degree / distinct spaced labels,3,False,NA,8.4464556920002,True
ER_20_p0.30_seed1__h3_k2__r1__gurobi,ER_20_p0.30_seed1,ER,3,2,gurobi,1,20,58,OPT,26,26,26,23,23,57,,degree / distinct spaced labels,3,False,NA,8.415918592999333,True
ER_20_p0.30_seed1__h3_k2__r1__cadical,ER_20_p0.30_seed1,ER,3,2,cadical,1,20,58,FEASIBLE,23,35,35,23,23,57,,degree / distinct spaced labels,12,False,NA,30.009535752000374,False
ER_20_p0.30_seed1__h3_k2__r2__cadical,ER_20_p0.30_seed1,ER,3,2,cadical,2,20,58,FEASIBLE,23,35,35,23,23,57,,degree / distinct spaced labels,12,False,NA,30.029076429999805,False
ER_20_p0.30_seed1__h3_k2__r2__gurobi,ER_20_p0.30_seed1,ER,3,2,gurobi,2,20,58,OPT,26,26,26,23,23,57,,degree / distinct spaced labels,3,False,NA,11.446411050999814,True
ER_20_p0.30_seed2__h1_k1__r0__gurobi,ER_20_p0.30_seed2,ER,1,1,gurobi,0,20,59,OPT,13,13,13,10,10,19,,degree / distinct spaced labels,3,False,NA,0.772159209000165,True
ER_20_p0.30_seed2__h1_k1__r0__cadical,ER_20_p0.30_seed2,ER,1,1,cadical,0,20,59,OPT,13,13,13,10,10,19,,degree / distinct spaced labels,3,False,NA,14.801410908000435,True
ER_20_p0.30_seed2__h1_k1__r1__cadical,ER_20_p0.30_seed2,ER,1,1,cadical,1,20,59,OPT,13,13,13,10,10,19,,degree / distinct spaced labels,3,False,NA,15.569564286000059,True
ER_20_p0.30_seed2__h1_k1__r1__gurobi,ER_20_p0.30_seed2,ER,1,1,gurobi,1,20,59,OPT,13,13,13,10,10,19,,degree / distinct spaced labels,3,False,NA,1.0548855639999601,True
ER_20_p0.30_seed2__h1_k1__r2__gurobi,ER_20_p0.30_seed2,ER,1,1,gurobi,2,20,59,OPT,13,13,13,10,10,19,,degree / distinct spaced labels,3,False,NA,0.6355615939992276,True
ER_20_p0.30_seed2__h1_k1__r2__cadical,ER_20_p0.30_seed2,ER,1,1,cadical,2,20,59,OPT,13,13,13,10,10,19,,degree / distinct spaced labels,3,False,NA,13.528599472000678,True
ER_20_p0.30_seed2__h2_k1__r0__gurobi,ER_20_p0.30_seed2,ER,2,1,gurobi,0,20,59,OPT,13,13,13,11,11,38,,degree / distinct spaced labels,2,False,NA,0.8359801420001531,True
ER_20_p0.30_seed2__h2_k1__r0__cadical,ER_20_p0.30_seed2,ER,2,1,cadical,0,20,59,OPT,13,13,13,11,11,38,,degree / distinct spaced labels,2,False,NA,7.261212353000701,True
ER_20_p0.30_seed2__h2_k1__r1__cadical,ER_20_p0.30_seed2,ER,2,1,cadical,1,20,59,OPT,13,13,13,11,11,38,,degree / distinct spaced labels,2,False,NA,7.347418000000289,True
ER_20_p0.30_seed2__h2_k1__r1__gurobi,ER_20_p0.30_seed2,ER,2,1,gurobi,1,20,59,OPT,13,13,13,11,11,38,,degree / distinct spaced labels,2,False,NA,0.8972149209994313,True
ER_20_p0.30_seed2__h2_k1__r2__gurobi,ER_20_p0.30_seed2,ER,2,1,gurobi,2,20,59,OPT,13,13,13,11,11,38,,degree / distinct spaced labels,2,False,NA,0.723085878999882,True
ER_20_p0.30_seed2__h2_k1__r2__cadical,ER_20_p0.30_seed2,ER,2,1,cadical,2,20,59,OPT,13,13,13,11,11,38,,degree / distinct spaced labels,2,False,NA,7.154426449999846,True
ER_20_p0.30_seed2__h3_k2__r0__gurobi,ER_20_p0.30_seed2,ER,3,2,gurobi,0,20,59,OPT,26,26,26,21,21,57,,degree / distinct spaced labels,5,False,NA,3.7722476600001755,True
ER_20_p0.30_seed2__h3_k2__r0__cadical,ER_20_p0.30_seed2,ER,3,2,cadical,0,20,59,FEASIBLE,21,34,34,21,21,57,,degree / distinct spaced labels,13,False,NA,30.010111178999978,False
ER_20_p0.30_seed2__h3_k2__r1__cadical,ER_20_p0.30_seed2,ER,3,2,cadical,1,20,59,FEASIBLE,21,34,34,21,21,57,,degree / distinct spaced labels,13,False,NA,30.011123432000204,False
ER_20_p0.30_seed2__h3_k2__r1__gurobi,ER_20_p0.30_seed2,ER,3,2,gurobi,1,20,59,OPT,26,26,26,21,21,57,,degree / distinct spaced labels,5,False,NA,4.324755390000064,True
ER_20_p0.30_seed2__h3_k2__r2__gurobi,ER_20_p0.30_seed2,ER,3,2,gurobi,2,20,59,OPT,26,26,26,21,21,57,,degree / distinct spaced labels,5,False,NA,4.095835582999825,True
ER_20_p0.30_seed2__h3_k2__r2__cadical,ER_20_p0.30_seed2,ER,3,2,cadical,2,20,59,FEASIBLE,21,34,34,21,21,57,,degree / distinct spaced labels,13,False,NA,30.00752412699967,False
BA_20_m2_seed0__h1_k1__r0__cadical,BA_20_m2_seed0,BA,1,1,cadical,0,20,36,OPT,12,12,12,12,12,19,,degree / distinct spaced labels,0,True,NA,0.39033511099933094,True
BA_20_m2_seed0__h1_k1__r0__gurobi,BA_20_m2_seed0,BA,1,1,gurobi,0,20,36,OPT,12,12,12,12,12,19,,degree / distinct spaced labels,0,True,NA,0.44444441700034076,True
BA_20_m2_seed0__h1_k1__r1__gurobi,BA_20_m2_seed0,BA,1,1,gurobi,1,20,36,OPT,12,12,12,12,12,19,,degree / distinct spaced labels,0,True,NA,0.43768671799989534,True
BA_20_m2_seed0__h1_k1__r1__cadical,BA_20_m2_seed0,BA,1,1,cadical,1,20,36,OPT,12,12,12,12,12,19,,degree / distinct spaced labels,0,True,NA,0.42378960799942433,True
BA_20_m2_seed0__h1_k1__r2__cadical,BA_20_m2_seed0,BA,1,1,cadical,2,20,36,OPT,12,12,12,12,12,19,,degree / distinct spaced labels,0,True,NA,0.35745791000044846,True
BA_20_m2_seed0__h1_k1__r2__gurobi,BA_20_m2_seed0,BA,1,1,gurobi,2,20,36,OPT,12,12,12,12,12,19,,degree / distinct spaced labels,0,True,NA,0.42255369200029236,True
BA_20_m2_seed0__h2_k1__r0__cadical,BA_20_m2_seed0,BA,2,1,cadical,0,20,36,OPT,13,13,13,13,13,38,,degree / distinct spaced labels,0,True,NA,0.36741589000030217,True
BA_20_m2_seed0__h2_k1__r0__gurobi,BA_20_m2_seed0,BA,2,1,gurobi,0,20,36,OPT,13,13,13,13,13,38,,degree / distinct spaced labels,0,True,NA,0.47562900699995225,True
BA_20_m2_seed0__h2_k1__r1__gurobi,BA_20_m2_seed0,BA,2,1,gurobi,1,20,36,OPT,13,13,13,13,13,38,,degree / distinct spaced labels,0,True,NA,0.48797162999926513,True
BA_20_m2_seed0__h2_k1__r1__cadical,BA_20_m2_seed0,BA,2,1,cadical,1,20,36,OPT,13,13,13,13,13,38,,degree / distinct spaced labels,0,True,NA,0.3626423590003469,True
BA_20_m2_seed0__h2_k1__r2__cadical,BA_20_m2_seed0,BA,2,1,cadical,2,20,36,OPT,13,13,13,13,13,38,,degree / distinct spaced labels,0,True,NA,0.36249093299920787,True
BA_20_m2_seed0__h2_k1__r2__gurobi,BA_20_m2_seed0,BA,2,1,gurobi,2,20,36,OPT,13,13,13,13,13,38,,degree / distinct spaced labels,0,True,NA,0.6813378400001966,True
BA_20_m2_seed0__h3_k2__r0__cadical,BA_20_m2_seed0,BA,3,2,cadical,0,20,36,OPT,25,25,25,25,25,57,,degree / distinct spaced labels,0,True,NA,0.6542385220000142,True
BA_20_m2_seed0__h3_k2__r0__gurobi,BA_20_m2_seed0,BA,3,2,gurobi,0,20,36,OPT,25,25,25,25,25,57,,degree / distinct spaced labels,0,True,NA,1.0409841149994463,True
BA_20_m2_seed0__h3_k2__r1__gurobi,BA_20_m2_seed0,BA,3,2,gurobi,1,20,36,OPT,25,25,25,25,25,57,,degree / distinct spaced labels,0,True,NA,1.0840437449996898,True
BA_20_m2_seed0__h3_k2__r1__cadical,BA_20_m2_seed0,BA,3,2,cadical,1,20,36,OPT,25,25,25,25,25,57,,degree / distinct spaced labels,0,True,NA,0.6542313989994,True
BA_20_m2_seed0__h3_k2__r2__cadical,BA_20_m2_seed0,BA,3,2,cadical,2,20,36,OPT,25,25,25,25,25,57,,degree / distinct spaced labels,0,True,NA,0.7422739230005391,True
BA_20_m2_seed0__h3_k2__r2__gurobi,BA_20_m2_seed0,BA,3,2,gurobi,2,20,36,OPT,25,25,25,25,25,57,,degree / distinct spaced labels,0,True,NA,1.1276740280000013,True
BA_20_m2_seed1__h1_k1__r0__gurobi,BA_20_m2_seed1,BA,1,1,gurobi,0,20,36,OPT,12,12,12,12,12,19,,degree / distinct spaced labels,0,True,NA,0.46142259200041735,True
BA_20_m2_seed1__h1_k1__r0__cadical,BA_20_m2_seed1,BA,1,1,cadical,0,20,36,OPT,12,12,12,12,12,19,,degree / distinct spaced labels,0,True,NA,0.38324901499981934,True
BA_20_m2_seed1__h1_k1__r1__cadical,BA_20_m2_seed1,BA,1,1,cadical,1,20,36,OPT,12,12,12,12,12,19,,degree / distinct spaced labels,0,True,NA,0.45292001699999673,True
BA_20_m2_seed1__h1_k1__r1__gurobi,BA_20_m2_seed1,BA,1,1,gurobi,1,20,36,OPT,12,12,12,12,12,19,,degree / distinct spaced labels,0,True,NA,0.4162496649996683,True
BA_20_m2_seed1__h1_k1__r2__gurobi,BA_20_m2_seed1,BA,1,1,gurobi,2,20,36,OPT,12,12,12,12,12,19,,degree / distinct spaced labels,0,True,NA,0.41589334800028155,True
BA_20_m2_seed1__h1_k1__r2__cadical,BA_20_m2_seed1,BA,1,1,cadical,2,20,36,OPT,12,12,12,12,12,19,,degree / distinct spaced labels,0,True,NA,0.3475225270003648,True
BA_20_m2_seed1__h2_k1__r0__gurobi,BA_20_m2_seed1,BA,2,1,gurobi,0,20,36,OPT,13,13,13,13,13,38,,degree / distinct spaced labels,0,True,NA,0.47337247199993726,True
BA_20_m2_seed1__h2_k1__r0__cadical,BA_20_m2_seed1,BA,2,1,cadical,0,20,36,OPT,13,13,13,13,13,38,,degree / distinct spaced labels,0,True,NA,0.42684000700046454,True
BA_20_m2_seed1__h2_k1__r1__cadical,BA_20_m2_seed1,BA,2,1,cadical,1,20,36,OPT,13,13,13,13,13,38,,degree / distinct spaced labels,0,True,NA,0.38146401199992397,True
BA_20_m2_seed1__h2_k1__r1__gurobi,BA_20_m2_seed1,BA,2,1,gurobi,1,20,36,OPT,13,13,13,13,13,38,,degree / distinct spaced labels,0,True,NA,0.48963650400037295,True
BA_20_m2_seed1__h2_k1__r2__gurobi,BA_20_m2_seed1,BA,2,1,gurobi,2,20,36,OPT,13,13,13,13,13,38,,degree / distinct spaced labels,0,True,NA,0.48500598600003286,True
BA_20_m2_seed1__h2_k1__r2__cadical,BA_20_m2_seed1,BA,2,1,cadical,2,20,36,OPT,13,13,13,13,13,38,,degree / distinct spaced labels,0,True,NA,0.37005391900038376,True
BA_20_m2_seed1__h3_k2__r0__gurobi,BA_20_m2_seed1,BA,3,2,gurobi,0,20,36,OPT,25,25,25,25,25,57,,degree / distinct spaced labels,0,True,NA,1.0793959620004898,True
BA_20_m2_seed1__h3_k2__r0__cadical,BA_20_m2_seed1,BA,3,2,cadical,0,20,36,OPT,25,25,25,25,25,57,,degree / distinct spaced labels,0,True,NA,0.6297921329996825,True
BA_20_m2_seed1__h3_k2__r1__cadical,BA_20_m2_seed1,BA,3,2,cadical,1,20,36,OPT,25,25,25,25,25,57,,degree / distinct spaced labels,0,True,NA,0.634372016999805,True
BA_20_m2_seed1__h3_k2__r1__gurobi,BA_20_m2_seed1,BA,3,2,gurobi,1,20,36,OPT,25,25,25,25,25,57,,degree / distinct spaced labels,0,True,NA,1.0601948819994504,True
BA_20_m2_seed1__h3_k2__r2__gurobi,BA_20_m2_seed1,BA,3,2,gurobi,2,20,36,OPT,25,25,25,25,25,57,,degree / distinct spaced labels,0,True,NA,1.157678049000424,True
BA_20_m2_seed1__h3_k2__r2__cadical,BA_20_m2_seed1,BA,3,2,cadical,2,20,36,OPT,25,25,25,25,25,57,,degree / distinct spaced labels,0,True,NA,0.743685669000115,True
BA_20_m2_seed2__h1_k1__r0__cadical,BA_20_m2_seed2,BA,1,1,cadical,0,20,36,OPT,13,13,13,12,12,19,,degree / distinct spaced labels,1,False,NA,6.772621598000114,True
BA_20_m2_seed2__h1_k1__r0__gurobi,BA_20_m2_seed2,BA,1,1,gurobi,0,20,36,OPT,13,13,13,12,12,19,,degree / distinct spaced labels,1,False,NA,0.42651757700059534,True
BA_20_m2_seed2__h1_k1__r1__gurobi,BA_20_m2_seed2,BA,1,1,gurobi,1,20,36,OPT,13,13,13,12,12,19,,degree / distinct spaced labels,1,False,NA,0.4182082500001343,True
BA_20_m2_seed2__h1_k1__r1__cadical,BA_20_m2_seed2,BA,1,1,cadical,1,20,36,OPT,13,13,13,12,12,19,,degree / distinct spaced labels,1,False,NA,7.082012712000505,True
BA_20_m2_seed2__h1_k1__r2__cadical,BA_20_m2_seed2,BA,1,1,cadical,2,20,36,OPT,13,13,13,12,12,19,,degree / distinct spaced labels,1,False,NA,6.92204373200002,True
BA_20_m2_seed2__h1_k1__r2__gurobi,BA_20_m2_seed2,BA,1,1,gurobi,2,20,36,OPT,13,13,13,12,12,19,,degree / distinct spaced labels,1,False,NA,0.42054207299952395,True
BA_20_m2_seed2__h2_k1__r0__cadical,BA_20_m2_seed2,BA,2,1,cadical,0,20,36,OPT,13,13,13,13,13,38,,degree / distinct spaced labels,0,True,NA,0.3890588240001307,True
BA_20_m2_seed2__h2_k1__r0__gurobi,BA_20_m2_seed2,BA,2,1,gurobi,0,20,36,OPT,13,13,13,13,13,38,,degree / distinct spaced labels,0,True,NA,0.5062031360002948,True
BA_20_m2_seed2__h2_k1__r1__gurobi,BA_20_m2_seed2,BA,2,1,gurobi,1,20,36,OPT,13,13,13,13,13,38,,degree / distinct spaced labels,0,True,NA,0.4843016130007527,True
BA_20_m2_seed2__h2_k1__r1__cadical,BA_20_m2_seed2,BA,2,1,cadical,1,20,36,OPT,13,13,13,13,13,38,,degree / distinct spaced labels,0,True,NA,0.38947541899960925,True
BA_20_m2_seed2__h2_k1__r2__cadical,BA_20_m2_seed2,BA,2,1,cadical,2,20,36,OPT,13,13,13,13,13,38,,degree / distinct spaced labels,0,True,NA,0.39504525499978627,True
BA_20_m2_seed2__h2_k1__r2__gurobi,BA_20_m2_seed2,BA,2,1,gurobi,2,20,36,OPT,13,13,13,13,13,38,,degree / distinct spaced labels,0,True,NA,0.48926668600051926,True
BA_20_m2_seed2__h3_k2__r0__cadical,BA_20_m2_seed2,BA,3,2,cadical,0,20,36,FEASIBLE,25,30,30,25,25,57,,degree / distinct spaced labels,5,False,NA,30.01010327899985,False
BA_20_m2_seed2__h3_k2__r0__gurobi,BA_20_m2_seed2,BA,3,2,gurobi,0,20,36,OPT,26,26,26,25,25,57,,degree / distinct spaced labels,1,False,NA,4.060131991000162,True
BA_20_m2_seed2__h3_k2__r1__gurobi,BA_20_m2_seed2,BA,3,2,gurobi,1,20,36,OPT,26,26,26,25,25,57,,degree / distinct spaced labels,1,False,NA,3.052749151000171,True
BA_20_m2_seed2__h3_k2__r1__cadical,BA_20_m2_seed2,BA,3,2,cadical,1,20,36,FEASIBLE,25,30,30,25,25,57,,degree / distinct spaced labels,5,False,NA,30.008462462999887,False
BA_20_m2_seed2__h3_k2__r2__cadical,BA_20_m2_seed2,BA,3,2,cadical,2,20,36,FEASIBLE,25,30,30,25,25,57,,degree / distinct spaced labels,5,False,NA,30.007320372999857,False
BA_20_m2_seed2__h3_k2__r2__gurobi,BA_20_m2_seed2,BA,3,2,gurobi,2,20,36,OPT,26,26,26,25,25,57,,degree / distinct spaced labels,1,False,NA,2.4558590579999873,True
ER_40_p0.15_seed0__h1_k1__r0__gurobi,ER_40_p0.15_seed0,ER,1,1,gurobi,0,40,128,OPT,13,13,13,12,12,39,,degree / distinct spaced labels,1,False,NA,13.547711971000354,True
ER_40_p0.15_seed0__h1_k1__r0__cadical,ER_40_p0.15_seed0,ER,1,1,cadical,0,40,128,FEASIBLE,12,17,17,12,12,39,,degree / distinct spaced labels,5,False,NA,30.008621432999462,False
ER_40_p0.15_seed0__h1_k1__r1__cadical,ER_40_p0.15_seed0,ER,1,1,cadical,1,40,128,FEASIBLE,12,17,17,12,12,39,,degree / distinct spaced labels,5,False,NA,30.039610308000192,False
ER_40_p0.15_seed0__h1_k1__r1__gurobi,ER_40_p0.15_seed0,ER,1,1,gurobi,1,40,128,OPT,13,13,13,12,12,39,,degree / distinct spaced labels,1,False,NA,14.059400653999546,True
ER_40_p0.15_seed0__h1_k1__r2__gurobi,ER_40_p0.15_seed0,ER,1,1,gurobi,2,40,128,OPT,13,13,13,12,12,39,,degree / distinct spaced labels,1,False,NA,13.894646054999612,True
ER_40_p0.15_seed0__h1_k1__r2__cadical,ER_40_p0.15_seed0,ER,1,1,cadical,2,40,128,FEASIBLE,12,17,17,12,12,39,,degree / distinct spaced labels,5,False,NA,30.008450424999864,False
ER_40_p0.15_seed0__h2_k1__r0__gurobi,ER_40_p0.15_seed0,ER,2,1,gurobi,0,40,128,FEASIBLE,13,21,21,13,13,78,,degree / distinct spaced labels,8,False,NA,30.012379578000036,False
ER_40_p0.15_seed0__h2_k1__r0__cadical,ER_40_p0.15_seed0,ER,2,1,cadical,0,40,128,FEASIBLE,13,21,21,13,13,78,,degree / distinct spaced labels,8,False,NA,30.00697489200047,False
ER_40_p0.15_seed0__h2_k1__r1__cadical,ER_40_p0.15_seed0,ER,2,1,cadical,1,40,128,FEASIBLE,13,21,21,13,13,78,,degree / distinct spaced labels,8,False,NA,30.00835976399958,False
ER_40_p0.15_seed0__h2_k1__r1__gurobi,ER_40_p0.15_seed0,ER,2,1,gurobi,1,40,128,FEASIBLE,13,21,21,13,13,78,,degree / distinct spaced labels,8,False,NA,30.010894531000304,False
ER_40_p0.15_seed0__h2_k1__r2__gurobi,ER_40_p0.15_seed0,ER,2,1,gurobi,2,40,128,FEASIBLE,13,21,21,13,13,78,,degree / distinct spaced labels,8,False,NA,30.012684413999523,False
ER_40_p0.15_seed0__h2_k1__r2__cadical,ER_40_p0.15_seed0,ER,2,1,cadical,2,40,128,FEASIBLE,13,21,21,13,13,78,,degree / distinct spaced labels,8,False,NA,30.007145196999772,False
ER_40_p0.15_seed0__h3_k2__r0__gurobi,ER_40_p0.15_seed0,ER,3,2,gurobi,0,40,128,FEASIBLE,25,44,44,25,25,117,,degree / distinct spaced labels,19,False,NA,30.020929305999744,False
ER_40_p0.15_seed0__h3_k2__r0__cadical,ER_40_p0.15_seed0,ER,3,2,cadical,0,40,128,FEASIBLE,25,44,44,25,25,117,,degree / distinct spaced labels,19,False,NA,30.011188342000423,False
ER_40_p0.15_seed0__h3_k2__r1__cadical,ER_40_p0.15_seed0,ER,3,2,cadical,1,40,128,FEASIBLE,25,44,44,25,25,117,,degree / distinct spaced labels,19,False,NA,30.01212033400043,False
ER_40_p0.15_seed0__h3_k2__r1__gurobi,ER_40_p0.15_seed0,ER,3,2,gurobi,1,40,128,FEASIBLE,25,44,44,25,25,117,,degree / distinct spaced labels,19,False,NA,30.014317572000436,False
ER_40_p0.15_seed0__h3_k2__r2__gurobi,ER_40_p0.15_seed0,ER,3,2,gurobi,2,40,128,FEASIBLE,25,44,44,25,25,117,,degree / distinct spaced labels,19,False,NA,30.016525467000974,False
ER_40_p0.15_seed0__h3_k2__r2__cadical,ER_40_p0.15_seed0,ER,3,2,cadical,2,40,128,FEASIBLE,25,44,44,25,25,117,,degree / distinct spaced labels,19,False,NA,30.014013920999787,False
ER_40_p0.15_seed1__h1_k1__r0__cadical,ER_40_p0.15_seed1,ER,1,1,cadical,0,40,115,FEASIBLE,10,17,17,10,10,39,,degree / distinct spaced labels,7,False,NA,30.00733044000117,False
ER_40_p0.15_seed1__h1_k1__r0__gurobi,ER_40_p0.15_seed1,ER,1,1,gurobi,0,40,115,OPT,13,13,13,10,10,39,,degree / distinct spaced labels,3,False,NA,27.86058554200099,True
ER_40_p0.15_seed1__h1_k1__r1__gurobi,ER_40_p0.15_seed1,ER,1,1,gurobi,1,40,115,OPT,13,13,13,10,10,39,,degree / distinct spaced labels,3,False,NA,27.384988417001296,True
ER_40_p0.15_seed1__h1_k1__r1__cadical,ER_40_p0.15_seed1,ER,1,1,cadical,1,40,115,FEASIBLE,10,17,17,10,10,39,,degree / distinct spaced labels,7,False,NA,30.0061826809997,False
ER_40_p0.15_seed1__h1_k1__r2__cadical,ER_40_p0.15_seed1,ER,1,1,cadical,2,40,115,FEASIBLE,10,17,17,10,10,39,,degree / distinct spaced labels,7,False,NA,30.00847825600067,False
ER_40_p0.15_seed1__h1_k1__r2__gurobi,ER_40_p0.15_seed1,ER,1,1,gurobi,2,40,115,FEASIBLE,10,17,17,10,10,39,,degree / distinct spaced labels,7,False,NA,30.009095275001528,False
ER_40_p0.15_seed1__h2_k1__r0__cadical,ER_40_p0.15_seed1,ER,2,1,cadical,0,40,115,FEASIBLE,11,20,20,11,11,78,,degree / distinct spaced labels,9,False,NA,30.01167795499896,False
ER_40_p0.15_seed1__h2_k1__r0__gurobi,ER_40_p0.15_seed1,ER,2,1,gurobi,0,40,115,FEASIBLE,11,20,20,11,11,78,,degree / distinct spaced labels,9,False,NA,30.007999055000255,False
ER_40_p0.15_seed1__h2_k1__r1__gurobi,ER_40_p0.15_seed1,ER,2,1,gurobi,1,40,115,FEASIBLE,11,20,20,11,11,78,,degree / distinct spaced labels,9,False,NA,30.007480334999855,False
ER_40_p0.15_seed1__h2_k1__r1__cadical,ER_40_p0.15_seed1,ER,2,1,cadical,1,40,115,FEASIBLE,11,20,20,11,11,78,,degree / distinct spaced labels,9,False,NA,30.011003816000084,False
ER_40_p0.15_seed1__h2_k1__r2__cadical,ER_40_p0.15_seed1,ER,2,1,cadical,2,40,115,FEASIBLE,11,20,20,11,11,78,,degree / distinct spaced labels,9,False,NA,30.007984994001163,False
ER_40_p0.15_seed1__h2_k1__r2__gurobi,ER_40_p0.15_seed1,ER,2,1,gurobi,2,40,115,FEASIBLE,11,20,20,11,11,78,,degree / distinct spaced labels,9,False,NA,30.011110743000245,False
ER_40_p0.15_seed1__h3_k2__r0__cadical,ER_40_p0.15_seed1,ER,3,2,cadical,0,40,115,FEASIBLE,21,43,43,21,21,117,,degree / distinct spaced labels,22,False,NA,30.008911541999623,False
ER_40_p0.15_seed1__h3_k2__r0__gurobi,ER_40_p0.15_seed1,ER,3,2,gurobi,0,40,115,FEASIBLE,21,43,43,21,21,117,,degree / distinct spaced labels,22,False,NA,30.01036928599933,False
ER_40_p0.15_seed1__h3_k2__r1__gurobi,ER_40_p0.15_seed1,ER,3,2,gurobi,1,40,115,FEASIBLE,21,43,43,21,21,117,,degree / distinct spaced labels,22,False,NA,30.013079745998766,False
ER_40_p0.15_seed1__h3_k2__r1__cadical,ER_40_p0.15_seed1,ER,3,2,cadical,1,40,115,FEASIBLE,21,43,43,21,21,117,,degree / distinct spaced labels,22,False,NA,30.021591873000943,False
ER_40_p0.15_seed1__h3_k2__r2__cadical,ER_40_p0.15_seed1,ER,3,2,cadical,2,40,115,FEASIBLE,21,43,43,21,21,117,,degree / distinct spaced labels,22,False,NA,30.01223458700042,False
ER_40_p0.15_seed1__h3_k2__r2__gurobi,ER_40_p0.15_seed1,ER,3,2,gurobi,2,40,115,FEASIBLE,21,43,43,21,21,117,,degree / distinct spaced labels,22,False,NA,30.01789289500084,False
ER_40_p0.15_seed2__h1_k1__r0__gurobi,ER_40_p0.15_seed2,ER,1,1,gurobi,0,40,114,FEASIBLE,12,16,16,12,12,39,,degree / distinct spaced labels,4,False,NA,30.008356345999346,False
ER_40_p0.15_seed2__h1_k1__r0__cadical,ER_40_p0.15_seed2,ER,1,1,cadical,0,40,114,FEASIBLE,12,16,16,12,12,39,,degree / distinct spaced labels,4,False,NA,30.00885938800093,False
ER_40_p0.15_seed2__h1_k1__r1__cadical,ER_40_p0.15_seed2,ER,1,1,cadical,1,40,114,FEASIBLE,12,16,16,12,12,39,,degree / distinct spaced labels,4,False,NA,30.01112341999942,False
ER_40_p0.15_seed2__h1_k1__r1__gurobi,ER_40_p0.15_seed2,ER,1,1,gurobi,1,40,114,FEASIBLE,12,16,16,12,12,39,,degree / distinct spaced labels,4,False,NA,30.00863534400014,False
ER_40_p0.15_seed2__h1_k1__r2__gurobi,ER_40_p0.15_seed2,ER,1,1,gurobi,2,40,114,FEASIBLE,12,16,16,12,12,39,,degree / distinct spaced labels,4,False,NA,30.012796449000234,False
ER_40_p0.15_seed2__h1_k1__r2__cadical,ER_40_p0.15_seed2,ER,1,1,cadical,2,40,114,FEASIBLE,12,16,16,12,12,39,,degree / distinct spaced labels,4,False,NA,30.00799457499852,False
ER_40_p0.15_seed2__h2_k1__r0__gurobi,ER_40_p0.15_seed2,ER,2,1,gurobi,0,40,114,FEASIBLE,13,20,20,13,13,78,,degree / distinct spaced labels,7,False,NA,30.01095235200046,False
ER_40_p0.15_seed2__h2_k1__r0__cadical,ER_40_p0.15_seed2,ER,2,1,cadical,0,40,114,FEASIBLE,13,20,20,13,13,78,,degree / distinct spaced labels,7,False,NA,30.00990895799987,False
ER_40_p0.15_seed2__h2_k1__r1__cadical,ER_40_p0.15_seed2,ER,2,1,cadical,1,40,114,FEASIBLE,13,20,20,13,13,78,,degree / distinct spaced labels,7,False,NA,30.008581893000155,False
ER_40_p0.15_seed2__h2_k1__r1__gurobi,ER_40_p0.15_seed2,ER,2,1,gurobi,1,40,114,FEASIBLE,13,20,20,13,13,78,,degree / distinct spaced labels,7,False,NA,30.02095936099977,False
ER_40_p0.15_seed2__h2_k1__r2__gurobi,ER_40_p0.15_seed2,ER,2,1,gurobi,2,40,114,FEASIBLE,13,20,20,13,13,78,,degree / distinct spaced labels,7,False,NA,30.007972746998348,False
ER_40_p0.15_seed2__h2_k1__r2__cadical,ER_40_p0.15_seed2,ER,2,1,cadical,2,40,114,FEASIBLE,13,20,20,13,13,78,,degree / distinct spaced labels,7,False,NA,30.012248193999767,False
ER_40_p0.15_seed2__h3_k2__r0__gurobi,ER_40_p0.15_seed2,ER,3,2,gurobi,0,40,114,FEASIBLE,25,39,39,25,25,117,,degree / distinct spaced labels,14,False,NA,30.010979140999552,False
ER_40_p0.15_seed2__h3_k2__r0__cadical,ER_40_p0.15_seed2,ER,3,2,cadical,0,40,114,FEASIBLE,25,39,39,25,25,117,,degree / distinct spaced labels,14,False,NA,30.013708204998693,False
ER_40_p0.15_seed2__h3_k2__r1__cadical,ER_40_p0.15_seed2,ER,3,2,cadical,1,40,114,FEASIBLE,25,39,39,25,25,117,,degree / distinct spaced labels,14,False,NA,30.01004482099961,False
ER_40_p0.15_seed2__h3_k2__r1__gurobi,ER_40_p0.15_seed2,ER,3,2,gurobi,1,40,114,FEASIBLE,25,39,39,25,25,117,,degree / distinct spaced labels,14,False,NA,30.014255150999816,False
ER_40_p0.15_seed2__h3_k2__r2__gurobi,ER_40_p0.15_seed2,ER,3,2,gurobi,2,40,114,FEASIBLE,25,39,39,25,25,117,,degree / distinct spaced labels,14,False,NA,30.010322555999664,False
ER_40_p0.15_seed2__h3_k2__r2__cadical,ER_40_p0.15_seed2,ER,3,2,cadical,2,40,114,FEASIBLE,25,39,39,25,25,117,,degree / distinct spaced labels,14,False,NA,30.01083663300051,False
ER_40_p0.30_seed0__h1_k1__r0__cadical,ER_40_p0.30_seed0,ER,1,1,cadical,0,40,230,FEASIBLE,17,35,35,17,17,39,,degree / distinct spaced labels,18,False,NA,30.011177622000105,False
ER_40_p0.30_seed0__h1_k1__r0__gurobi,ER_40_p0.30_seed0,ER,1,1,gurobi,0,40,230,OPT,32,32,32,17,17,39,,degree / distinct spaced labels,15,False,NA,2.056953336999868,True
ER_40_p0.30_seed0__h1_k1__r1__gurobi,ER_40_p0.30_seed0,ER,1,1,gurobi,1,40,230,OPT,32,32,32,17,17,39,,degree / distinct spaced labels,15,False,NA,1.581017240001529,True
ER_40_p0.30_seed0__h1_k1__r1__cadical,ER_40_p0.30_seed0,ER,1,1,cadical,1,40,230,FEASIBLE,17,35,35,17,17,39,,degree / distinct spaced labels,18,False,NA,30.012125375000323,False
ER_40_p0.30_seed0__h1_k1__r2__cadical,ER_40_p0.30_seed0,ER,1,1,cadical,2,40,230,FEASIBLE,17,35,35,17,17,39,,degree / distinct spaced labels,18,False,NA,30.011675972000376,False
ER_40_p0.30_seed0__h1_k1__r2__gurobi,ER_40_p0.30_seed0,ER,1,1,gurobi,2,40,230,OPT,32,32,32,17,17,39,,degree / distinct spaced labels,15,False,NA,1.8472498070004804,True
ER_40_p0.30_seed0__h2_k1__r0__cadical,ER_40_p0.30_seed0,ER,2,1,cadical,0,40,230,FEASIBLE,18,36,36,18,18,78,,degree / distinct spaced labels,18,False,NA,30.011716851999154,False
ER_40_p0.30_seed0__h2_k1__r0__gurobi,ER_40_p0.30_seed0,ER,2,1,gurobi,0,40,230,OPT,32,32,32,18,18,78,,degree / distinct spaced labels,14,False,NA,4.893442819000484,True
ER_40_p0.30_seed0__h2_k1__r1__gurobi,ER_40_p0.30_seed0,ER,2,1,gurobi,1,40,230,OPT,32,32,32,18,18,78,,degree / distinct spaced labels,14,False,NA,4.143703842999457,True
ER_40_p0.30_seed0__h2_k1__r1__cadical,ER_40_p0.30_seed0,ER,2,1,cadical,1,40,230,FEASIBLE,18,36,36,18,18,78,,degree / distinct spaced labels,18,False,NA,30.01316616999975,False
ER_40_p0.30_seed0__h2_k1__r2__cadical,ER_40_p0.30_seed0,ER,2,1,cadical,2,40,230,FEASIBLE,18,36,36,18,18,78,,degree / distinct spaced labels,18,False,NA,30.01048240900127,False
ER_40_p0.30_seed0__h2_k1__r2__gurobi,ER_40_p0.30_seed0,ER,2,1,gurobi,2,40,230,OPT,32,32,32,18,18,78,,degree / distinct spaced labels,14,False,NA,4.302509168001052,True
ER_40_p0.30_seed0__h3_k2__r0__cadical,ER_40_p0.30_seed0,ER,3,2,cadical,0,40,230,FEASIBLE,35,77,77,35,35,117,,degree / distinct spaced labels,42,False,NA,30.02421137500096,False
ER_40_p0.30_seed0__h3_k2__r0__gurobi,ER_40_p0.30_seed0,ER,3,2,gurobi,0,40,230,FEASIBLE,35,77,77,35,35,117,,degree / distinct spaced labels,42,False,NA,30.022927419999178,False
ER_40_p0.30_seed0__h3_k2__r1__gurobi,ER_40_p0.30_seed0,ER,3,2,gurobi,1,40,230,FEASIBLE,35,77,77,35,35,117,,degree / distinct spaced labels,42,False,NA,30.03713604299992,False
ER_40_p0.30_seed0__h3_k2__r1__cadical,ER_40_p0.30_seed0,ER,3,2,cadical,1,40,230,FEASIBLE,35,77,77,35,35,117,,degree / distinct spaced labels,42,False,NA,30.01772496800004,False
ER_40_p0.30_seed0__h3_k2__r2__cadical,ER_40_p0.30_seed0,ER,3,2,cadical,2,40,230,FEASIBLE,35,77,77,35,35,117,,degree / distinct spaced labels,42,False,NA,30.02192238200041,False
ER_40_p0.30_seed0__h3_k2__r2__gurobi,ER_40_p0.30_seed0,ER,3,2,gurobi,2,40,230,FEASIBLE,35,77,77,35,35,117,,degree / distinct spaced labels,42,False,NA,30.02275271399958,False
ER_40_p0.30_seed1__h1_k1__r0__gurobi,ER_40_p0.30_seed1,ER,1,1,gurobi,0,40,228,OPT,32,32,32,17,17,39,,degree / distinct spaced labels,15,False,NA,1.5531274730001314,True
ER_40_p0.30_seed1__h1_k1__r0__cadical,ER_40_p0.30_seed1,ER,1,1,cadical,0,40,228,FEASIBLE,17,32,32,17,17,39,,degree / distinct spaced labels,15,False,NA,30.0083504919985,False
ER_40_p0.30_seed1__h1_k1__r1__cadical,ER_40_p0.30_seed1,ER,1,1,cadical,1,40,228,FEASIBLE,17,32,32,17,17,39,,degree / distinct spaced labels,15,False,NA,30.01097398099955,False
ER_40_p0.30_seed1__h1_k1__r1__gurobi,ER_40_p0.30_seed1,ER,1,1,gurobi,1,40,228,OPT,32,32,32,17,17,39,,degree / distinct spaced labels,15,False,NA,1.6475553059990489,True
ER_40_p0.30_seed1__h1_k1__r2__gurobi,ER_40_p0.30_seed1,ER,1,1,gurobi,2,40,228,OPT,32,32,32,17,17,39,,degree / distinct spaced labels,15,False,NA,1.1647256769992964,True
ER_40_p0.30_seed1__h1_k1__r2__cadical,ER_40_p0.30_seed1,ER,1,1,cadical,2,40,228,FEASIBLE,17,32,32,17,17,39,,degree / distinct spaced labels,15,False,NA,30.01281010099956,False
ER_40_p0.30_seed1__h2_k1__r0__gurobi,ER_40_p0.30_seed1,ER,2,1,gurobi,0,40,228,OPT,32,32,32,18,18,78,,degree / distinct spaced labels,14,False,NA,6.616138150000552,True
ER_40_p0.30_seed1__h2_k1__r0__cadical,ER_40_p0.30_seed1,ER,2,1,cadical,0,40,228,FEASIBLE,18,36,36,18,18,78,,degree / distinct spaced labels,18,False,NA,30.01185617400006,False
ER_40_p0.30_seed1__h2_k1__r1__cadical,ER_40_p0.30_seed1,ER,2,1,cadical,1,40,228,FEASIBLE,18,36,36,18,18,78,,degree / distinct spaced labels,18,False,NA,30.01313971899981,False
ER_40_p0.30_seed1__h2_k1__r1__gurobi,ER_40_p0.30_seed1,ER,2,1,gurobi,1,40,228,OPT,32,32,32,18,18,78,,degree / distinct spaced labels,14,False,NA,5.331930487000136,True
ER_40_p0.30_seed1__h2_k1__r2__gurobi,ER_40_p0.30_seed1,ER,2,1,gurobi,2,40,228,OPT,32,32,32,18,18,78,,degree / distinct spaced labels,14,False,NA,4.604237818999536,True
ER_40_p0.30_seed1__h2_k1__r2__cadical,ER_40_p0.30_seed1,ER,2,1,cadical,2,40,228,FEASIBLE,18,36,36,18,18,78,,degree / distinct spaced labels,18,False,NA,30.012732154998957,False
ER_40_p0.30_seed1__h3_k2__r0__gurobi,ER_40_p0.30_seed1,ER,3,2,gurobi,0,40,228,FEASIBLE,35,78,78,35,35,117,,degree / distinct spaced labels,43,False,NA,30.01751262000107,False
ER_40_p0.30_seed1__h3_k2__r0__cadical,ER_40_p0.30_seed1,ER,3,2,cadical,0,40,228,FEASIBLE,35,78,78,35,35,117,,degree / distinct spaced labels,43,False,NA,30.017507144000774,False
ER_40_p0.30_seed1__h3_k2__r1__cadical,ER_40_p0.30_seed1,ER,3,2,cadical,1,40,228,FEASIBLE,35,78,78,35,35,117,,degree / distinct spaced labels,43,False,NA,30.01866261699979,False
ER_40_p0.30_seed1__h3_k2__r1__gurobi,ER_40_p0.30_seed1,ER,3,2,gurobi,1,40,228,FEASIBLE,35,78,78,35,35,117,,degree / distinct spaced labels,43,False,NA,30.019002719000127,False
ER_40_p0.30_seed1__h3_k2__r2__gurobi,ER_40_p0.30_seed1,ER,3,2,gurobi,2,40,228,FEASIBLE,35,78,78,35,35,117,,degree / distinct spaced labels,43,False,NA,30.019728682998903,False
ER_40_p0.30_seed1__h3_k2__r2__cadical,ER_40_p0.30_seed1,ER,3,2,cadical,2,40,228,FEASIBLE,35,78,78,35,35,117,,degree / distinct spaced labels,43,False,NA,30.02058212599877,False
ER_40_p0.30_seed2__h1_k1__r0__cadical,ER_40_p0.30_seed2,ER,1,1,cadical,0,40,226,FEASIBLE,18,32,32,18,18,39,,degree / distinct spaced labels,14,False,NA,30.010070493999592,False
ER_40_p0.30_seed2__h1_k1__r0__gurobi,ER_40_p0.30_seed2,ER,1,1,gurobi,0,40,226,OPT,32,32,32,18,18,39,,degree / distinct spaced labels,14,False,NA,0.804642318000333,True
ER_40_p0.30_seed2__h1_k1__r1__gurobi,ER_40_p0.30_seed2,ER,1,1,gurobi,1,40,226,OPT,32,32,32,18,18,39,,degree / distinct spaced labels,14,False,NA,0.9246443420015567,True
ER_40_p0.30_seed2__h1_k1__r1__cadical,ER_40_p0.30_seed2,ER,1,1,cadical,1,40,226,FEASIBLE,18,32,32,18,18,39,,degree / distinct spaced labels,14,False,NA,30.00882757999898,False
ER_40_p0.30_seed2__h1_k1__r2__cadical,ER_40_p0.30_seed2,ER,1,1,cadical,2,40,226,FEASIBLE,18,32,32,18,18,39,,degree / distinct spaced labels,14,False,NA,30.00834611800019,False
ER_40_p0.30_seed2__h1_k1__r2__gurobi,ER_40_p0.30_seed2,ER,1,1,gurobi,2,40,226,OPT,32,32,32,18,18,39,,degree / distinct spaced labels,14,False,NA,0.8220534140000382,True
ER_40_p0.30_seed2__h2_k1__r0__cadical,ER_40_p0.30_seed2,ER,2,1,cadical,0,40,226,FEASIBLE,19,36,36,19,19,78,,degree / distinct spaced labels,17,False,NA,30.008356000000276,False
ER_40_p0.30_seed2__h2_k1__r0__gurobi,ER_40_p0.30_seed2,ER,2,1,gurobi,0,40,226,OPT,32,32,32,19,19,78,,degree / distinct spaced labels,13,False,NA,3.7292488039984164,True
ER_40_p0.30_seed2__h2_k1__r1__gurobi,ER_40_p0.30_seed2,ER,2,1,gurobi,1,40,226,OPT,32,32,32,19,19,78,,degree / distinct spaced labels,13,False,NA,3.4520056640012626,True
ER_40_p0.30_seed2__h2_k1__r1__cadical,ER_40_p0.30_seed2,ER,2,1,cadical,1,40,226,FEASIBLE,19,36,36,19,19,78,,degree / distinct spaced labels,17,False,NA,30.012301157001275,False
ER_40_p0.30_seed2__h2_k1__r2__cadical,ER_40_p0.30_seed2,ER,2,1,cadical,2,40,226,FEASIBLE,19,36,36,19,19,78,,degree / distinct spaced labels,17,False,NA,30.00780282499909,False
ER_40_p0.30_seed2__h2_k1__r2__gurobi,ER_40_p0.30_seed2,ER,2,1,gurobi,2,40,226,OPT,32,32,32,19,19,78,,degree / distinct spaced labels,13,False,NA,3.453559175999544,True
ER_40_p0.30_seed2__h3_k2__r0__cadical,ER_40_p0.30_seed2,ER,3,2,cadical,0,40,226,FEASIBLE,37,74,74,37,37,117,,degree / distinct spaced labels,37,False,NA,30.019928361001803,False
ER_40_p0.30_seed2__h3_k2__r0__gurobi,ER_40_p0.30_seed2,ER,3,2,gurobi,0,40,226,OPT,64,64,64,37,37,117,,degree / distinct spaced labels,27,False,NA,20.982856303000517,True
ER_40_p0.30_seed2__h3_k2__r1__gurobi,ER_40_p0.30_seed2,ER,3,2,gurobi,1,40,226,OPT,64,64,64,37,37,117,,degree / distinct spaced labels,27,False,NA,22.188754216000234,True
ER_40_p0.30_seed2__h3_k2__r1__cadical,ER_40_p0.30_seed2,ER,3,2,cadical,1,40,226,FEASIBLE,37,74,74,37,37,117,,degree / distinct spaced labels,37,False,NA,30.01814758099863,False
ER_40_p0.30_seed2__h3_k2__r2__cadical,ER_40_p0.30_seed2,ER,3,2,cadical,2,40,226,FEASIBLE,37,74,74,37,37,117,,degree / distinct spaced labels,37,False,NA,30.02089366799919,False
ER_40_p0.30_seed2__h3_k2__r2__gurobi,ER_40_p0.30_seed2,ER,3,2,gurobi,2,40,226,OPT,64,64,64,37,37,117,,degree / distinct spaced labels,27,False,NA,22.561170207000032,True
BA_40_m2_seed0__h1_k1__r0__gurobi,BA_40_m2_seed0,BA,1,1,gurobi,0,40,76,OPT,15,15,15,15,15,39,,degree / distinct spaced labels,0,True,NA,0.7651992930004781,True
BA_40_m2_seed0__h1_k1__r0__cadical,BA_40_m2_seed0,BA,1,1,cadical,0,40,76,OPT,15,15,15,15,15,39,,degree / distinct spaced labels,0,True,NA,0.3086540789990977,True
BA_40_m2_seed0__h1_k1__r1__cadical,BA_40_m2_seed0,BA,1,1,cadical,1,40,76,OPT,15,15,15,15,15,39,,degree / distinct spaced labels,0,True,NA,0.30612688600012916,True
BA_40_m2_seed0__h1_k1__r1__gurobi,BA_40_m2_seed0,BA,1,1,gurobi,1,40,76,OPT,15,15,15,15,15,39,,degree / distinct spaced labels,0,True,NA,0.5097480459990038,True
BA_40_m2_seed0__h1_k1__r2__gurobi,BA_40_m2_seed0,BA,1,1,gurobi,2,40,76,OPT,15,15,15,15,15,39,,degree / distinct spaced labels,0,True,NA,0.49760731300011685,True
BA_40_m2_seed0__h1_k1__r2__cadical,BA_40_m2_seed0,BA,1,1,cadical,2,40,76,OPT,15,15,15,15,15,39,,degree / distinct spaced labels,0,True,NA,0.45120239999960177,True
BA_40_m2_seed0__h2_k1__r0__gurobi,BA_40_m2_seed0,BA,2,1,gurobi,0,40,76,OPT,16,16,16,16,16,78,,degree / distinct spaced labels,0,True,NA,0.8820235740004136,True
BA_40_m2_seed0__h2_k1__r0__cadical,BA_40_m2_seed0,BA,2,1,cadical,0,40,76,OPT,16,16,16,16,16,78,,degree / distinct spaced labels,0,True,NA,0.49040441200122586,True
BA_40_m2_seed0__h2_k1__r1__cadical,BA_40_m2_seed0,BA,2,1,cadical,1,40,76,OPT,16,16,16,16,16,78,,degree / distinct spaced labels,0,True,NA,0.4337248020001425,True
BA_40_m2_seed0__h2_k1__r1__gurobi,BA_40_m2_seed0,BA,2,1,gurobi,1,40,76,OPT,16,16,16,16,16,78,,degree / distinct spaced labels,0,True,NA,0.8362995839997893,True
BA_40_m2_seed0__h2_k1__r2__gurobi,BA_40_m2_seed0,BA,2,1,gurobi,2,40,76,OPT,16,16,16,16,16,78,,degree / distinct spaced labels,0,True,NA,1.0588785659983841,True
BA_40_m2_seed0__h2_k1__r2__cadical,BA_40_m2_seed0,BA,2,1,cadical,2,40,76,OPT,16,16,16,16,16,78,,degree / distinct spaced labels,0,True,NA,0.4785243359983724,True
BA_40_m2_seed0__h3_k2__r0__gurobi,BA_40_m2_seed0,BA,3,2,gurobi,0,40,76,OPT,31,31,31,31,31,117,,degree / distinct spaced labels,0,True,NA,3.599956940000993,True
BA_40_m2_seed0__h3_k2__r0__cadical,BA_40_m2_seed0,BA,3,2,cadical,0,40,76,OPT,31,31,31,31,31,117,,degree / distinct spaced labels,0,True,NA,1.4639589649996196,True
BA_40_m2_seed0__h3_k2__r1__cadical,BA_40_m2_seed0,BA,3,2,cadical,1,40,76,OPT,31,31,31,31,31,117,,degree / distinct spaced labels,0,True,NA,1.8064367679999123,True
BA_40_m2_seed0__h3_k2__r1__gurobi,BA_40_m2_seed0,BA,3,2,gurobi,1,40,76,OPT,31,31,31,31,31,117,,degree / distinct spaced labels,0,True,NA,4.769794797999566,True
BA_40_m2_seed0__h3_k2__r2__gurobi,BA_40_m2_seed0,BA,3,2,gurobi,2,40,76,OPT,31,31,31,31,31,117,,degree / distinct spaced labels,0,True,NA,2.939127441000892,True
BA_40_m2_seed0__h3_k2__r2__cadical,BA_40_m2_seed0,BA,3,2,cadical,2,40,76,OPT,31,31,31,31,31,117,,degree / distinct spaced labels,0,True,NA,1.825891803999184,True
BA_40_m2_seed1__h1_k1__r0__cadical,BA_40_m2_seed1,BA,1,1,cadical,0,40,76,OPT,16,16,16,16,16,39,,degree / distinct spaced labels,0,True,NA,0.3185506219997478,True
BA_40_m2_seed1__h1_k1__r0__gurobi,BA_40_m2_seed1,BA,1,1,gurobi,0,40,76,OPT,16,16,16,16,16,39,,degree / distinct spaced labels,0,True,NA,0.6138609669997095,True
BA_40_m2_seed1__h1_k1__r1__gurobi,BA_40_m2_seed1,BA,1,1,gurobi,1,40,76,OPT,16,16,16,16,16,39,,degree / distinct spaced labels,0,True,NA,0.8803756939996674,True
BA_40_m2_seed1__h1_k1__r1__cadical,BA_40_m2_seed1,BA,1,1,cadical,1,40,76,OPT,16,16,16,16,16,39,,degree / distinct spaced labels,0,True,NA,0.41772467299961136,True
BA_40_m2_seed1__h1_k1__r2__cadical,BA_40_m2_seed1,BA,1,1,cadical,2,40,76,OPT,16,16,16,16,16,39,,degree / distinct spaced labels,0,True,NA,0.4813070090003748,True
BA_40_m2_seed1__h1_k1__r2__gurobi,BA_40_m2_seed1,BA,1,1,gurobi,2,40,76,OPT,16,16,16,16,16,39,,degree / distinct spaced labels,0,True,NA,0.5882755200000247,True
BA_40_m2_seed1__h2_k1__r0__cadical,BA_40_m2_seed1,BA,2,1,cadical,0,40,76,OPT,17,17,17,17,17,78,,degree / distinct spaced labels,0,True,NA,0.43374404800124466,True
BA_40_m2_seed1__h2_k1__r0__gurobi,BA_40_m2_seed1,BA,2,1,gurobi,0,40,76,OPT,17,17,17,17,17,78,,degree / distinct spaced labels,0,True,NA,0.6493594370003848,True
BA_40_m2_seed1__h2_k1__r1__gurobi,BA_40_m2_seed1,BA,2,1,gurobi,1,40,76,OPT,17,17,17,17,17,78,,degree / distinct spaced labels,0,True,NA,0.6422856989993306,True
BA_40_m2_seed1__h2_k1__r1__cadical,BA_40_m2_seed1,BA,2,1,cadical,1,40,76,OPT,17,17,17,17,17,78,,degree / distinct spaced labels,0,True,NA,0.3688946069996746,True
BA_40_m2_seed1__h2_k1__r2__cadical,BA_40_m2_seed1,BA,2,1,cadical,2,40,76,OPT,17,17,17,17,17,78,,degree / distinct spaced labels,0,True,NA,0.3654549870007031,True
BA_40_m2_seed1__h2_k1__r2__gurobi,BA_40_m2_seed1,BA,2,1,gurobi,2,40,76,OPT,17,17,17,17,17,78,,degree / distinct spaced labels,0,True,NA,0.601413214000786,True
BA_40_m2_seed1__h3_k2__r0__cadical,BA_40_m2_seed1,BA,3,2,cadical,0,40,76,OPT,33,33,33,33,33,117,,degree / distinct spaced labels,0,True,NA,1.5240629780000745,True
BA_40_m2_seed1__h3_k2__r0__gurobi,BA_40_m2_seed1,BA,3,2,gurobi,0,40,76,OPT,33,33,33,33,33,117,,degree / distinct spaced labels,0,True,NA,2.3970535209991795,True
BA_40_m2_seed1__h3_k2__r1__gurobi,BA_40_m2_seed1,BA,3,2,gurobi,1,40,76,OPT,33,33,33,33,33,117,,degree / distinct spaced labels,0,True,NA,2.8478895190000912,True
BA_40_m2_seed1__h3_k2__r1__cadical,BA_40_m2_seed1,BA,3,2,cadical,1,40,76,OPT,33,33,33,33,33,117,,degree / distinct spaced labels,0,True,NA,1.9488814350006578,True
BA_40_m2_seed1__h3_k2__r2__cadical,BA_40_m2_seed1,BA,3,2,cadical,2,40,76,OPT,33,33,33,33,33,117,,degree / distinct spaced labels,0,True,NA,2.1935602630001085,True
BA_40_m2_seed1__h3_k2__r2__gurobi,BA_40_m2_seed1,BA,3,2,gurobi,2,40,76,OPT,33,33,33,33,33,117,,degree / distinct spaced labels,0,True,NA,2.6617851890005113,True
BA_40_m2_seed2__h1_k1__r0__gurobi,BA_40_m2_seed2,BA,1,1,gurobi,0,40,76,OPT,16,16,16,16,16,39,,degree / distinct spaced labels,0,True,NA,0.5089471189985488,True
BA_40_m2_seed2__h1_k1__r0__cadical,BA_40_m2_seed2,BA,1,1,cadical,0,40,76,OPT,16,16,16,16,16,39,,degree / distinct spaced labels,0,True,NA,0.3416531750008289,True
BA_40_m2_seed2__h1_k1__r1__cadical,BA_40_m2_seed2,BA,1,1,cadical,1,40,76,OPT,16,16,16,16,16,39,,degree / distinct spaced labels,0,True,NA,0.3201392549999582,True
BA_40_m2_seed2__h1_k1__r1__gurobi,BA_40_m2_seed2,BA,1,1,gurobi,1,40,76,OPT,16,16,16,16,16,39,,degree / distinct spaced labels,0,True,NA,0.4578362089996517,True
BA_40_m2_seed2__h1_k1__r2__gurobi,BA_40_m2_seed2,BA,1,1,gurobi,2,40,76,OPT,16,16,16,16,16,39,,degree / distinct spaced labels,0,True,NA,0.4845262309991085,True
BA_40_m2_seed2__h1_k1__r2__cadical,BA_40_m2_seed2,BA,1,1,cadical,2,40,76,OPT,16,16,16,16,16,39,,degree / distinct spaced labels,0,True,NA,0.3079139360015688,True
BA_40_m2_seed2__h2_k1__r0__gurobi,BA_40_m2_seed2,BA,2,1,gurobi,0,40,76,OPT,17,17,17,17,17,78,,degree / distinct spaced labels,0,True,NA,0.6889581930008717,True
BA_40_m2_seed2__h2_k1__r0__cadical,BA_40_m2_seed2,BA,2,1,cadical,0,40,76,OPT,17,17,17,17,17,78,,degree / distinct spaced labels,0,True,NA,0.3847401450002508,True
BA_40_m2_seed2__h2_k1__r1__cadical,BA_40_m2_seed2,BA,2,1,cadical,1,40,76,OPT,17,17,17,17,17,78,,degree / distinct spaced labels,0,True,NA,0.36641939600121987,True
BA_40_m2_seed2__h2_k1__r1__gurobi,BA_40_m2_seed2,BA,2,1,gurobi,1,40,76,OPT,17,17,17,17,17,78,,degree / distinct spaced labels,0,True,NA,0.6246401210009935,True
BA_40_m2_seed2__h2_k1__r2__gurobi,BA_40_m2_seed2,BA,2,1,gurobi,2,40,76,OPT,17,17,17,17,17,78,,degree / distinct spaced labels,0,True,NA,0.822048124999128,True
BA_40_m2_seed2__h2_k1__r2__cadical,BA_40_m2_seed2,BA,2,1,cadical,2,40,76,OPT,17,17,17,17,17,78,,degree / distinct spaced labels,0,True,NA,0.35143267800049216,True
BA_40_m2_seed2__h3_k2__r0__gurobi,BA_40_m2_seed2,BA,3,2,gurobi,0,40,76,OPT,33,33,33,33,33,117,,degree / distinct spaced labels,0,True,NA,2.72444133099998,True
BA_40_m2_seed2__h3_k2__r0__cadical,BA_40_m2_seed2,BA,3,2,cadical,0,40,76,OPT,33,33,33,33,33,117,,degree / distinct spaced labels,0,True,NA,0.9965477450004983,True
BA_40_m2_seed2__h3_k2__r1__cadical,BA_40_m2_seed2,BA,3,2,cadical,1,40,76,OPT,33,33,33,33,33,117,,degree / distinct spaced labels,0,True,NA,0.98890481700073,True
BA_40_m2_seed2__h3_k2__r1__gurobi,BA_40_m2_seed2,BA,3,2,gurobi,1,40,76,OPT,33,33,33,33,33,117,,degree / distinct spaced labels,0,True,NA,3.2700410219986225,True
BA_40_m2_seed2__h3_k2__r2__gurobi,BA_40_m2_seed2,BA,3,2,gurobi,2,40,76,OPT,33,33,33,33,33,117,,degree / distinct spaced labels,0,True,NA,4.835102992001339,True
BA_40_m2_seed2__h3_k2__r2__cadical,BA_40_m2_seed2,BA,3,2,cadical,2,40,76,OPT,33,33,33,33,33,117,,degree / distinct spaced labels,0,True,NA,1.817324527000892,True
ER_60_p0.15_seed0__h1_k1__r0__cadical,ER_60_p0.15_seed0,ER,1,1,cadical,0,60,272,FEASIBLE,17,27,27,17,17,59,,degree / distinct spaced labels,10,False,NA,30.00988573200084,False
ER_60_p0.15_seed0__h1_k1__r0__gurobi,ER_60_p0.15_seed0,ER,1,1,gurobi,0,60,272,FEASIBLE,17,27,27,17,17,59,,degree / distinct spaced labels,10,False,NA,30.007382727999357,False
ER_60_p0.15_seed0__h1_k1__r1__gurobi,ER_60_p0.15_seed0,ER,1,1,gurobi,1,60,272,FEASIBLE,17,27,27,17,17,59,,degree / distinct spaced labels,10,False,NA,30.010381801999756,False
ER_60_p0.15_seed0__h1_k1__r1__cadical,ER_60_p0.15_seed0,ER,1,1,cadical,1,60,272,FEASIBLE,17,27,27,17,17,59,,degree / distinct spaced labels,10,False,NA,30.007403300000078,False
ER_60_p0.15_seed0__h1_k1__r2__cadical,ER_60_p0.15_seed0,ER,1,1,cadical,2,60,272,FEASIBLE,17,27,27,17,17,59,,degree / distinct spaced labels,10,False,NA,30.008792012000413,False
ER_60_p0.15_seed0__h1_k1__r2__gurobi,ER_60_p0.15_seed0,ER,1,1,gurobi,2,60,272,FEASIBLE,17,27,27,17,17,59,,degree / distinct spaced labels,10,False,NA,30.00935040799959,False
ER_60_p0.15_seed0__h2_k1__r0__cadical,ER_60_p0.15_seed0,ER,2,1,cadical,0,60,272,FEASIBLE,18,31,31,18,18,118,,degree / distinct spaced labels,13,False,NA,30.009804000999793,False
ER_60_p0.15_seed0__h2_k1__r0__gurobi,ER_60_p0.15_seed0,ER,2,1,gurobi,0,60,272,FEASIBLE,18,31,31,18,18,118,,degree / distinct spaced labels,13,False,NA,30.01347149800131,False
ER_60_p0.15_seed0__h2_k1__r1__gurobi,ER_60_p0.15_seed0,ER,2,1,gurobi,1,60,272,FEASIBLE,18,31,31,18,18,118,,degree / distinct spaced labels,13,False,NA,30.014344043000165,False
ER_60_p0.15_seed0__h2_k1__r1__cadical,ER_60_p0.15_seed0,ER,2,1,cadical,1,60,272,FEASIBLE,18,31,31,18,18,118,,degree / distinct spaced labels,13,False,NA,30.02310532499905,False
ER_60_p0.15_seed0__h2_k1__r2__cadical,ER_60_p0.15_seed0,ER,2,1,cadical,2,60,272,FEASIBLE,18,31,31,18,18,118,,degree / distinct spaced labels,13,False,NA,30.01096959499955,False
ER_60_p0.15_seed0__h2_k1__r2__gurobi,ER_60_p0.15_seed0,ER,2,1,gurobi,2,60,272,FEASIBLE,18,31,31,18,18,118,,degree / distinct spaced labels,13,False,NA,30.01422629800072,False
ER_60_p0.15_seed0__h3_k2__r0__cadical,ER_60_p0.15_seed0,ER,3,2,cadical,0,60,272,FEASIBLE,35,66,66,35,35,177,,degree / distinct spaced labels,31,False,NA,30.020007354998597,False
ER_60_p0.15_seed0__h3_k2__r0__gurobi,ER_60_p0.15_seed0,ER,3,2,gurobi,0,60,272,FEASIBLE,35,66,66,35,35,177,,degree / distinct spaced labels,31,False,NA,30.038346955001543,False
ER_60_p0.15_seed0__h3_k2__r1__gurobi,ER_60_p0.15_seed0,ER,3,2,gurobi,1,60,272,FEASIBLE,35,66,66,35,35,177,,degree / distinct spaced labels,31,False,NA,30.032632729999023,False
ER_60_p0.15_seed0__h3_k2__r1__cadical,ER_60_p0.15_seed0,ER,3,2,cadical,1,60,272,FEASIBLE,35,66,66,35,35,177,,degree / distinct spaced labels,31,False,NA,30.01860297300118,False
ER_60_p0.15_seed0__h3_k2__r2__cadical,ER_60_p0.15_seed0,ER,3,2,cadical,2,60,272,FEASIBLE,35,66,66,35,35,177,,degree / distinct spaced labels,31,False,NA,30.021323923998352,False
ER_60_p0.15_seed0__h3_k2__r2__gurobi,ER_60_p0.15_seed0,ER,3,2,gurobi,2,60,272,FEASIBLE,35,66,66,35,35,177,,degree / distinct spaced labels,31,False,NA,30.023878097001216,False
ER_60_p0.15_seed1__h1_k1__r0__gurobi,ER_60_p0.15_seed1,ER,1,1,gurobi,0,60,261,FEASIBLE,17,27,27,17,17,59,,degree / distinct spaced labels,10,False,NA,30.011319143000946,False
ER_60_p0.15_seed1__h1_k1__r0__cadical,ER_60_p0.15_seed1,ER,1,1,cadical,0,60,261,FEASIBLE,17,27,27,17,17,59,,degree / distinct spaced labels,10,False,NA,30.008459159000267,False
ER_60_p0.15_seed1__h1_k1__r1__cadical,ER_60_p0.15_seed1,ER,1,1,cadical,1,60,261,FEASIBLE,17,27,27,17,17,59,,degree / distinct spaced labels,10,False,NA,30.01072797099914,False
ER_60_p0.15_seed1__h1_k1__r1__gurobi,ER_60_p0.15_seed1,ER,1,1,gurobi,1,60,261,FEASIBLE,17,27,27,17,17,59,,degree / distinct spaced labels,10,False,NA,30.013993577000292,False
ER_60_p0.15_seed1__h1_k1__r2__gurobi,ER_60_p0.15_seed1,ER,1,1,gurobi,2,60,261,FEASIBLE,17,27,27,17,17,59,,degree / distinct spaced labels,10,False,NA,30.008909239000786,False
ER_60_p0.15_seed1__h1_k1__r2__cadical,ER_60_p0.15_seed1,ER,1,1,cadical,2,60,261,FEASIBLE,17,27,27,17,17,59,,degree / distinct spaced labels,10,False,NA,30.008561681001083,False
ER_60_p0.15_seed1__h2_k1__r0__gurobi,ER_60_p0.15_seed1,ER,2,1,gurobi,0,60,261,FEASIBLE,18,31,31,18,18,118,,degree / distinct spaced labels,13,False,NA,30.010610757000904,False
ER_60_p0.15_seed1__h2_k1__r0__cadical,ER_60_p0.15_seed1,ER,2,1,cadical,0,60,261,FEASIBLE,18,31,31,18,18,118,,degree / distinct spaced labels,13,False,NA,30.009173681999528,False
ER_60_p0.15_seed1__h2_k1__r1__cadical,ER_60_p0.15_seed1,ER,2,1,cadical,1,60,261,FEASIBLE,18,31,31,18,18,118,,degree / distinct spaced labels,13,False,NA,30.01070569500007,False
ER_60_p0.15_seed1__h2_k1__r1__gurobi,ER_60_p0.15_seed1,ER,2,1,gurobi,1,60,261,FEASIBLE,18,31,31,18,18,118,,degree / distinct spaced labels,13,False,NA,30.011903825001355,False
ER_60_p0.15_seed1__h2_k1__r2__gurobi,ER_60_p0.15_seed1,ER,2,1,gurobi,2,60,261,FEASIBLE,18,31,31,18,18,118,,degree / distinct spaced labels,13,False,NA,30.013062678001006,False
ER_60_p0.15_seed1__h2_k1__r2__cadical,ER_60_p0.15_seed1,ER,2,1,cadical,2,60,261,FEASIBLE,18,31,31,18,18,118,,degree / distinct spaced labels,13,False,NA,30.00902828800099,False
ER_60_p0.15_seed1__h3_k2__r0__gurobi,ER_60_p0.15_seed1,ER,3,2,gurobi,0,60,261,FEASIBLE,35,64,64,35,35,177,,degree / distinct spaced labels,29,False,NA,30.031178704999547,False
ER_60_p0.15_seed1__h3_k2__r0__cadical,ER_60_p0.15_seed1,ER,3,2,cadical,0,60,261,FEASIBLE,35,64,64,35,35,177,,degree / distinct spaced labels,29,False,NA,30.054409090000263,False
ER_60_p0.15_seed1__h3_k2__r1__cadical,ER_60_p0.15_seed1,ER,3,2,cadical,1,60,261,FEASIBLE,35,64,64,35,35,177,,degree / distinct spaced labels,29,False,NA,30.02919517400005,False
ER_60_p0.15_seed1__h3_k2__r1__gurobi,ER_60_p0.15_seed1,ER,3,2,gurobi,1,60,261,FEASIBLE,35,64,64,35,35,177,,degree / distinct spaced labels,29,False,NA,30.029316136999114,False
ER_60_p0.15_seed1__h3_k2__r2__gurobi,ER_60_p0.15_seed1,ER,3,2,gurobi,2,60,261,FEASIBLE,35,64,64,35,35,177,,degree / distinct spaced labels,29,False,NA,30.021918865999396,False
ER_60_p0.15_seed1__h3_k2__r2__cadical,ER_60_p0.15_seed1,ER,3,2,cadical,2,60,261,FEASIBLE,35,64,64,35,35,177,,degree / distinct spaced labels,29,False,NA,30.015725007999208,False
ER_60_p0.15_seed2__h1_k1__r0__cadical,ER_60_p0.15_seed2,ER,1,1,cadical,0,60,251,FEASIBLE,14,25,25,14,14,59,,degree / distinct spaced labels,11,False,NA,30.00817621600072,False
ER_60_p0.15_seed2__h1_k1__r0__gurobi,ER_60_p0.15_seed2,ER,1,1,gurobi,0,60,251,FEASIBLE,14,25,25,14,14,59,,degree / distinct spaced labels,11,False,NA,30.009417773999303,False
ER_60_p0.15_seed2__h1_k1__r1__gurobi,ER_60_p0.15_seed2,ER,1,1,gurobi,1,60,251,FEASIBLE,14,25,25,14,14,59,,degree / distinct spaced labels,11,False,NA,30.00776342000063,False
ER_60_p0.15_seed2__h1_k1__r1__cadical,ER_60_p0.15_seed2,ER,1,1,cadical,1,60,251,FEASIBLE,14,25,25,14,14,59,,degree / distinct spaced labels,11,False,NA,30.00732444300047,False
ER_60_p0.15_seed2__h1_k1__r2__cadical,ER_60_p0.15_seed2,ER,1,1,cadical,2,60,251,FEASIBLE,14,25,25,14,14,59,,degree / distinct spaced labels,11,False,NA,30.009924259999025,False
ER_60_p0.15_seed2__h1_k1__r2__gurobi,ER_60_p0.15_seed2,ER,1,1,gurobi,2,60,251,FEASIBLE,14,25,25,14,14,59,,degree / distinct spaced labels,11,False,NA,30.0086453240001,False
ER_60_p0.15_seed2__h2_k1__r0__cadical,ER_60_p0.15_seed2,ER,2,1,cadical,0,60,251,FEASIBLE,15,28,28,15,15,118,,degree / distinct spaced labels,13,False,NA,30.00830862300063,False
ER_60_p0.15_seed2__h2_k1__r0__gurobi,ER_60_p0.15_seed2,ER,2,1,gurobi,0,60,251,FEASIBLE,15,28,28,15,15,118,,degree / distinct spaced labels,13,False,NA,30.01120876999994,False
ER_60_p0.15_seed2__h2_k1__r1__gurobi,ER_60_p0.15_seed2,ER,2,1,gurobi,1,60,251,FEASIBLE,15,28,28,15,15,118,,degree / distinct spaced labels,13,False,NA,30.009434936000616,False
ER_60_p0.15_seed2__h2_k1__r1__cadical,ER_60_p0.15_seed2,ER,2,1,cadical,1,60,251,FEASIBLE,15,28,28,15,15,118,,degree / distinct spaced labels,13,False,NA,30.00906314799977,False
ER_60_p0.15_seed2__h2_k1__r2__cadical,ER_60_p0.15_seed2,ER,2,1,cadical,2,60,251,FEASIBLE,15,28,28,15,15,118,,degree / distinct spaced labels,13,False,NA,30.00754022900037,False
ER_60_p0.15_seed2__h2_k1__r2__gurobi,ER_60_p0.15_seed2,ER,2,1,gurobi,2,60,251,FEASIBLE,15,28,28,15,15,118,,degree / distinct spaced labels,13,False,NA,30.00921662499968,False
ER_60_p0.15_seed2__h3_k2__r0__cadical,ER_60_p0.15_seed2,ER,3,2,cadical,0,60,251,FEASIBLE,29,63,63,29,29,177,,degree / distinct spaced labels,34,False,NA,30.016562159000387,False
ER_60_p0.15_seed2__h3_k2__r0__gurobi,ER_60_p0.15_seed2,ER,3,2,gurobi,0,60,251,FEASIBLE,29,63,63,29,29,177,,degree / distinct spaced labels,34,False,NA,30.02797379600088,False
ER_60_p0.15_seed2__h3_k2__r1__gurobi,ER_60_p0.15_seed2,ER,3,2,gurobi,1,60,251,FEASIBLE,29,63,63,29,29,177,,degree / distinct spaced labels,34,False,NA,30.02388040200094,False
ER_60_p0.15_seed2__h3_k2__r1__cadical,ER_60_p0.15_seed2,ER,3,2,cadical,1,60,251,FEASIBLE,29,63,63,29,29,177,,degree / distinct spaced labels,34,False,NA,30.012816337000913,False
ER_60_p0.15_seed2__h3_k2__r2__cadical,ER_60_p0.15_seed2,ER,3,2,cadical,2,60,251,FEASIBLE,29,63,63,29,29,177,,degree / distinct spaced labels,34,False,NA,30.013129328001014,False
ER_60_p0.15_seed2__h3_k2__r2__gurobi,ER_60_p0.15_seed2,ER,3,2,gurobi,2,60,251,FEASIBLE,29,63,63,29,29,177,,degree / distinct spaced labels,34,False,NA,30.01992033699935,False
ER_60_p0.30_seed0__h1_k1__r0__gurobi,ER_60_p0.30_seed0,ER,1,1,gurobi,0,60,510,OPT,55,55,55,24,24,59,,degree / distinct spaced labels,31,False,NA,2.270093115999771,True
ER_60_p0.30_seed0__h1_k1__r0__cadical,ER_60_p0.30_seed0,ER,1,1,cadical,0,60,510,FEASIBLE,24,56,56,24,24,59,,degree / distinct spaced labels,32,False,NA,30.01084584000091,False
ER_60_p0.30_seed0__h1_k1__r1__cadical,ER_60_p0.30_seed0,ER,1,1,cadical,1,60,510,FEASIBLE,24,56,56,24,24,59,,degree / distinct spaced labels,32,False,NA,30.0109234979991,False
ER_60_p0.30_seed0__h1_k1__r1__gurobi,ER_60_p0.30_seed0,ER,1,1,gurobi,1,60,510,OPT,55,55,55,24,24,59,,degree / distinct spaced labels,31,False,NA,2.0555630779999774,True
ER_60_p0.30_seed0__h1_k1__r2__gurobi,ER_60_p0.30_seed0,ER,1,1,gurobi,2,60,510,OPT,55,55,55,24,24,59,,degree / distinct spaced labels,31,False,NA,2.059687880000638,True
ER_60_p0.30_seed0__h1_k1__r2__cadical,ER_60_p0.30_seed0,ER,1,1,cadical,2,60,510,FEASIBLE,24,56,56,24,24,59,,degree / distinct spaced labels,32,False,NA,30.009857727000053,False
ER_60_p0.30_seed0__h2_k1__r0__gurobi,ER_60_p0.30_seed0,ER,2,1,gurobi,0,60,510,OPT,55,55,55,25,25,118,,degree / distinct spaced labels,30,False,NA,7.178899726999589,True
ER_60_p0.30_seed0__h2_k1__r0__cadical,ER_60_p0.30_seed0,ER,2,1,cadical,0,60,510,FEASIBLE,25,57,57,25,25,118,,degree / distinct spaced labels,32,False,NA,30.01361479499974,False
ER_60_p0.30_seed0__h2_k1__r1__cadical,ER_60_p0.30_seed0,ER,2,1,cadical,1,60,510,FEASIBLE,25,57,57,25,25,118,,degree / distinct spaced labels,32,False,NA,30.01825055399968,False
ER_60_p0.30_seed0__h2_k1__r1__gurobi,ER_60_p0.30_seed0,ER,2,1,gurobi,1,60,510,OPT,55,55,55,25,25,118,,degree / distinct spaced labels,30,False,NA,8.677658720000181,True
ER_60_p0.30_seed0__h2_k1__r2__gurobi,ER_60_p0.30_seed0,ER,2,1,gurobi,2,60,510,OPT,55,55,55,25,25,118,,degree / distinct spaced labels,30,False,NA,7.082268878999457,True
ER_60_p0.30_seed0__h2_k1__r2__cadical,ER_60_p0.30_seed0,ER,2,1,cadical,2,60,510,FEASIBLE,25,57,57,25,25,118,,degree / distinct spaced labels,32,False,NA,30.014482519000012,False
ER_60_p0.30_seed0__h3_k2__r0__gurobi,ER_60_p0.30_seed0,ER,3,2,gurobi,0,60,510,FEASIBLE,49,125,125,49,49,177,,degree / distinct spaced labels,76,False,NA,30.042653247999624,False
ER_60_p0.30_seed0__h3_k2__r0__cadical,ER_60_p0.30_seed0,ER,3,2,cadical,0,60,510,FEASIBLE,49,125,125,49,49,177,,degree / distinct spaced labels,76,False,NA,30.029761892999886,False
ER_60_p0.30_seed0__h3_k2__r1__cadical,ER_60_p0.30_seed0,ER,3,2,cadical,1,60,510,FEASIBLE,49,125,125,49,49,177,,degree / distinct spaced labels,76,False,NA,30.031603782001184,False
ER_60_p0.30_seed0__h3_k2__r1__gurobi,ER_60_p0.30_seed0,ER,3,2,gurobi,1,60,510,FEASIBLE,49,125,125,49,49,177,,degree / distinct spaced labels,76,False,NA,30.033390051001334,False
ER_60_p0.30_seed0__h3_k2__r2__gurobi,ER_60_p0.30_seed0,ER,3,2,gurobi,2,60,510,FEASIBLE,49,125,125,49,49,177,,degree / distinct spaced labels,76,False,NA,30.034609823998835,False
ER_60_p0.30_seed0__h3_k2__r2__cadical,ER_60_p0.30_seed0,ER,3,2,cadical,2,60,510,FEASIBLE,49,125,125,49,49,177,,degree / distinct spaced labels,76,False,NA,30.03070662400023,False
ER_60_p0.30_seed1__h1_k1__r0__cadical,ER_60_p0.30_seed1,ER,1,1,cadical,0,60,518,FEASIBLE,28,55,55,28,28,59,,degree / distinct spaced labels,27,False,NA,30.010044515000118,False
ER_60_p0.30_seed1__h1_k1__r0__gurobi,ER_60_p0.30_seed1,ER,1,1,gurobi,0,60,518,OPT,55,55,55,28,28,59,,degree / distinct spaced labels,27,False,NA,1.9431947480006784,True
ER_60_p0.30_seed1__h1_k1__r1__gurobi,ER_60_p0.30_seed1,ER,1,1,gurobi,1,60,518,OPT,55,55,55,28,28,59,,degree / distinct spaced labels,27,False,NA,1.6871230540000397,True
ER_60_p0.30_seed1__h1_k1__r1__cadical,ER_60_p0.30_seed1,ER,1,1,cadical,1,60,518,FEASIBLE,28,55,55,28,28,59,,degree / distinct spaced labels,27,False,NA,30.009519227000055,False
ER_60_p0.30_seed1__h1_k1__r2__cadical,ER_60_p0.30_seed1,ER,1,1,cadical,2,60,518,FEASIBLE,28,55,55,28,28,59,,degree / distinct spaced labels,27,False,NA,30.011258156000622,False
ER_60_p0.30_seed1__h1_k1__r2__gurobi,ER_60_p0.30_seed1,ER,1,1,gurobi,2,60,518,OPT,55,55,55,28,28,59,,degree / distinct spaced labels,27,False,NA,2.3735459909985366,True
ER_60_p0.30_seed1__h2_k1__r0__cadical,ER_60_p0.30_seed1,ER,2,1,cadical,0,60,518,FEASIBLE,29,58,58,29,29,118,,degree / distinct spaced labels,29,False,NA,30.012562500000058,False
ER_60_p0.30_seed1__h2_k1__r0__gurobi,ER_60_p0.30_seed1,ER,2,1,gurobi,0,60,518,OPT,55,55,55,29,29,118,,degree / distinct spaced labels,26,False,NA,10.977630812998541,True
ER_60_p0.30_seed1__h2_k1__r1__gurobi,ER_60_p0.30_seed1,ER,2,1,gurobi,1,60,518,OPT,55,55,55,29,29,118,,degree / distinct spaced labels,26,False,NA,11.193860999999742,True
ER_60_p0.30_seed1__h2_k1__r1__cadical,ER_60_p0.30_seed1,ER,2,1,cadical,1,60,518,FEASIBLE,29,58,58,29,29,118,,degree / distinct spaced labels,29,False,NA,30.012641126000744,False
ER_60_p0.30_seed1__h2_k1__r2__cadical,ER_60_p0.30_seed1,ER,2,1,cadical,2,60,518,FEASIBLE,29,58,58,29,29,118,,degree / distinct spaced labels,29,False,NA,30.011393390001103,False
ER_60_p0.30_seed1__h2_k1__r2__gurobi,ER_60_p0.30_seed1,ER,2,1,gurobi,2,60,518,OPT,55,55,55,29,29,118,,degree / distinct spaced labels,26,False,NA,10.91364842099938,True
ER_60_p0.30_seed1__h3_k2__r0__cadical,ER_60_p0.30_seed1,ER,3,2,cadical,0,60,518,FEASIBLE,57,131,131,57,57,177,,degree / distinct spaced labels,74,False,NA,30.037727906999862,False
ER_60_p0.30_seed1__h3_k2__r0__gurobi,ER_60_p0.30_seed1,ER,3,2,gurobi,0,60,518,FEASIBLE,57,131,131,57,57,177,,degree / distinct spaced labels,74,False,NA,30.03383300400128,False
ER_60_p0.30_seed1__h3_k2__r1__gurobi,ER_60_p0.30_seed1,ER,3,2,gurobi,1,60,518,FEASIBLE,57,131,131,57,57,177,,degree / distinct spaced labels,74,False,NA,30.033101767001426,False
ER_60_p0.30_seed1__h3_k2__r1__cadical,ER_60_p0.30_seed1,ER,3,2,cadical,1,60,518,FEASIBLE,57,131,131,57,57,177,,degree / distinct spaced labels,74,False,NA,30.03496105299928,False
ER_60_p0.30_seed1__h3_k2__r2__cadical,ER_60_p0.30_seed1,ER,3,2,cadical,2,60,518,FEASIBLE,57,131,131,57,57,177,,degree / distinct spaced labels,74,False,NA,30.028954393001186,False
ER_60_p0.30_seed1__h3_k2__r2__gurobi,ER_60_p0.30_seed1,ER,3,2,gurobi,2,60,518,FEASIBLE,57,131,131,57,57,177,,degree / distinct spaced labels,74,False,NA,30.032375673999923,False
ER_60_p0.30_seed2__h1_k1__r0__gurobi,ER_60_p0.30_seed2,ER,1,1,gurobi,0,60,519,OPT,56,56,56,24,24,59,,degree / distinct spaced labels,32,False,NA,1.9147683060000418,True
ER_60_p0.30_seed2__h1_k1__r0__cadical,ER_60_p0.30_seed2,ER,1,1,cadical,0,60,519,FEASIBLE,24,56,56,24,24,59,,degree / distinct spaced labels,32,False,NA,30.01014354200015,False
ER_60_p0.30_seed2__h1_k1__r1__cadical,ER_60_p0.30_seed2,ER,1,1,cadical,1,60,519,FEASIBLE,24,56,56,24,24,59,,degree / distinct spaced labels,32,False,NA,30.011468434000562,False
ER_60_p0.30_seed2__h1_k1__r1__gurobi,ER_60_p0.30_seed2,ER,1,1,gurobi,1,60,519,OPT,56,56,56,24,24,59,,degree / distinct spaced labels,32,False,NA,1.9256481810007244,True
ER_60_p0.30_seed2__h1_k1__r2__gurobi,ER_60_p0.30_seed2,ER,1,1,gurobi,2,60,519,OPT,56,56,56,24,24,59,,degree / distinct spaced labels,32,False,NA,1.778585447000296,True
ER_60_p0.30_seed2__h1_k1__r2__cadical,ER_60_p0.30_seed2,ER,1,1,cadical,2,60,519,FEASIBLE,24,56,56,24,24,59,,degree / distinct spaced labels,32,False,NA,30.01144021899927,False
ER_60_p0.30_seed2__h2_k1__r0__gurobi,ER_60_p0.30_seed2,ER,2,1,gurobi,0,60,519,OPT,56,56,56,25,25,118,,degree / distinct spaced labels,31,False,NA,15.650994603000072,True
ER_60_p0.30_seed2__h2_k1__r0__cadical,ER_60_p0.30_seed2,ER,2,1,cadical,0,60,519,FEASIBLE,25,57,57,25,25,118,,degree / distinct spaced labels,32,False,NA,30.012866126000517,False
ER_60_p0.30_seed2__h2_k1__r1__cadical,ER_60_p0.30_seed2,ER,2,1,cadical,1,60,519,FEASIBLE,25,57,57,25,25,118,,degree / distinct spaced labels,32,False,NA,30.012940074000653,False
ER_60_p0.30_seed2__h2_k1__r1__gurobi,ER_60_p0.30_seed2,ER,2,1,gurobi,1,60,519,OPT,56,56,56,25,25,118,,degree / distinct spaced labels,31,False,NA,16.214947885000583,True
ER_60_p0.30_seed2__h2_k1__r2__gurobi,ER_60_p0.30_seed2,ER,2,1,gurobi,2,60,519,OPT,56,56,56,25,25,118,,degree / distinct spaced labels,31,False,NA,15.61173205600062,True
ER_60_p0.30_seed2__h2_k1__r2__cadical,ER_60_p0.30_seed2,ER,2,1,cadical,2,60,519,FEASIBLE,25,57,57,25,25,118,,degree / distinct spaced labels,32,False,NA,30.013163719999284,False
ER_60_p0.30_seed2__h3_k2__r0__gurobi,ER_60_p0.30_seed2,ER,3,2,gurobi,0,60,519,FEASIBLE,49,132,132,49,49,177,,degree / distinct spaced labels,83,False,NA,30.044389458000296,False
ER_60_p0.30_seed2__h3_k2__r0__cadical,ER_60_p0.30_seed2,ER,3,2,cadical,0,60,519,FEASIBLE,49,132,132,49,49,177,,degree / distinct spaced labels,83,False,NA,30.033282058000623,False
ER_60_p0.30_seed2__h3_k2__r1__cadical,ER_60_p0.30_seed2,ER,3,2,cadical,1,60,519,FEASIBLE,49,132,132,49,49,177,,degree / distinct spaced labels,83,False,NA,30.03470592300073,False
ER_60_p0.30_seed2__h3_k2__r1__gurobi,ER_60_p0.30_seed2,ER,3,2,gurobi,1,60,519,FEASIBLE,49,132,132,49,49,177,,degree / distinct spaced labels,83,False,NA,30.0327798849994,False
ER_60_p0.30_seed2__h3_k2__r2__gurobi,ER_60_p0.30_seed2,ER,3,2,gurobi,2,60,519,FEASIBLE,49,132,132,49,49,177,,degree / distinct spaced labels,83,False,NA,30.032213726999544,False
ER_60_p0.30_seed2__h3_k2__r2__cadical,ER_60_p0.30_seed2,ER,3,2,cadical,2,60,519,FEASIBLE,49,132,132,49,49,177,,degree / distinct spaced labels,83,False,NA,30.03487602899986,False
BA_60_m2_seed0__h1_k1__r0__cadical,BA_60_m2_seed0,BA,1,1,cadical,0,60,116,OPT,19,19,19,19,19,59,,degree / distinct spaced labels,0,True,NA,0.2699743330013007,True
BA_60_m2_seed0__h1_k1__r0__gurobi,BA_60_m2_seed0,BA,1,1,gurobi,0,60,116,OPT,19,19,19,19,19,59,,degree / distinct spaced labels,0,True,NA,0.5483034219996625,True
BA_60_m2_seed0__h1_k1__r1__gurobi,BA_60_m2_seed0,BA,1,1,gurobi,1,60,116,OPT,19,19,19,19,19,59,,degree / distinct spaced labels,0,True,NA,0.5136747349988582,True
BA_60_m2_seed0__h1_k1__r1__cadical,BA_60_m2_seed0,BA,1,1,cadical,1,60,116,OPT,19,19,19,19,19,59,,degree / distinct spaced labels,0,True,NA,0.35037080500114826,True
BA_60_m2_seed0__h1_k1__r2__cadical,BA_60_m2_seed0,BA,1,1,cadical,2,60,116,OPT,19,19,19,19,19,59,,degree / distinct spaced labels,0,True,NA,0.2453065810004773,True
BA_60_m2_seed0__h1_k1__r2__gurobi,BA_60_m2_seed0,BA,1,1,gurobi,2,60,116,OPT,19,19,19,19,19,59,,degree / distinct spaced labels,0,True,NA,0.5045709109999734,True
BA_60_m2_seed0__h2_k1__r0__cadical,BA_60_m2_seed0,BA,2,1,cadical,0,60,116,OPT,20,20,20,20,20,118,,degree / distinct spaced labels,0,True,NA,0.3692912869992142,True
BA_60_m2_seed0__h2_k1__r0__gurobi,BA_60_m2_seed0,BA,2,1,gurobi,0,60,116,OPT,20,20,20,20,20,118,,degree / distinct spaced labels,0,True,NA,0.7919532530013385,True
BA_60_m2_seed0__h2_k1__r1__gurobi,BA_60_m2_seed0,BA,2,1,gurobi,1,60,116,OPT,20,20,20,20,20,118,,degree / distinct spaced labels,0,True,NA,0.7722307650001312,True
BA_60_m2_seed0__h2_k1__r1__cadical,BA_60_m2_seed0,BA,2,1,cadical,1,60,116,OPT,20,20,20,20,20,118,,degree / distinct spaced labels,0,True,NA,0.3701887669994903,True
BA_60_m2_seed0__h2_k1__r2__cadical,BA_60_m2_seed0,BA,2,1,cadical,2,60,116,OPT,20,20,20,20,20,118,,degree / distinct spaced labels,0,True,NA,0.3667545059997792,True
BA_60_m2_seed0__h2_k1__r2__gurobi,BA_60_m2_seed0,BA,2,1,gurobi,2,60,116,OPT,20,20,20,20,20,118,,degree / distinct spaced labels,0,True,NA,0.77506934199846,True
BA_60_m2_seed0__h3_k2__r0__cadical,BA_60_m2_seed0,BA,3,2,cadical,0,60,116,OPT,39,39,39,39,39,177,,degree / distinct spaced labels,0,True,NA,1.6914071399987733,True
BA_60_m2_seed0__h3_k2__r0__gurobi,BA_60_m2_seed0,BA,3,2,gurobi,0,60,116,OPT,39,39,39,39,39,177,,degree / distinct spaced labels,0,True,NA,3.6043750989992986,True
BA_60_m2_seed0__h3_k2__r1__gurobi,BA_60_m2_seed0,BA,3,2,gurobi,1,60,116,OPT,39,39,39,39,39,177,,degree / distinct spaced labels,0,True,NA,3.5774761930006207,True
BA_60_m2_seed0__h3_k2__r1__cadical,BA_60_m2_seed0,BA,3,2,cadical,1,60,116,OPT,39,39,39,39,39,177,,degree / distinct spaced labels,0,True,NA,1.5149261110000225,True
BA_60_m2_seed0__h3_k2__r2__cadical,BA_60_m2_seed0,BA,3,2,cadical,2,60,116,OPT,39,39,39,39,39,177,,degree / distinct spaced labels,0,True,NA,1.6609353069998178,True
BA_60_m2_seed0__h3_k2__r2__gurobi,BA_60_m2_seed0,BA,3,2,gurobi,2,60,116,OPT,39,39,39,39,39,177,,degree / distinct spaced labels,0,True,NA,3.5410127980012476,True
BA_60_m2_seed1__h1_k1__r0__gurobi,BA_60_m2_seed1,BA,1,1,gurobi,0,60,116,OPT,18,18,18,18,18,59,,degree / distinct spaced labels,0,True,NA,0.49841664799896535,True
BA_60_m2_seed1__h1_k1__r0__cadical,BA_60_m2_seed1,BA,1,1,cadical,0,60,116,OPT,18,18,18,18,18,59,,degree / distinct spaced labels,0,True,NA,0.2751369750003505,True
BA_60_m2_seed1__h1_k1__r1__cadical,BA_60_m2_seed1,BA,1,1,cadical,1,60,116,OPT,18,18,18,18,18,59,,degree / distinct spaced labels,0,True,NA,0.26569845899939537,True
BA_60_m2_seed1__h1_k1__r1__gurobi,BA_60_m2_seed1,BA,1,1,gurobi,1,60,116,OPT,18,18,18,18,18,59,,degree / distinct spaced labels,0,True,NA,0.6369377040009567,True
BA_60_m2_seed1__h1_k1__r2__gurobi,BA_60_m2_seed1,BA,1,1,gurobi,2,60,116,OPT,18,18,18,18,18,59,,degree / distinct spaced labels,0,True,NA,0.509325216000434,True
BA_60_m2_seed1__h1_k1__r2__cadical,BA_60_m2_seed1,BA,1,1,cadical,2,60,116,OPT,18,18,18,18,18,59,,degree / distinct spaced labels,0,True,NA,0.2581715380001697,True
BA_60_m2_seed1__h2_k1__r0__gurobi,BA_60_m2_seed1,BA,2,1,gurobi,0,60,116,OPT,19,19,19,19,19,118,,degree / distinct spaced labels,0,True,NA,0.7176361069996346,True
BA_60_m2_seed1__h2_k1__r0__cadical,BA_60_m2_seed1,BA,2,1,cadical,0,60,116,OPT,19,19,19,19,19,118,,degree / distinct spaced labels,0,True,NA,0.36372007399950235,True
BA_60_m2_seed1__h2_k1__r1__cadical,BA_60_m2_seed1,BA,2,1,cadical,1,60,116,OPT,19,19,19,19,19,118,,degree / distinct spaced labels,0,True,NA,0.3562157129999832,True
BA_60_m2_seed1__h2_k1__r1__gurobi,BA_60_m2_seed1,BA,2,1,gurobi,1,60,116,OPT,19,19,19,19,19,118,,degree / distinct spaced labels,0,True,NA,0.735429998001564,True
BA_60_m2_seed1__h2_k1__r2__gurobi,BA_60_m2_seed1,BA,2,1,gurobi,2,60,116,OPT,19,19,19,19,19,118,,degree / distinct spaced labels,0,True,NA,0.7335824339988903,True
BA_60_m2_seed1__h2_k1__r2__cadical,BA_60_m2_seed1,BA,2,1,cadical,2,60,116,OPT,19,19,19,19,19,118,,degree / distinct spaced labels,0,True,NA,0.3557327670005179,True
BA_60_m2_seed1__h3_k2__r0__gurobi,BA_60_m2_seed1,BA,3,2,gurobi,0,60,116,OPT,37,37,37,37,37,177,,degree / distinct spaced labels,0,True,NA,4.369029604999014,True
BA_60_m2_seed1__h3_k2__r0__cadical,BA_60_m2_seed1,BA,3,2,cadical,0,60,116,OPT,37,37,37,37,37,177,,degree / distinct spaced labels,0,True,NA,2.214235461999124,True
BA_60_m2_seed1__h3_k2__r1__cadical,BA_60_m2_seed1,BA,3,2,cadical,1,60,116,OPT,37,37,37,37,37,177,,degree / distinct spaced labels,0,True,NA,2.174827954000648,True
BA_60_m2_seed1__h3_k2__r1__gurobi,BA_60_m2_seed1,BA,3,2,gurobi,1,60,116,OPT,37,37,37,37,37,177,,degree / distinct spaced labels,0,True,NA,4.439172847000009,True
BA_60_m2_seed1__h3_k2__r2__gurobi,BA_60_m2_seed1,BA,3,2,gurobi,2,60,116,OPT,37,37,37,37,37,177,,degree / distinct spaced labels,0,True,NA,4.2282861990006495,True
BA_60_m2_seed1__h3_k2__r2__cadical,BA_60_m2_seed1,BA,3,2,cadical,2,60,116,OPT,37,37,37,37,37,177,,degree / distinct spaced labels,0,True,NA,2.171291657999973,True
BA_60_m2_seed2__h1_k1__r0__cadical,BA_60_m2_seed2,BA,1,1,cadical,0,60,116,OPT,20,20,20,20,20,59,,degree / distinct spaced labels,0,True,NA,0.2554408889991464,True
BA_60_m2_seed2__h1_k1__r0__gurobi,BA_60_m2_seed2,BA,1,1,gurobi,0,60,116,OPT,20,20,20,20,20,59,,degree / distinct spaced labels,0,True,NA,0.5354607059998671,True
BA_60_m2_seed2__h1_k1__r1__gurobi,BA_60_m2_seed2,BA,1,1,gurobi,1,60,116,OPT,20,20,20,20,20,59,,degree / distinct spaced labels,0,True,NA,0.5419032810004865,True
BA_60_m2_seed2__h1_k1__r1__cadical,BA_60_m2_seed2,BA,1,1,cadical,1,60,116,OPT,20,20,20,20,20,59,,degree / distinct spaced labels,0,True,NA,0.3441766550004104,True
BA_60_m2_seed2__h1_k1__r2__cadical,BA_60_m2_seed2,BA,1,1,cadical,2,60,116,OPT,20,20,20,20,20,59,,degree / distinct spaced labels,0,True,NA,0.26544264599942835,True
BA_60_m2_seed2__h1_k1__r2__gurobi,BA_60_m2_seed2,BA,1,1,gurobi,2,60,116,OPT,20,20,20,20,20,59,,degree / distinct spaced labels,0,True,NA,0.5431249079992995,True
BA_60_m2_seed2__h2_k1__r0__cadical,BA_60_m2_seed2,BA,2,1,cadical,0,60,116,OPT,21,21,21,21,21,118,,degree / distinct spaced labels,0,True,NA,0.38138395699934335,True
BA_60_m2_seed2__h2_k1__r0__gurobi,BA_60_m2_seed2,BA,2,1,gurobi,0,60,116,OPT,21,21,21,21,21,118,,degree / distinct spaced labels,0,True,NA,0.8172616520005249,True
BA_60_m2_seed2__h2_k1__r1__gurobi,BA_60_m2_seed2,BA,2,1,gurobi,1,60,116,OPT,21,21,21,21,21,118,,degree / distinct spaced labels,0,True,NA,0.8194933159993525,True
BA_60_m2_seed2__h2_k1__r1__cadical,BA_60_m2_seed2,BA,2,1,cadical,1,60,116,OPT,21,21,21,21,21,118,,degree / distinct spaced labels,0,True,NA,0.41579578399978345,True
BA_60_m2_seed2__h2_k1__r2__cadical,BA_60_m2_seed2,BA,2,1,cadical,2,60,116,OPT,21,21,21,21,21,118,,degree / distinct spaced labels,0,True,NA,0.3665030550000665,True
BA_60_m2_seed2__h2_k1__r2__gurobi,BA_60_m2_seed2,BA,2,1,gurobi,2,60,116,OPT,21,21,21,21,21,118,,degree / distinct spaced labels,0,True,NA,0.8099885589999758,True
BA_60_m2_seed2__h3_k2__r0__cadical,BA_60_m2_seed2,BA,3,2,cadical,0,60,116,OPT,41,41,41,41,41,177,,degree / distinct spaced labels,0,True,NA,2.473630165000941,True
BA_60_m2_seed2__h3_k2__r0__gurobi,BA_60_m2_seed2,BA,3,2,gurobi,0,60,116,OPT,41,41,41,41,41,177,,degree / distinct spaced labels,0,True,NA,6.309576352001386,True
BA_60_m2_seed2__h3_k2__r1__gurobi,BA_60_m2_seed2,BA,3,2,gurobi,1,60,116,OPT,41,41,41,41,41,177,,degree / distinct spaced labels,0,True,NA,6.680936814000233,True
BA_60_m2_seed2__h3_k2__r1__cadical,BA_60_m2_seed2,BA,3,2,cadical,1,60,116,OPT,41,41,41,41,41,177,,degree / distinct spaced labels,0,True,NA,2.38510853599837,True
BA_60_m2_seed2__h3_k2__r2__cadical,BA_60_m2_seed2,BA,3,2,cadical,2,60,116,OPT,41,41,41,41,41,177,,degree / distinct spaced labels,0,True,NA,2.348577934999412,True
BA_60_m2_seed2__h3_k2__r2__gurobi,BA_60_m2_seed2,BA,3,2,gurobi,2,60,116,OPT,41,41,41,41,41,177,,degree / distinct spaced labels,0,True,NA,6.42951772699962,True
